postal_code,locality,municipality_code,municipality_name,county_code,county_name
62466,Fårö,,,05,"Gotlands län"
62467,Fårö,,,05,"Gotlands län"
74950,Ekolsund,,,21,"Uppsala län"
73494,Strömsholm,,,25,"Västmanlands län"
13220,Saltsjö-boo,,,26,"Stockholms län"
19040,Stockholm-Arlanda,,,26,"Stockholms län"
19045,Stockholm-Arlanda,,,26,"Stockholms län"
19046,Stockholm-Arlanda,,,26,"Stockholms län"
19047,Stockholm-Arlanda,,,26,"Stockholms län"
19050,Stockholm-Arlanda,,,26,"Stockholms län"
19060,Stockholm-Arlanda,,,26,"Stockholms län"
19090,Stockholm-Arlanda,,,26,"Stockholms län"
19587,Stockholm,,,26,"Stockholms län"
21845,Vintrie,,,27,"Skåne län"
23040,Bara,,,27,"Skåne län"
23041,Klågerup,,,27,"Skåne län"
23053,Alnarp,,,27,"Skåne län"
23302,Bara,,,27,"Skåne län"
23361,Bara,,,27,"Skåne län"
23362,Bara,,,27,"Skåne län"
23363,Bara,,,27,"Skåne län"
23364,Bara,,,27,"Skåne län"
23365,Bara,,,27,"Skåne län"
23375,Klagerup,,,27,"Skåne län"
23376,Klågerup,,,27,"Skåne län"
23456,Alnarp,,,27,"Skåne län"
26172,Häljarp,,,27,"Skåne län"
26173,Häljarp,,,27,"Skåne län"
26620,Munka-ljungby,,,27,"Skåne län"
42720,Billdal,,,28,"Västra Götalands län"
42724,Billdal,,,28,"Västra Götalands län"
18600,Vallentuna,,,,"Stockholms län"
18601,Vallentuna,,,,"Stockholms län"
18603,Brottby,,,,"Stockholms län"
18621,Vallentuna,,,,"Stockholms län"
18622,Vallentuna,,,,"Stockholms län"
18623,Vallentuna,,,,"Stockholms län"
18624,Vallentuna,,,,"Stockholms län"
18625,Vallentuna,,,,"Stockholms län"
18626,Vallentuna,,,,"Stockholms län"
18630,Vallentuna,,,,"Stockholms län"
18631,Vallentuna,,,,"Stockholms län"
18632,Vallentuna,,,,"Stockholms län"
18633,Vallentuna,,,,"Stockholms län"
18634,Vallentuna,,,,"Stockholms län"
18635,Vallentuna,,,,"Stockholms län"
18636,Vallentuna,,,,"Stockholms län"
18637,Vallentuna,,,,"Stockholms län"
18638,Vallentuna,,,,"Stockholms län"
18639,Vallentuna,,,,"Stockholms län"
18640,Vallentuna,,,,"Stockholms län"
18641,Vallentuna,,,,"Stockholms län"
18642,Vallentuna,,,,"Stockholms län"
18643,Vallentuna,,,,"Stockholms län"
18644,Vallentuna,,,,"Stockholms län"
18645,Vallentuna,,,,"Stockholms län"
18646,Vallentuna,,,,"Stockholms län"
18648,Vallentuna,,,,"Stockholms län"
18649,Vallentuna,,,,"Stockholms län"
18650,Vallentuna,,,,"Stockholms län"
18651,Vallentuna,,,,"Stockholms län"
18652,Vallentuna,,,,"Stockholms län"
18653,Vallentuna,,,,"Stockholms län"
18654,Vallentuna,,,,"Stockholms län"
18655,Vallentuna,,,,"Stockholms län"
18660,Vallentuna,,,,"Stockholms län"
18670,Brottby,,,,"Stockholms län"
18686,Vallentuna,,,,"Stockholms län"
18691,Vallentuna,,,,"Stockholms län"
18692,Vallentuna,,,,"Stockholms län"
18693,Vallentuna,,,,"Stockholms län"
18694,Vallentuna,,,,"Stockholms län"
18695,Vallentuna,,,,"Stockholms län"
18696,Vallentuna,,,,"Stockholms län"
18697,Brottby,,,,"Stockholms län"
13025,Ingmarsö,,,,"Stockholms län"
18400,Åkersberga,,,,"Stockholms län"
18403,Ljusterö,,,,"Stockholms län"
18410,Åkersberga,,,,"Stockholms län"
18421,Åkersberga,,,,"Stockholms län"
18422,Åkersberga,,,,"Stockholms län"
18423,Åkersberga,,,,"Stockholms län"
18424,Åkersberga,,,,"Stockholms län"
18425,Åkersberga,,,,"Stockholms län"
18426,Åkersberga,,,,"Stockholms län"
18427,Åkersberga,,,,"Stockholms län"
18428,Åkersberga,,,,"Stockholms län"
18430,Åkersberga,,,,"Stockholms län"
18431,Åkersberga,,,,"Stockholms län"
18432,Åkersberga,,,,"Stockholms län"
18433,Åkersberga,,,,"Stockholms län"
18434,Åkersberga,,,,"Stockholms län"
18435,Åkersberga,,,,"Stockholms län"
18436,Åkersberga,,,,"Stockholms län"
18437,Åkersberga,,,,"Stockholms län"
18438,Åkersberga,,,,"Stockholms län"
18439,Åkersberga,,,,"Stockholms län"
18440,Åkersberga,,,,"Stockholms län"
18441,Åkersberga,,,,"Stockholms län"
18442,Åkersberga,,,,"Stockholms län"
18443,Åkersberga,,,,"Stockholms län"
18444,Åkersberga,,,,"Stockholms län"
18450,Åkersberga,,,,"Stockholms län"
18451,Österskär,,,,"Stockholms län"
18452,Österskär,,,,"Stockholms län"
18453,Åkersberga,,,,"Stockholms län"
18460,Åkersberga,,,,"Stockholms län"
18461,Åkersberga,,,,"Stockholms län"
18462,Åkersberga,,,,"Stockholms län"
18463,Åkersberga,,,,"Stockholms län"
18464,Åkersberga,,,,"Stockholms län"
18470,Åkersberga,,,,"Stockholms län"
18480,Åkersberga,,,,"Stockholms län"
18485,Åkersberga,,,,"Stockholms län"
18486,Åkersberga,,,,"Stockholms län"
18491,Åkersberga,,,,"Stockholms län"
18492,Åkersberga,,,,"Stockholms län"
18493,Åkersberga,,,,"Stockholms län"
18494,Åkersberga,,,,"Stockholms län"
18495,Ljusterö,,,,"Stockholms län"
18496,Åkersberga,,,,"Stockholms län"
18497,Ljusterö,,,,"Stockholms län"
18499,Husarö,,,,"Stockholms län"
13033,Gällnöby,,,,"Stockholms län"
13034,Skälvik,,,,"Stockholms län"
13036,Nämdö,,,,"Stockholms län"
13037,Stavsnäs,,,,"Stockholms län"
13038,Runmarö,,,,"Stockholms län"
13039,Sandhamn,,,,"Stockholms län"
13040,Djurhamn,,,,"Stockholms län"
13041,"Sollenkroka Ö",,,,"Stockholms län"
13042,Stavsudda,,,,"Stockholms län"
13043,Möja,,,,"Stockholms län"
13044,Harö,,,,"Stockholms län"
13045,Gränö,,,,"Stockholms län"
13400,Gustavsberg,,,,"Stockholms län"
13401,Gustavsberg,,,,"Stockholms län"
13406,Ingarö,,,,"Stockholms län"
13407,Ingarö,,,,"Stockholms län"
13408,Ingarö,,,,"Stockholms län"
13421,Gustavsberg,,,,"Stockholms län"
13422,Gustavsberg,,,,"Stockholms län"
13423,Gustavsberg,,,,"Stockholms län"
13424,Gustavsberg,,,,"Stockholms län"
13425,Gustavsberg,,,,"Stockholms län"
13426,Gustavsberg,,,,"Stockholms län"
13427,Gustavsberg,,,,"Stockholms län"
13428,Gustavsberg,,,,"Stockholms län"
13429,Gustavsberg,,,,"Stockholms län"
13430,Gustavsberg,,,,"Stockholms län"
13431,Gustavsberg,,,,"Stockholms län"
13433,Gustavsberg,,,,"Stockholms län"
13434,Gustavsberg,,,,"Stockholms län"
13435,Gustavsberg,,,,"Stockholms län"
13436,Gustavsberg,,,,"Stockholms län"
13437,Gustavsberg,,,,"Stockholms län"
13438,Gustavsberg,,,,"Stockholms län"
13440,Gustavsberg,,,,"Stockholms län"
13441,Gustavsberg,,,,"Stockholms län"
13442,Gustavsberg,,,,"Stockholms län"
13443,Gustavsberg,,,,"Stockholms län"
13444,Gustavsberg,,,,"Stockholms län"
13450,Gustavsberg,,,,"Stockholms län"
13451,Gustavsberg,,,,"Stockholms län"
13452,Gustavsberg,,,,"Stockholms län"
13453,Gustavsberg,,,,"Stockholms län"
13460,Ingarö,,,,"Stockholms län"
13461,Ingarö,,,,"Stockholms län"
13462,Ingarö,,,,"Stockholms län"
13463,Ingarö,,,,"Stockholms län"
13464,Ingarö,,,,"Stockholms län"
13465,Ingarö,,,,"Stockholms län"
13466,Ingarö,,,,"Stockholms län"
13467,Ingarö,,,,"Stockholms län"
13469,Ingarö,,,,"Stockholms län"
13481,Gustavsberg,,,,"Stockholms län"
13482,Gustavsberg,,,,"Stockholms län"
13492,Tynningö,,,,"Stockholms län"
13901,Värmdö,,,,"Stockholms län"
13902,Djurhamn,,,,"Stockholms län"
13903,Stavsnäs,,,,"Stockholms län"
13921,Värmdö,,,,"Stockholms län"
13922,Värmdö,,,,"Stockholms län"
13923,Värmdö,,,,"Stockholms län"
13924,Värmdö,,,,"Stockholms län"
13930,Värmdö,,,,"Stockholms län"
13932,Värmdö,,,,"Stockholms län"
13933,Värmdö,,,,"Stockholms län"
13934,Värmdö,,,,"Stockholms län"
13935,Värmdö,,,,"Stockholms län"
13936,Värmdö,,,,"Stockholms län"
13940,Värmdö,,,,"Stockholms län"
13941,Värmdö,,,,"Stockholms län"
13950,Värmdö,,,,"Stockholms län"
13951,Värmdö,,,,"Stockholms län"
13952,Värmdö,,,,"Stockholms län"
13953,Värmdö,,,,"Stockholms län"
13954,Värmdö,,,,"Stockholms län"
13955,Värmdö,,,,"Stockholms län"
13956,Värmdö,,,,"Stockholms län"
13960,Värmdö,,,,"Stockholms län"
13970,Stavsnäs,,,,"Stockholms län"
13971,Stavsnäs,,,,"Stockholms län"
13972,Djurhamn,,,,"Stockholms län"
13973,Djurhamn,,,,"Stockholms län"
13974,Djurhamn,,,,"Stockholms län"
13975,Djurhamn,,,,"Stockholms län"
13990,Värmdö,,,,"Stockholms län"
17500,Järfälla,,,,"Stockholms län"
17504,Järfälla,,,,"Stockholms län"
17506,Järfälla,,,,"Stockholms län"
17508,Järfälla,,,,"Stockholms län"
17514,Järfälla,,,,"Stockholms län"
17515,Järfälla,,,,"Stockholms län"
17516,Järfälla,,,,"Stockholms län"
17517,Järfälla,,,,"Stockholms län"
17518,Järfälla,,,,"Stockholms län"
17519,Järfälla,,,,"Stockholms län"
17526,Järfälla,,,,"Stockholms län"
17527,Järfälla,,,,"Stockholms län"
17529,Järfälla,,,,"Stockholms län"
17541,Järfälla,,,,"Stockholms län"
17543,Järfälla,,,,"Stockholms län"
17544,Järfälla,,,,"Stockholms län"
17545,Järfälla,,,,"Stockholms län"
17546,Järfälla,,,,"Stockholms län"
17547,Järfälla,,,,"Stockholms län"
17548,Järfälla,,,,"Stockholms län"
17549,Järfälla,,,,"Stockholms län"
17550,Järfälla,,,,"Stockholms län"
17551,Järfälla,,,,"Stockholms län"
17552,Järfälla,,,,"Stockholms län"
17553,Järfälla,,,,"Stockholms län"
17554,Järfälla,,,,"Stockholms län"
17555,Järfälla,,,,"Stockholms län"
17556,Järfälla,,,,"Stockholms län"
17557,Järfälla,,,,"Stockholms län"
17560,Järfälla,,,,"Stockholms län"
17561,Järfälla,,,,"Stockholms län"
17562,Järfälla,,,,"Stockholms län"
17563,Järfälla,,,,"Stockholms län"
17564,Järfälla,,,,"Stockholms län"
17565,Järfälla,,,,"Stockholms län"
17566,Järfälla,,,,"Stockholms län"
17567,Järfälla,,,,"Stockholms län"
17568,Järfälla,,,,"Stockholms län"
17569,Järfälla,,,,"Stockholms län"
17579,Järfälla,,,,"Stockholms län"
17580,Järfälla,,,,"Stockholms län"
17581,Järfälla,,,,"Stockholms län"
17584,Järfälla,,,,"Stockholms län"
17588,Järfälla,,,,"Stockholms län"
17589,Järfälla,,,,"Stockholms län"
17600,Järfälla,,,,"Stockholms län"
17602,Järfälla,,,,"Stockholms län"
17627,Järfälla,,,,"Stockholms län"
17668,Järfälla,,,,"Stockholms län"
17669,Järfälla,,,,"Stockholms län"
17670,Järfälla,,,,"Stockholms län"
17671,Järfälla,,,,"Stockholms län"
17672,Järfälla,,,,"Stockholms län"
17673,Järfälla,,,,"Stockholms län"
17674,Järfälla,,,,"Stockholms län"
17675,Järfälla,,,,"Stockholms län"
17676,Järfälla,,,,"Stockholms län"
17677,Järfälla,,,,"Stockholms län"
17680,Järfälla,,,,"Stockholms län"
17710,Järfälla,,,,"Stockholms län"
17721,Järfälla,,,,"Stockholms län"
17722,Järfälla,,,,"Stockholms län"
17723,Järfälla,,,,"Stockholms län"
17724,Järfälla,,,,"Stockholms län"
17725,Järfälla,,,,"Stockholms län"
17728,Järfälla,,,,"Stockholms län"
17730,Järfälla,,,,"Stockholms län"
17731,Järfälla,,,,"Stockholms län"
17732,Järfälla,,,,"Stockholms län"
17733,Järfälla,,,,"Stockholms län"
17734,Järfälla,,,,"Stockholms län"
17735,Järfälla,,,,"Stockholms län"
17736,Järfälla,,,,"Stockholms län"
17737,Järfälla,,,,"Stockholms län"
17738,Järfälla,,,,"Stockholms län"
17739,Järfälla,,,,"Stockholms län"
17740,Järfälla,,,,"Stockholms län"
17741,Järfälla,,,,"Stockholms län"
17742,Järfälla,,,,"Stockholms län"
17743,Järfälla,,,,"Stockholms län"
17744,Järfälla,,,,"Stockholms län"
17745,Järfalla,,,,"Stockholms län"
17747,Järfälla,,,,"Stockholms län"
17750,Järfälla,,,,"Stockholms län"
17751,Järfälla,,,,"Stockholms län"
17752,Järfälla,,,,"Stockholms län"
17753,Järfälla,,,,"Stockholms län"
17754,Järfälla,,,,"Stockholms län"
17755,Järfälla,,,,"Stockholms län"
17756,Järfälla,,,,"Stockholms län"
17757,Järfälla,,,,"Stockholms län"
17758,Järfälla,,,,"Stockholms län"
17759,Järfälla,,,,"Stockholms län"
17760,Järfälla,,,,"Stockholms län"
17761,Järfälla,,,,"Stockholms län"
17762,Järfälla,,,,"Stockholms län"
17763,Järfälla,,,,"Stockholms län"
17764,Järfälla,,,,"Stockholms län"
17765,Järfälla,,,,"Stockholms län"
17770,Järfälla,,,,"Stockholms län"
17771,Järfälla,,,,"Stockholms län"
17780,Järfälla,,,,"Stockholms län"
17781,Järfälla,,,,"Stockholms län"
17800,Ekerö,,,,"Stockholms län"
17802,Drottningholm,,,,"Stockholms län"
17821,Ekerö,,,,"Stockholms län"
17822,Ekerö,,,,"Stockholms län"
17823,Ekerö,,,,"Stockholms län"
17824,Ekerö,,,,"Stockholms län"
17830,Ekerö,,,,"Stockholms län"
17831,Ekerö,,,,"Stockholms län"
17832,Ekerö,,,,"Stockholms län"
17833,Ekerö,,,,"Stockholms län"
17834,Ekerö,,,,"Stockholms län"
17835,Ekerö,,,,"Stockholms län"
17836,Ekerö,,,,"Stockholms län"
17837,Ekerö,,,,"Stockholms län"
17838,Ekerö,,,,"Stockholms län"
17839,Ekerö,,,,"Stockholms län"
17840,Ekerö,,,,"Stockholms län"
17841,Ekerö,,,,"Stockholms län"
17851,Ekerö,,,,"Stockholms län"
17852,Ekerö,,,,"Stockholms län"
17853,Ekerö,,,,"Stockholms län"
17854,Ekerö,,,,"Stockholms län"
17890,Ekerö,,,,"Stockholms län"
17891,Munsö,,,,"Stockholms län"
17892,Adelsö,,,,"Stockholms län"
17893,Drottningholm,,,,"Stockholms län"
17903,Stenhamra,,,,"Stockholms län"
17904,Färentuna,,,,"Stockholms län"
17905,Svartsjö,,,,"Stockholms län"
17960,Stenhamra,,,,"Stockholms län"
17961,Stenhamra,,,,"Stockholms län"
17962,Stenhamra,,,,"Stockholms län"
17963,Stenhamra,,,,"Stockholms län"
17965,Stenhamra,,,,"Stockholms län"
17975,Skå,,,,"Stockholms län"
17995,Svartsjö,,,,"Stockholms län"
17996,Svartsjö,,,,"Stockholms län"
17997,Färentuna,,,,"Stockholms län"
17998,Färentuna,,,,"Stockholms län"
12755,Skärholmen,,,,"Stockholms län"
12784,Skärholmen,,,,"Stockholms län"
14100,Huddinge,,,,"Stockholms län"
14101,Huddinge,,,,"Stockholms län"
14102,Huddinge,,,,"Stockholms län"
14104,Huddinge,,,,"Stockholms län"
14105,Huddinge,,,,"Stockholms län"
14106,"Kungens Kurva",,,,"Stockholms län"
14107,Huddinge,,,,"Stockholms län"
14108,"Kungens Kurva",,,,"Stockholms län"
14109,Huddinge,,,,"Stockholms län"
14112,Huddinge,,,,"Stockholms län"
14116,Segeltorp,,,,"Stockholms län"
14117,Segeltorp,,,,"Stockholms län"
14118,Huddinge,,,,"Stockholms län"
14119,Segeltorp,,,,"Stockholms län"
14121,Huddinge,,,,"Stockholms län"
14122,Huddinge,,,,"Stockholms län"
14123,Huddinge,,,,"Stockholms län"
14124,Huddinge,,,,"Stockholms län"
14125,Huddinge,,,,"Stockholms län"
14126,Huddinge,,,,"Stockholms län"
14127,Huddinge,,,,"Stockholms län"
14128,Huddinge,,,,"Stockholms län"
14130,Huddinge,,,,"Stockholms län"
14131,Huddinge,,,,"Stockholms län"
14132,Huddinge,,,,"Stockholms län"
14133,Huddinge,,,,"Stockholms län"
14134,Huddinge,,,,"Stockholms län"
14135,Huddinge,,,,"Stockholms län"
14136,Huddinge,,,,"Stockholms län"
14137,Huddinge,,,,"Stockholms län"
14138,Huddinge,,,,"Stockholms län"
14139,Huddinge,,,,"Stockholms län"
14140,Huddinge,,,,"Stockholms län"
14141,Huddinge,,,,"Stockholms län"
14142,Huddinge,,,,"Stockholms län"
14143,Huddinge,,,,"Stockholms län"
14144,Huddinge,,,,"Stockholms län"
14145,Huddinge,,,,"Stockholms län"
14146,Huddinge,,,,"Stockholms län"
14147,Huddinge,,,,"Stockholms län"
14148,Huddinge,,,,"Stockholms län"
14149,Huddinge,,,,"Stockholms län"
14150,Huddinge,,,,"Stockholms län"
14151,Huddinge,,,,"Stockholms län"
14152,Huddinge,,,,"Stockholms län"
14153,Huddinge,,,,"Stockholms län"
14154,Huddinge,,,,"Stockholms län"
14155,Huddinge,,,,"Stockholms län"
14156,Huddinge,,,,"Stockholms län"
14157,Huddinge,,,,"Stockholms län"
14158,Huddinge,,,,"Stockholms län"
14159,Huddinge,,,,"Stockholms län"
14160,Huddinge,,,,"Stockholms län"
14161,Huddinge,,,,"Stockholms län"
14162,Huddinge,,,,"Stockholms län"
14163,Huddinge,,,,"Stockholms län"
14168,Huddinge,,,,"Stockholms län"
14169,Huddinge,,,,"Stockholms län"
14170,Segeltorp,,,,"Stockholms län"
14171,Segeltorp,,,,"Stockholms län"
14172,Segeltorp,,,,"Stockholms län"
14173,Segeltorp,,,,"Stockholms län"
14174,Segeltorp,,,,"Stockholms län"
14175,"Kungens Kurva",,,,"Stockholms län"
14181,Huddinge,,,,"Stockholms län"
14183,Huddinge,,,,"Stockholms län"
14184,Huddinge,,,,"Stockholms län"
14185,Huddinge,,,,"Stockholms län"
14187,Huddinge,,,,"Stockholms län"
14188,Huddinge,,,,"Stockholms län"
14189,Huddinge,,,,"Stockholms län"
14191,Huddinge,,,,"Stockholms län"
14192,Huddinge,,,,"Stockholms län"
14200,Skogås,,,,"Stockholms län"
14202,Trångsund,,,,"Stockholms län"
14221,Skogås,,,,"Stockholms län"
14222,Skogås,,,,"Stockholms län"
14225,Skogås,,,,"Stockholms län"
14229,Trångsund,,,,"Stockholms län"
14230,Skogås,,,,"Stockholms län"
14231,Skogås,,,,"Stockholms län"
14232,Skogås,,,,"Stockholms län"
14233,Skogås,,,,"Stockholms län"
14234,Skogås,,,,"Stockholms län"
14235,Skogås,,,,"Stockholms län"
14240,Skogås,,,,"Stockholms län"
14241,Skogås,,,,"Stockholms län"
14242,Skogås,,,,"Stockholms län"
14243,Skogås,,,,"Stockholms län"
14250,Skogås,,,,"Stockholms län"
14251,Skogås,,,,"Stockholms län"
14252,Skogås,,,,"Stockholms län"
14253,Skogås,,,,"Stockholms län"
14260,Trångsund,,,,"Stockholms län"
14261,Trångsund,,,,"Stockholms län"
14262,Trångsund,,,,"Stockholms län"
14263,Trångsund,,,,"Stockholms län"
14264,Trångsund,,,,"Stockholms län"
14265,Trångsund,,,,"Stockholms län"
14266,Trångsund,,,,"Stockholms län"
14281,Skogås,,,,"Stockholms län"
14282,Trångsund,,,,"Stockholms län"
14291,Skogås,,,,"Stockholms län"
14300,Vårby,,,,"Stockholms län"
14301,Vårby,,,,"Stockholms län"
14303,Vårby,,,,"Stockholms län"
14330,Vårby,,,,"Stockholms län"
14331,Vårby,,,,"Stockholms län"
14332,Vårby,,,,"Stockholms län"
14335,Vårby,,,,"Stockholms län"
14340,Vårby,,,,"Stockholms län"
14341,Vårby,,,,"Stockholms län"
14342,Vårby,,,,"Stockholms län"
14343,Vårby,,,,"Stockholms län"
14344,Vårby,,,,"Stockholms län"
14345,Vårby,,,,"Stockholms län"
14347,Vårby,,,,"Stockholms län"
14500,Norsborg,,,,"Stockholms län"
14501,Norsborg,,,,"Stockholms län"
14502,Norsborg,,,,"Stockholms län"
14503,Norsborg,,,,"Stockholms län"
14504,Norsborg,,,,"Stockholms län"
14505,Norsborg,,,,"Stockholms län"
14550,Norsborg,,,,"Stockholms län"
14551,Norsborg,,,,"Stockholms län"
14552,Norsborg,,,,"Stockholms län"
14553,Norsborg,,,,"Stockholms län"
14556,Norsborg,,,,"Stockholms län"
14557,Norsborg,,,,"Stockholms län"
14558,Norsborg,,,,"Stockholms län"
14559,Norsborg,,,,"Stockholms län"
14560,Norsborg,,,,"Stockholms län"
14563,Norsborg,,,,"Stockholms län"
14564,Norsborg,,,,"Stockholms län"
14565,Norsborg,,,,"Stockholms län"
14567,Norsborg,,,,"Stockholms län"
14568,Norsborg,,,,"Stockholms län"
14569,Norsborg,,,,"Stockholms län"
14570,Norsborg,,,,"Stockholms län"
14571,Norsborg,,,,"Stockholms län"
14572,Norsborg,,,,"Stockholms län"
14573,Norsborg,,,,"Stockholms län"
14574,Norsborg,,,,"Stockholms län"
14575,Norsborg,,,,"Stockholms län"
14576,Norsborg,,,,"Stockholms län"
14581,Norsborg,,,,"Stockholms län"
14583,Norsborg,,,,"Stockholms län"
14588,Norsborg,,,,"Stockholms län"
14590,Norsborg,,,,"Stockholms län"
14600,Tullinge,,,,"Stockholms län"
14621,Tullinge,,,,"Stockholms län"
14622,Tullinge,,,,"Stockholms län"
14630,Tullinge,,,,"Stockholms län"
14631,Tullinge,,,,"Stockholms län"
14632,Tullinge,,,,"Stockholms län"
14633,Tullinge,,,,"Stockholms län"
14634,Tullinge,,,,"Stockholms län"
14636,Tullinge,,,,"Stockholms län"
14637,Tullinge,,,,"Stockholms län"
14638,Tullinge,,,,"Stockholms län"
14640,Tullinge,,,,"Stockholms län"
14641,Tullinge,,,,"Stockholms län"
14645,Tullinge,,,,"Stockholms län"
14646,Tullinge,,,,"Stockholms län"
14648,Tullinge,,,,"Stockholms län"
14649,Tullinge,,,,"Stockholms län"
14650,Tullinge,,,,"Stockholms län"
14652,Tullinge,,,,"Stockholms län"
14653,Tullinge,,,,"Stockholms län"
14654,Tullinge,,,,"Stockholms län"
14680,Tullinge,,,,"Stockholms län"
14700,Tumba,,,,"Stockholms län"
14701,Tumba,,,,"Stockholms län"
14707,Grödinge,,,,"Stockholms län"
14721,Tumba,,,,"Stockholms län"
14722,Tumba,,,,"Stockholms län"
14723,Tumba,,,,"Stockholms län"
14725,Tumba,,,,"Stockholms län"
14730,Tumba,,,,"Stockholms län"
14731,Tumba,,,,"Stockholms län"
14732,Tumba,,,,"Stockholms län"
14733,Tumba,,,,"Stockholms län"
14734,Tumba,,,,"Stockholms län"
14735,Tumba,,,,"Stockholms län"
14739,Tumba,,,,"Stockholms län"
14740,Tumba,,,,"Stockholms län"
14741,Tumba,,,,"Stockholms län"
14742,Tumba,,,,"Stockholms län"
14743,Tumba,,,,"Stockholms län"
14744,Tumba,,,,"Stockholms län"
14746,Tumba,,,,"Stockholms län"
14750,Tumba,,,,"Stockholms län"
14751,Tumba,,,,"Stockholms län"
14752,Tumba,,,,"Stockholms län"
14753,Tumba,,,,"Stockholms län"
14754,Tumba,,,,"Stockholms län"
14755,Tumba,,,,"Stockholms län"
14760,Uttran,,,,"Stockholms län"
14761,Uttran,,,,"Stockholms län"
14762,Uttran,,,,"Stockholms län"
14763,Uttran,,,,"Stockholms län"
14770,Grödinge,,,,"Stockholms län"
14771,Grödinge,,,,"Stockholms län"
14780,Tumba,,,,"Stockholms län"
14782,Tumba,,,,"Stockholms län"
14785,Tumba,,,,"Stockholms län"
14792,Grödinge,,,,"Stockholms län"
14400,Rönninge,,,,"Stockholms län"
14402,Rönninge,,,,"Stockholms län"
14421,Rönninge,,,,"Stockholms län"
14424,Rönninge,,,,"Stockholms län"
14430,Rönninge,,,,"Stockholms län"
14431,Rönninge,,,,"Stockholms län"
14432,Rönninge,,,,"Stockholms län"
14433,Rönninge,,,,"Stockholms län"
14437,Rönninge,,,,"Stockholms län"
14440,Rönninge,,,,"Stockholms län"
14442,Rönninge,,,,"Stockholms län"
14444,Rönninge,,,,"Stockholms län"
14451,Rönninge,,,,"Stockholms län"
14461,Rönninge,,,,"Stockholms län"
14462,Rönninge,,,,"Stockholms län"
14463,Rönninge,,,,"Stockholms län"
14464,Rönninge,,,,"Stockholms län"
14480,Rönninge,,,,"Stockholms län"
13054,Dalarö,,,,"Stockholms län"
13055,Ornö,,,,"Stockholms län"
13056,Utö,,,,"Stockholms län"
13061,Hårsfjärden,,,,"Stockholms län"
13600,Haninge,,,,"Stockholms län"
13602,Haninge,,,,"Stockholms län"
13603,Haninge,,,,"Stockholms län"
13611,Haninge,,,,"Stockholms län"
13618,Haninge,,,,"Stockholms län"
13621,Haninge,,,,"Stockholms län"
13622,Haninge,,,,"Stockholms län"
13623,Haninge,,,,"Stockholms län"
13625,Haninge,,,,"Stockholms län"
13626,Haninge,,,,"Stockholms län"
13627,Haninge,,,,"Stockholms län"
13635,Handen,,,,"Stockholms län"
13639,Haninge,,,,"Stockholms län"
13640,Haninge,,,,"Stockholms län"
13641,Haninge,,,,"Stockholms län"
13642,Haninge,,,,"Stockholms län"
13643,Haninge,,,,"Stockholms län"
13644,Haninge,,,,"Stockholms län"
13645,Haninge,,,,"Stockholms län"
13646,Haninge,,,,"Stockholms län"
13647,Haninge,,,,"Stockholms län"
13648,Haninge,,,,"Stockholms län"
13649,Haninge,,,,"Stockholms län"
13650,Haninge,,,,"Stockholms län"
13651,Haninge,,,,"Stockholms län"
13652,Haninge,,,,"Stockholms län"
13653,Haninge,,,,"Stockholms län"
13654,Haninge,,,,"Stockholms län"
13655,Vega,,,,"Stockholms län"
13656,Vega,,,,"Stockholms län"
13657,Vega,,,,"Stockholms län"
13658,Vega,,,,"Stockholms län"
13659,Haninge,,,,"Stockholms län"
13660,Haninge,,,,"Stockholms län"
13661,Haninge,,,,"Stockholms län"
13662,Haninge,,,,"Stockholms län"
13663,Haninge,,,,"Stockholms län"
13664,Haninge,,,,"Stockholms län"
13665,Haninge,,,,"Stockholms län"
13666,Haninge,,,,"Stockholms län"
13667,Haninge,,,,"Stockholms län"
13668,Haninge,,,,"Stockholms län"
13669,Haninge,,,,"Stockholms län"
13670,Haninge,,,,"Stockholms län"
13671,Haninge,,,,"Stockholms län"
13672,Haninge,,,,"Stockholms län"
13673,Haninge,,,,"Stockholms län"
13674,Norrby,,,,"Stockholms län"
13675,Haninge,,,,"Stockholms län"
13676,Brandbergen,,,,"Stockholms län"
13680,Haninge,,,,"Stockholms län"
13681,Haninge,,,,"Stockholms län"
13682,Haninge,,,,"Stockholms län"
13683,Haninge,,,,"Stockholms län"
13687,Haninge,,,,"Stockholms län"
13689,Haninge,,,,"Stockholms län"
13691,Haninge,,,,"Stockholms län"
13700,Västerhaninge,,,,"Stockholms län"
13701,Västerhaninge,,,,"Stockholms län"
13702,Tungelsta,,,,"Stockholms län"
13721,Västerhaninge,,,,"Stockholms län"
13722,Västerhaninge,,,,"Stockholms län"
13723,Västerhaninge,,,,"Stockholms län"
13724,Västerhaninge,,,,"Stockholms län"
13725,Dalarö,,,,"Stockholms län"
13731,Västerhaninge,,,,"Stockholms län"
13732,Västerhaninge,,,,"Stockholms län"
13734,Västerhaninge,,,,"Stockholms län"
13736,Västerhaninge,,,,"Stockholms län"
13737,Västerhaninge,,,,"Stockholms län"
13738,Västerhaninge,,,,"Stockholms län"
13739,Västerhaninge,,,,"Stockholms län"
13740,Västerhaninge,,,,"Stockholms län"
13741,Västerhaninge,,,,"Stockholms län"
13743,Västerhaninge,,,,"Stockholms län"
13754,Tungelsta,,,,"Stockholms län"
13755,Tungelsta,,,,"Stockholms län"
13756,Tungelsta,,,,"Stockholms län"
13757,Tungelsta,,,,"Stockholms län"
13758,Tungelsta,,,,"Stockholms län"
13761,Jordbro,,,,"Stockholms län"
13762,Jordbro,,,,"Stockholms län"
13763,Jordbro,,,,"Stockholms län"
13764,Jordbro,,,,"Stockholms län"
13765,Jordbro,,,,"Stockholms län"
13766,Jordbro,,,,"Stockholms län"
13767,Jordbro,,,,"Stockholms län"
13768,Jordbro,,,,"Stockholms län"
13769,Österhaninge,,,,"Stockholms län"
13770,Dalarö,,,,"Stockholms län"
13771,Dalarö,,,,"Stockholms län"
13791,Västerhaninge,,,,"Stockholms län"
13792,Tungelsta,,,,"Stockholms län"
13793,Tungelsta,,,,"Stockholms län"
13795,Österhaninge,,,,"Stockholms län"
13796,Gålö,,,,"Stockholms län"
13797,"Årsta Havsbad",,,,"Stockholms län"
14825,Muskö,,,,"Stockholms län"
14880,Muskö,,,,"Stockholms län"
14895,Muskö,,,,"Stockholms län"
13500,Tyresö,,,,"Stockholms län"
13501,Tyresö,,,,"Stockholms län"
13502,Tyresö,,,,"Stockholms län"
13517,Tyresö,,,,"Stockholms län"
13521,Tyresö,,,,"Stockholms län"
13522,Tyresö,,,,"Stockholms län"
13523,Tyresö,,,,"Stockholms län"
13524,Tyresö,,,,"Stockholms län"
13525,Tyresö,,,,"Stockholms län"
13526,Tyresö,,,,"Stockholms län"
13527,Tyresö,,,,"Stockholms län"
13528,Tyresö,,,,"Stockholms län"
13529,Tyresö,,,,"Stockholms län"
13530,Tyresö,,,,"Stockholms län"
13531,Tyresö,,,,"Stockholms län"
13533,Tyresö,,,,"Stockholms län"
13534,Tyresö,,,,"Stockholms län"
13535,Tyresö,,,,"Stockholms län"
13536,Tyresö,,,,"Stockholms län"
13537,Tyresö,,,,"Stockholms län"
13538,Tyresö,,,,"Stockholms län"
13539,Tyresö,,,,"Stockholms län"
13540,Tyresö,,,,"Stockholms län"
13541,Tyresö,,,,"Stockholms län"
13542,Tyresö,,,,"Stockholms län"
13543,Tyresö,,,,"Stockholms län"
13544,Tyresö,,,,"Stockholms län"
13545,Tyresö,,,,"Stockholms län"
13546,Tyresö,,,,"Stockholms län"
13547,Tyresö,,,,"Stockholms län"
13548,Tyresö,,,,"Stockholms län"
13549,Tyresö,,,,"Stockholms län"
13550,Tyresö,,,,"Stockholms län"
13551,Tyresö,,,,"Stockholms län"
13552,Tyresö,,,,"Stockholms län"
13553,Tyresö,,,,"Stockholms län"
13554,Tyresö,,,,"Stockholms län"
13555,Tyresö,,,,"Stockholms län"
13558,Tyresö,,,,"Stockholms län"
13559,Tyresö,,,,"Stockholms län"
13560,Tyresö,,,,"Stockholms län"
13561,Tyresö,,,,"Stockholms län"
13562,Tyresö,,,,"Stockholms län"
13563,Tyresö,,,,"Stockholms län"
13567,Tyresö,,,,"Stockholms län"
13568,Tyresö,,,,"Stockholms län"
13569,Tyresö,,,,"Stockholms län"
13581,Tyresö,,,,"Stockholms län"
13582,Tyresö,,,,"Stockholms län"
15500,Nykvarn,,,,"Stockholms län"
15521,Nykvarn,,,,"Stockholms län"
15522,Nykvarn,,,,"Stockholms län"
15530,Nykvarn,,,,"Stockholms län"
15531,Nykvarn,,,,"Stockholms län"
15532,Nykvarn,,,,"Stockholms län"
15533,Nykvarn,,,,"Stockholms län"
15534,Nykvarn,,,,"Stockholms län"
15580,Nykvarn,,,,"Stockholms län"
15591,Nykvarn,,,,"Stockholms län"
15592,Nykvarn,,,,"Stockholms län"
15593,Nykvarn,,,,"Stockholms län"
15594,Nykvarn,,,,"Stockholms län"
18300,Täby,,,,"Stockholms län"
18301,Täby,,,,"Stockholms län"
18302,Täby,,,,"Stockholms län"
18303,Täby,,,,"Stockholms län"
18304,Täby,,,,"Stockholms län"
18311,Täby,,,,"Stockholms län"
18312,Täby,,,,"Stockholms län"
18313,Täby,,,,"Stockholms län"
18314,Täby,,,,"Stockholms län"
18315,Täby,,,,"Stockholms län"
18316,Täby,,,,"Stockholms län"
18317,Täby,,,,"Stockholms län"
18318,Täby,,,,"Stockholms län"
18319,Täby,,,,"Stockholms län"
18321,Täby,,,,"Stockholms län"
18322,Täby,,,,"Stockholms län"
18323,Täby,,,,"Stockholms län"
18325,Täby,,,,"Stockholms län"
18326,Täby,,,,"Stockholms län"
18330,Täby,,,,"Stockholms län"
18331,Täby,,,,"Stockholms län"
18332,Täby,,,,"Stockholms län"
18333,Täby,,,,"Stockholms län"
18334,Täby,,,,"Stockholms län"
18335,Täby,,,,"Stockholms län"
18336,Täby,,,,"Stockholms län"
18337,Täby,,,,"Stockholms län"
18338,Täby,,,,"Stockholms län"
18339,Täby,,,,"Stockholms län"
18341,Täby,,,,"Stockholms län"
18347,Täby,,,,"Stockholms län"
18348,Täby,,,,"Stockholms län"
18349,Täby,,,,"Stockholms län"
18350,Täby,,,,"Stockholms län"
18351,Täby,,,,"Stockholms län"
18352,Täby,,,,"Stockholms län"
18353,Täby,,,,"Stockholms län"
18354,Täby,,,,"Stockholms län"
18355,Täby,,,,"Stockholms län"
18356,Täby,,,,"Stockholms län"
18357,Täby,,,,"Stockholms län"
18358,Täby,,,,"Stockholms län"
18359,Täby,,,,"Stockholms län"
18360,Täby,,,,"Stockholms län"
18361,Täby,,,,"Stockholms län"
18362,Täby,,,,"Stockholms län"
18363,Täby,,,,"Stockholms län"
18364,Täby,,,,"Stockholms län"
18365,Täby,,,,"Stockholms län"
18366,Täby,,,,"Stockholms län"
18367,Täby,,,,"Stockholms län"
18369,Täby,,,,"Stockholms län"
18370,Täby,,,,"Stockholms län"
18371,Täby,,,,"Stockholms län"
18372,Täby,,,,"Stockholms län"
18374,Täby,,,,"Stockholms län"
18375,Täby,,,,"Stockholms län"
18376,Täby,,,,"Stockholms län"
18377,Täby,,,,"Stockholms län"
18378,Täby,,,,"Stockholms län"
18379,Täby,,,,"Stockholms län"
18380,Täby,,,,"Stockholms län"
18381,Täby,,,,"Stockholms län"
18383,Täby,,,,"Stockholms län"
18384,Täby,,,,"Stockholms län"
18385,Täby,,,,"Stockholms län"
18700,Täby,,,,"Stockholms län"
18705,Täby,,,,"Stockholms län"
18706,Täby,,,,"Stockholms län"
18710,Täby,,,,"Stockholms län"
18711,Täby,,,,"Stockholms län"
18712,Täby,,,,"Stockholms län"
18713,Täby,,,,"Stockholms län"
18714,Täby,,,,"Stockholms län"
18749,Täby,,,,"Stockholms län"
18760,Täby,,,,"Stockholms län"
18761,Täby,,,,"Stockholms län"
18200,Danderyd,,,,"Stockholms län"
18201,Danderyd,,,,"Stockholms län"
18202,Danderyd,,,,"Stockholms län"
18203,Danderyd,,,,"Stockholms län"
18204,Enebyberg,,,,"Stockholms län"
18205,Djursholm,,,,"Stockholms län"
18206,Djursholm,,,,"Stockholms län"
18207,Stocksund,,,,"Stockholms län"
18210,Stocksund,,,,"Stockholms län"
18211,Danderyd,,,,"Stockholms län"
18212,Danderyd,,,,"Stockholms län"
18214,Danderyd,,,,"Stockholms län"
18215,Danderyd,,,,"Stockholms län"
18216,Danderyd,,,,"Stockholms län"
18217,Danderyd,,,,"Stockholms län"
18230,Danderyd,,,,"Stockholms län"
18231,Danderyd,,,,"Stockholms län"
18232,Danderyd,,,,"Stockholms län"
18233,Danderyd,,,,"Stockholms län"
18234,Danderyd,,,,"Stockholms län"
18235,Danderyd,,,,"Stockholms län"
18236,Danderyd,,,,"Stockholms län"
18237,Danderyd,,,,"Stockholms län"
18238,Danderyd,,,,"Stockholms län"
18239,Danderyd,,,,"Stockholms län"
18245,Enebyberg,,,,"Stockholms län"
18246,Enebyberg,,,,"Stockholms län"
18247,Enebyberg,,,,"Stockholms län"
18248,Enebyberg,,,,"Stockholms län"
18249,Enebyberg,,,,"Stockholms län"
18250,Danderyd,,,,"Stockholms län"
18252,Danderyd,,,,"Stockholms län"
18253,Danderyd,,,,"Stockholms län"
18254,Djursholm,,,,"Stockholms län"
18255,Djursholm,,,,"Stockholms län"
18256,Danderyd,,,,"Stockholms län"
18257,Danderyd,,,,"Stockholms län"
18260,Djursholm,,,,"Stockholms län"
18261,Djursholm,,,,"Stockholms län"
18262,Djursholm,,,,"Stockholms län"
18263,Djursholm,,,,"Stockholms län"
18264,Djursholm,,,,"Stockholms län"
18265,Djursholm,,,,"Stockholms län"
18266,Djursholm,,,,"Stockholms län"
18267,Djursholm,,,,"Stockholms län"
18268,Djursholm,,,,"Stockholms län"
18269,Djursholm,,,,"Stockholms län"
18270,Stocksund,,,,"Stockholms län"
18273,Stocksund,,,,"Stockholms län"
18274,Stocksund,,,,"Stockholms län"
18275,Stocksund,,,,"Stockholms län"
18276,Stocksund,,,,"Stockholms län"
18277,Stocksund,,,,"Stockholms län"
18278,Stocksund,,,,"Stockholms län"
18279,Stocksund,,,,"Stockholms län"
18285,Danderyd,,,,"Stockholms län"
18287,Danderyd,,,,"Stockholms län"
18291,Danderyd,,,,"Stockholms län"
10004,Stockholm,,,,"Stockholms län"
10005,Stockholm,,,,"Stockholms län"
10012,Stockholm,,,,"Stockholms län"
10019,Stockholm,,,,"Stockholms län"
10026,Stockholm,,,,"Stockholms län"
10028,Stockholm,,,,"Stockholms län"
10029,Stockholm,,,,"Stockholms län"
10031,Stockholm,,,,"Stockholms län"
10040,Stockholm,,,,"Stockholms län"
10041,Stockholm,,,,"Stockholms län"
10044,Stockholm,,,,"Stockholms län"
10052,Stockholm,,,,"Stockholms län"
10054,Stockholm,,,,"Stockholms län"
10055,Stockholm,,,,"Stockholms län"
10061,Stockholm,,,,"Stockholms län"
10064,Stockholm,,,,"Stockholms län"
10073,Stockholm,,,,"Stockholms län"
10074,Stockholm,,,,"Stockholms län"
10110,Stockholm,,,,"Stockholms län"
10120,Stockholm,,,,"Stockholms län"
10121,Stockholm,,,,"Stockholms län"
10122,Stockholm,,,,"Stockholms län"
10123,Stockholm,,,,"Stockholms län"
10124,Stockholm,,,,"Stockholms län"
10125,Stockholm,,,,"Stockholms län"
10126,Stockholm,,,,"Stockholms län"
10127,Stockholm,,,,"Stockholms län"
10128,Stockholm,,,,"Stockholms län"
10129,Stockholm,,,,"Stockholms län"
10130,Stockholm,,,,"Stockholms län"
10131,Stockholm,,,,"Stockholms län"
10132,Stockholm,,,,"Stockholms län"
10133,Stockholm,,,,"Stockholms län"
10134,Stockholm,,,,"Stockholms län"
10135,Stockholm,,,,"Stockholms län"
10136,Stockholm,,,,"Stockholms län"
10137,Stockholm,,,,"Stockholms län"
10138,Stockholm,,,,"Stockholms län"
10139,Stockholm,,,,"Stockholms län"
10152,Stockholm,,,,"Stockholms län"
10155,Stockholm,,,,"Stockholms län"
10156,Stockholm,,,,"Stockholms län"
10158,Stockholm,,,,"Stockholms län"
10204,Stockholm,,,,"Stockholms län"
10214,Stockholm,,,,"Stockholms län"
10217,Stockholm,,,,"Stockholms län"
10220,Stockholm,,,,"Stockholms län"
10221,Stockholm,,,,"Stockholms län"
10222,Stockholm,,,,"Stockholms län"
10223,Stockholm,,,,"Stockholms län"
10224,Stockholm,,,,"Stockholms län"
10225,Stockholm,,,,"Stockholms län"
10226,Stockholm,,,,"Stockholms län"
10227,Stockholm,,,,"Stockholms län"
10228,Stockholm,,,,"Stockholms län"
10229,Stockholm,,,,"Stockholms län"
10230,Stockholm,,,,"Stockholms län"
10231,Stockholm,,,,"Stockholms län"
10232,Stockholm,,,,"Stockholms län"
10233,Stockholm,,,,"Stockholms län"
10234,Stockholm,,,,"Stockholms län"
10235,Stockholm,,,,"Stockholms län"
10239,Stockholm,,,,"Stockholms län"
10240,Stockholm,,,,"Stockholms län"
10241,Stockholm,,,,"Stockholms län"
10242,Stockholm,,,,"Stockholms län"
10243,Stockholm,,,,"Stockholms län"
10244,Stockholm,,,,"Stockholms län"
10245,Stockholm,,,,"Stockholms län"
10246,Stockholm,,,,"Stockholms län"
10247,Stockholm,,,,"Stockholms län"
10248,Stockholm,,,,"Stockholms län"
10249,Stockholm,,,,"Stockholms län"
10250,Stockholm,,,,"Stockholms län"
10251,Stockholm,,,,"Stockholms län"
10252,Stockholm,,,,"Stockholms län"
10253,Stockholm,,,,"Stockholms län"
10254,Stockholm,,,,"Stockholms län"
10260,Stockholm,,,,"Stockholms län"
10261,Stockholm,,,,"Stockholms län"
10262,Stockholm,,,,"Stockholms län"
10263,Stockholm,,,,"Stockholms län"
10264,Stockholm,,,,"Stockholms län"
10265,Stockholm,,,,"Stockholms län"
10266,Stockholm,,,,"Stockholms län"
10267,Stockholm,,,,"Stockholms län"
10268,Stockholm,,,,"Stockholms län"
10269,Stockholm,,,,"Stockholms län"
10270,Stockholm,,,,"Stockholms län"
10271,Stockholm,,,,"Stockholms län"
10272,Stockholm,,,,"Stockholms län"
10273,Stockholm,,,,"Stockholms län"
10274,Stockholm,,,,"Stockholms län"
10301,Stockholm,,,,"Stockholms län"
10302,Stockholm,,,,"Stockholms län"
10303,Stockholm,,,,"Stockholms län"
10304,Stockholm,,,,"Stockholms län"
10305,Stockholm,,,,"Stockholms län"
10306,Stockholm,,,,"Stockholms län"
10307,Stockholm,,,,"Stockholms län"
10310,Stockholm,,,,"Stockholms län"
10311,Stockholm,,,,"Stockholms län"
10312,Stockholm,,,,"Stockholms län"
10313,Stockholm,,,,"Stockholms län"
10314,Stockholm,,,,"Stockholms län"
10315,Stockholm,,,,"Stockholms län"
10316,Stockholm,,,,"Stockholms län"
10317,Stockholm,,,,"Stockholms län"
10318,Stockholm,,,,"Stockholms län"
10320,Stockholm,,,,"Stockholms län"
10321,Stockholm,,,,"Stockholms län"
10322,Stockholm,,,,"Stockholms län"
10323,Stockholm,,,,"Stockholms län"
10324,Stockholm,,,,"Stockholms län"
10325,Stockholm,,,,"Stockholms län"
10326,Stockholm,,,,"Stockholms län"
10327,Stockholm,,,,"Stockholms län"
10329,Stockholm,,,,"Stockholms län"
10332,Stockholm,,,,"Stockholms län"
10333,Stockholm,,,,"Stockholms län"
10334,Stockholm,,,,"Stockholms län"
10335,Stockholm,,,,"Stockholms län"
10336,Stockholm,,,,"Stockholms län"
10337,Stockholm,,,,"Stockholms län"
10338,Stockholm,,,,"Stockholms län"
10339,Stockholm,,,,"Stockholms län"
10350,Stockholm,,,,"Stockholms län"
10351,Stockholm,,,,"Stockholms län"
10352,Stockholm,,,,"Stockholms län"
10354,Stockholm,,,,"Stockholms län"
10355,Stockholm,,,,"Stockholms län"
10359,Stockholm,,,,"Stockholms län"
10360,Stockholm,,,,"Stockholms län"
10361,Stockholm,,,,"Stockholms län"
10362,Stockholm,,,,"Stockholms län"
10363,Stockholm,,,,"Stockholms län"
10364,Stockholm,,,,"Stockholms län"
10365,Stockholm,,,,"Stockholms län"
10366,Stockholm,,,,"Stockholms län"
10367,Stockholm,,,,"Stockholms län"
10368,Stockholm,,,,"Stockholms län"
10369,Stockholm,,,,"Stockholms län"
10370,Stockholm,,,,"Stockholms län"
10371,Stockholm,,,,"Stockholms län"
10372,Stockholm,,,,"Stockholms län"
10373,Stockholm,,,,"Stockholms län"
10374,Stockholm,,,,"Stockholms län"
10375,Stockholm,,,,"Stockholms län"
10377,Stockholm,,,,"Stockholms län"
10378,Stockholm,,,,"Stockholms län"
10380,Stockholm,,,,"Stockholms län"
10382,Stockholm,,,,"Stockholms län"
10383,Stockholm,,,,"Stockholms län"
10384,Stockholm,,,,"Stockholms län"
10385,Stockholm,,,,"Stockholms län"
10386,Stockholm,,,,"Stockholms län"
10387,Stockholm,,,,"Stockholms län"
10388,Stockholm,,,,"Stockholms län"
10389,Stockholm,,,,"Stockholms län"
10390,Stockholm,,,,"Stockholms län"
10391,Stockholm,,,,"Stockholms län"
10392,Stockholm,,,,"Stockholms län"
10393,Stockholm,,,,"Stockholms län"
10394,Stockholm,,,,"Stockholms län"
10395,Stockholm,,,,"Stockholms län"
10396,Stockholm,,,,"Stockholms län"
10397,Stockholm,,,,"Stockholms län"
10398,Stockholm,,,,"Stockholms län"
10399,Stockholm,,,,"Stockholms län"
10405,Stockholm,,,,"Stockholms län"
10420,Stockholm,,,,"Stockholms län"
10422,Stockholm,,,,"Stockholms län"
10425,Stockholm,,,,"Stockholms län"
10430,Stockholm,,,,"Stockholms län"
10431,Stockholm,,,,"Stockholms län"
10432,Stockholm,,,,"Stockholms län"
10435,Stockholm,,,,"Stockholms län"
10440,Stockholm,,,,"Stockholms län"
10441,Stockholm,,,,"Stockholms län"
10450,Stockholm,,,,"Stockholms län"
10451,Stockholm,,,,"Stockholms län"
10455,Stockholm,,,,"Stockholms län"
10460,Stockholm,,,,"Stockholms län"
10462,Stockholm,,,,"Stockholms län"
10465,Stockholm,,,,"Stockholms län"
10500,Stockholm,,,,"Stockholms län"
10506,Stockholm,,,,"Stockholms län"
10507,Stockholm,,,,"Stockholms län"
10509,Stockholm,,,,"Stockholms län"
10510,Stockholm,,,,"Stockholms län"
10511,Stockholm,,,,"Stockholms län"
10512,Stockholm,,,,"Stockholms län"
10515,Stockholm,,,,"Stockholms län"
10516,Stockholm,,,,"Stockholms län"
10517,Stockholm,,,,"Stockholms län"
10518,Stockholm,,,,"Stockholms län"
10519,Stockholm,,,,"Stockholms län"
10520,Stockholm,,,,"Stockholms län"
10521,Stockholm,,,,"Stockholms län"
10522,Stockholm,,,,"Stockholms län"
10523,Stockholm,,,,"Stockholms län"
10524,Stockholm,,,,"Stockholms län"
10525,Stockholm,,,,"Stockholms län"
10526,Stockholm,,,,"Stockholms län"
10530,Stockholm,,,,"Stockholms län"
10531,Stockholm,,,,"Stockholms län"
10532,Stockholm,,,,"Stockholms län"
10533,Stockholm,,,,"Stockholms län"
10534,Stockholm,,,,"Stockholms län"
10535,Stockholm,,,,"Stockholms län"
10536,Stockholm,,,,"Stockholms län"
10539,Stockholm,,,,"Stockholms län"
10540,Stockholm,,,,"Stockholms län"
10544,Stockholm,,,,"Stockholms län"
10545,Stockholm,,,,"Stockholms län"
10546,Stockholm,,,,"Stockholms län"
10552,Stockholm,,,,"Stockholms län"
10553,Stockholm,,,,"Stockholms län"
10560,Stockholm,,,,"Stockholms län"
10561,Stockholm,,,,"Stockholms län"
10570,Stockholm,,,,"Stockholms län"
10571,Stockholm,,,,"Stockholms län"
10578,Stockholm,,,,"Stockholms län"
10580,Stockholm,,,,"Stockholms län"
10582,Stockholm,,,,"Stockholms län"
10583,Stockholm,,,,"Stockholms län"
10588,Stockholm,,,,"Stockholms län"
10599,Stockholm,,,,"Stockholms län"
10600,Stockholm,,,,"Stockholms län"
10610,Stockholm,,,,"Stockholms län"
10611,Stockholm,,,,"Stockholms län"
10612,Stockholm,,,,"Stockholms län"
10614,Stockholm,,,,"Stockholms län"
10618,Stockholm,,,,"Stockholms län"
10620,Stockholm,,,,"Stockholms län"
10626,Stockholm,,,,"Stockholms län"
10627,Stockholm,,,,"Stockholms län"
10630,Stockholm,,,,"Stockholms län"
10631,Stockholm,,,,"Stockholms län"
10632,Stockholm,,,,"Stockholms län"
10635,Stockholm,,,,"Stockholms län"
10636,Stockholm,,,,"Stockholms län"
10638,Stockholm,,,,"Stockholms län"
10640,Stockholm,,,,"Stockholms län"
10642,Stockholm,,,,"Stockholms län"
10644,Stockholm,,,,"Stockholms län"
10645,Stockholm,,,,"Stockholms län"
10647,Stockholm,,,,"Stockholms län"
10648,Stockholm,,,,"Stockholms län"
10650,Stockholm,,,,"Stockholms län"
10654,Stockholm,,,,"Stockholms län"
10655,Stockholm,,,,"Stockholms län"
10656,Stockholm,,,,"Stockholms län"
10657,Stockholm,,,,"Stockholms län"
10658,Stockholm,,,,"Stockholms län"
10660,Stockholm,,,,"Stockholms län"
10661,Stockholm,,,,"Stockholms län"
10664,Stockholm,,,,"Stockholms län"
10665,Stockholm,,,,"Stockholms län"
10666,Stockholm,,,,"Stockholms län"
10667,Stockholm,,,,"Stockholms län"
10670,Stockholm,,,,"Stockholms län"
10675,Stockholm,,,,"Stockholms län"
10677,Stockholm,,,,"Stockholms län"
10678,Stockholm,,,,"Stockholms län"
10680,Stockholm,,,,"Stockholms län"
10682,Stockholm,,,,"Stockholms län"
10685,Stockholm,,,,"Stockholms län"
10688,Stockholm,,,,"Stockholms län"
10691,Stockholm,,,,"Stockholms län"
10700,Stockholm,,,,"Stockholms län"
10707,Stockholm,,,,"Stockholms län"
10721,Stockholm,,,,"Stockholms län"
10722,Stockholm,,,,"Stockholms län"
10723,Stockholm,,,,"Stockholms län"
10724,Stockholm,,,,"Stockholms län"
10725,Stockholm,,,,"Stockholms län"
10726,Stockholm,,,,"Stockholms län"
10767,Stockholm,,,,"Stockholms län"
10768,Stockholm,,,,"Stockholms län"
10769,Stockholm,,,,"Stockholms län"
10770,Stockholm,,,,"Stockholms län"
10772,Stockholm,,,,"Stockholms län"
10775,Stockholm,,,,"Stockholms län"
10776,Stockholm,,,,"Stockholms län"
10777,Stockholm,,,,"Stockholms län"
10780,Stockholm,,,,"Stockholms län"
10781,Stockholm,,,,"Stockholms län"
10782,Stockholm,,,,"Stockholms län"
10785,Stockholm,,,,"Stockholms län"
10786,Stockholm,,,,"Stockholms län"
10788,Stockholm,,,,"Stockholms län"
10791,Stockholm,,,,"Stockholms län"
10795,Stockholm,,,,"Stockholms län"
10796,Stockholm,,,,"Stockholms län"
11101,Stockholm,,,,"Stockholms län"
11102,Stockholm,,,,"Stockholms län"
11115,Stockholm,,,,"Stockholms län"
11120,Stockholm,,,,"Stockholms län"
11121,Stockholm,,,,"Stockholms län"
11122,Stockholm,,,,"Stockholms län"
11123,Stockholm,,,,"Stockholms län"
11124,Stockholm,,,,"Stockholms län"
11127,Stockholm,,,,"Stockholms län"
11128,Stockholm,,,,"Stockholms län"
11129,Stockholm,,,,"Stockholms län"
11130,Stockholm,,,,"Stockholms län"
11131,Stockholm,,,,"Stockholms län"
11134,Stockholm,,,,"Stockholms län"
11135,Stockholm,,,,"Stockholms län"
11136,Stockholm,,,,"Stockholms län"
11137,Stockholm,,,,"Stockholms län"
11138,Stockholm,,,,"Stockholms län"
11139,Stockholm,,,,"Stockholms län"
11140,Stockholm,,,,"Stockholms län"
11143,Stockholm,,,,"Stockholms län"
11144,Stockholm,,,,"Stockholms län"
11145,Stockholm,,,,"Stockholms län"
11146,Stockholm,,,,"Stockholms län"
11147,Stockholm,,,,"Stockholms län"
11148,Stockholm,,,,"Stockholms län"
11149,Stockholm,,,,"Stockholms län"
11151,Stockholm,,,,"Stockholms län"
11152,Stockholm,,,,"Stockholms län"
11153,Stockholm,,,,"Stockholms län"
11156,Stockholm,,,,"Stockholms län"
11157,Stockholm,,,,"Stockholms län"
11160,Stockholm,,,,"Stockholms län"
11161,Stockholm,,,,"Stockholms län"
11164,Stockholm,,,,"Stockholms län"
11171,Stockholm,,,,"Stockholms län"
11173,Stockholm,,,,"Stockholms län"
11174,Stockholm,,,,"Stockholms län"
11175,Stockholm,,,,"Stockholms län"
11176,Stockholm,,,,"Stockholms län"
11177,Stockholm,,,,"Stockholms län"
11181,Stockholm,,,,"Stockholms län"
11182,Stockholm,,,,"Stockholms län"
11183,Stockholm,,,,"Stockholms län"
11184,Stockholm,,,,"Stockholms län"
11185,Stockholm,,,,"Stockholms län"
11186,Stockholm,,,,"Stockholms län"
11187,Stockholm,,,,"Stockholms län"
11188,Stockholm,,,,"Stockholms län"
11189,Stockholm,,,,"Stockholms län"
11191,Stockholm,,,,"Stockholms län"
11192,Stockholm,,,,"Stockholms län"
11193,Stockholm,,,,"Stockholms län"
11194,Stockholm,,,,"Stockholms län"
11195,Stockholm,,,,"Stockholms län"
11196,Stockholm,,,,"Stockholms län"
11197,Stockholm,,,,"Stockholms län"
11198,Stockholm,,,,"Stockholms län"
11199,Stockholm,,,,"Stockholms län"
11201,Stockholm,,,,"Stockholms län"
11202,Stockholm,,,,"Stockholms län"
11203,Stockholm,,,,"Stockholms län"
11204,Stockholm,,,,"Stockholms län"
11206,Stockholm,,,,"Stockholms län"
11214,Stockholm,,,,"Stockholms län"
11215,Stockholm,,,,"Stockholms län"
11216,Stockholm,,,,"Stockholms län"
11217,Stockholm,,,,"Stockholms län"
11218,Stockholm,,,,"Stockholms län"
11219,Stockholm,,,,"Stockholms län"
11220,Stockholm,,,,"Stockholms län"
11221,Stockholm,,,,"Stockholms län"
11222,Stockholm,,,,"Stockholms län"
11223,Stockholm,,,,"Stockholms län"
11224,Stockholm,,,,"Stockholms län"
11225,Stockholm,,,,"Stockholms län"
11226,Stockholm,,,,"Stockholms län"
11227,Stockholm,,,,"Stockholms län"
11228,Stockholm,,,,"Stockholms län"
11229,Stockholm,,,,"Stockholms län"
11230,Stockholm,,,,"Stockholms län"
11231,Stockholm,,,,"Stockholms län"
11232,Stockholm,,,,"Stockholms län"
11233,Stockholm,,,,"Stockholms län"
11234,Stockholm,,,,"Stockholms län"
11235,Stockholm,,,,"Stockholms län"
11236,Stockholm,,,,"Stockholms län"
11237,Stockholm,,,,"Stockholms län"
11238,Stockholm,,,,"Stockholms län"
11239,Stockholm,,,,"Stockholms län"
11240,Stockholm,,,,"Stockholms län"
11241,Stockholm,,,,"Stockholms län"
11242,Stockholm,,,,"Stockholms län"
11243,Stockholm,,,,"Stockholms län"
11244,Stockholm,,,,"Stockholms län"
11245,Stockholm,,,,"Stockholms län"
11246,Stockholm,,,,"Stockholms län"
11247,Stockholm,,,,"Stockholms län"
11248,Stockholm,,,,"Stockholms län"
11249,Stockholm,,,,"Stockholms län"
11250,Stockholm,,,,"Stockholms län"
11251,Stockholm,,,,"Stockholms län"
11252,Stockholm,,,,"Stockholms län"
11253,Stockholm,,,,"Stockholms län"
11254,Stockholm,,,,"Stockholms län"
11255,Stockholm,,,,"Stockholms län"
11256,Stockholm,,,,"Stockholms län"
11257,Stockholm,,,,"Stockholms län"
11258,Stockholm,,,,"Stockholms län"
11259,Stockholm,,,,"Stockholms län"
11260,Stockholm,,,,"Stockholms län"
11261,Stockholm,,,,"Stockholms län"
11262,Stockholm,,,,"Stockholms län"
11263,Stockholm,,,,"Stockholms län"
11264,Stockholm,,,,"Stockholms län"
11265,Stockholm,,,,"Stockholms län"
11266,Stockholm,,,,"Stockholms län"
11267,Stockholm,,,,"Stockholms län"
11269,Stockholm,,,,"Stockholms län"
11273,Stockholm,,,,"Stockholms län"
11274,Stockholm,,,,"Stockholms län"
11275,Stockholm,,,,"Stockholms län"
11276,Stockholm,,,,"Stockholms län"
11277,Stockholm,,,,"Stockholms län"
11278,Stockholm,,,,"Stockholms län"
11281,Stockholm,,,,"Stockholms län"
11282,Stockholm,,,,"Stockholms län"
11283,Stockholm,,,,"Stockholms län"
11284,Stockholm,,,,"Stockholms län"
11285,Stockholm,,,,"Stockholms län"
11286,Stockholm,,,,"Stockholms län"
11287,Stockholm,,,,"Stockholms län"
11288,Stockholm,,,,"Stockholms län"
11289,Stockholm,,,,"Stockholms län"
11292,Stockholm,,,,"Stockholms län"
11293,Stockholm,,,,"Stockholms län"
11294,Stockholm,,,,"Stockholms län"
11296,Stockholm,,,,"Stockholms län"
11297,Stockholm,,,,"Stockholms län"
11298,Stockholm,,,,"Stockholms län"
11301,Stockholm,,,,"Stockholms län"
11302,Stockholm,,,,"Stockholms län"
11303,Stockholm,,,,"Stockholms län"
11304,Stockholm,,,,"Stockholms län"
11320,Stockholm,,,,"Stockholms län"
11321,Stockholm,,,,"Stockholms län"
11322,Stockholm,,,,"Stockholms län"
11323,Stockholm,,,,"Stockholms län"
11324,Stockholm,,,,"Stockholms län"
11325,Stockholm,,,,"Stockholms län"
11326,Stockholm,,,,"Stockholms län"
11327,Stockholm,,,,"Stockholms län"
11328,Stockholm,,,,"Stockholms län"
11329,Stockholm,,,,"Stockholms län"
11330,Stockholm,,,,"Stockholms län"
11331,Stockholm,,,,"Stockholms län"
11332,Stockholm,,,,"Stockholms län"
11333,Stockholm,,,,"Stockholms län"
11334,Stockholm,,,,"Stockholms län"
11335,Stockholm,,,,"Stockholms län"
11336,Stockholm,,,,"Stockholms län"
11337,Stockholm,,,,"Stockholms län"
11338,Stockholm,,,,"Stockholms län"
11339,Stockholm,,,,"Stockholms län"
11340,Stockholm,,,,"Stockholms län"
11341,Stockholm,,,,"Stockholms län"
11342,Stockholm,,,,"Stockholms län"
11343,Stockholm,,,,"Stockholms län"
11344,Stockholm,,,,"Stockholms län"
11345,Stockholm,,,,"Stockholms län"
11346,Stockholm,,,,"Stockholms län"
11347,Stockholm,,,,"Stockholms län"
11348,Stockholm,,,,"Stockholms län"
11349,Stockholm,,,,"Stockholms län"
11350,Stockholm,,,,"Stockholms län"
11351,Stockholm,,,,"Stockholms län"
11352,Stockholm,,,,"Stockholms län"
11353,Stockholm,,,,"Stockholms län"
11354,Stockholm,,,,"Stockholms län"
11355,Stockholm,,,,"Stockholms län"
11356,Stockholm,,,,"Stockholms län"
11357,Stockholm,,,,"Stockholms län"
11358,Stockholm,,,,"Stockholms län"
11359,Stockholm,,,,"Stockholms län"
11360,Stockholm,,,,"Stockholms län"
11361,Stockholm,,,,"Stockholms län"
11362,Stockholm,,,,"Stockholms län"
11363,Stockholm,,,,"Stockholms län"
11364,Stockholm,,,,"Stockholms län"
11365,Stockholm,,,,"Stockholms län"
11366,Stockholm,,,,"Stockholms län"
11367,Stockholm,,,,"Stockholms län"
11368,Stockholm,,,,"Stockholms län"
11369,Stockholm,,,,"Stockholms län"
11376,Stockholm,,,,"Stockholms län"
11380,Stockholm,,,,"Stockholms län"
11381,Stockholm,,,,"Stockholms län"
11382,Stockholm,,,,"Stockholms län"
11383,Stockholm,,,,"Stockholms län"
11384,Stockholm,,,,"Stockholms län"
11385,Stockholm,,,,"Stockholms län"
11386,Stockholm,,,,"Stockholms län"
11387,Stockholm,,,,"Stockholms län"
11388,Stockholm,,,,"Stockholms län"
11389,Stockholm,,,,"Stockholms län"
11390,Stockholm,,,,"Stockholms län"
11391,Stockholm,,,,"Stockholms län"
11392,Stockholm,,,,"Stockholms län"
11393,Stockholm,,,,"Stockholms län"
11394,Stockholm,,,,"Stockholms län"
11395,Stockholm,,,,"Stockholms län"
11396,Stockholm,,,,"Stockholms län"
11397,Stockholm,,,,"Stockholms län"
11398,Stockholm,,,,"Stockholms län"
11399,Stockholm,,,,"Stockholms län"
11401,Stockholm,,,,"Stockholms län"
11415,Stockholm,,,,"Stockholms län"
11416,Stockholm,,,,"Stockholms län"
11417,Stockholm,,,,"Stockholms län"
11418,Stockholm,,,,"Stockholms län"
11419,Stockholm,,,,"Stockholms län"
11420,Stockholm,,,,"Stockholms län"
11421,Stockholm,,,,"Stockholms län"
11422,Stockholm,,,,"Stockholms län"
11423,Stockholm,,,,"Stockholms län"
11424,Stockholm,,,,"Stockholms län"
11425,Stockholm,,,,"Stockholms län"
11426,Stockholm,,,,"Stockholms län"
11427,Stockholm,,,,"Stockholms län"
11428,Stockholm,,,,"Stockholms län"
11429,Stockholm,,,,"Stockholms län"
11430,Stockholm,,,,"Stockholms län"
11431,Stockholm,,,,"Stockholms län"
11432,Stockholm,,,,"Stockholms län"
11433,Stockholm,,,,"Stockholms län"
11434,Stockholm,,,,"Stockholms län"
11435,Stockholm,,,,"Stockholms län"
11436,Stockholm,,,,"Stockholms län"
11437,Stockholm,,,,"Stockholms län"
11438,Stockholm,,,,"Stockholms län"
11439,Stockholm,,,,"Stockholms län"
11440,Stockholm,,,,"Stockholms län"
11441,Stockholm,,,,"Stockholms län"
11442,Stockholm,,,,"Stockholms län"
11443,Stockholm,,,,"Stockholms län"
11444,Stockholm,,,,"Stockholms län"
11445,Stockholm,,,,"Stockholms län"
11446,Stockholm,,,,"Stockholms län"
11447,Stockholm,,,,"Stockholms län"
11448,Stockholm,,,,"Stockholms län"
11449,Stockholm,,,,"Stockholms län"
11450,Stockholm,,,,"Stockholms län"
11451,Stockholm,,,,"Stockholms län"
11452,Stockholm,,,,"Stockholms län"
11453,Stockholm,,,,"Stockholms län"
11454,Stockholm,,,,"Stockholms län"
11455,Stockholm,,,,"Stockholms län"
11456,Stockholm,,,,"Stockholms län"
11457,Stockholm,,,,"Stockholms län"
11458,Stockholm,,,,"Stockholms län"
11459,Stockholm,,,,"Stockholms län"
11460,Stockholm,,,,"Stockholms län"
11475,Stockholm,,,,"Stockholms län"
11476,Stockholm,,,,"Stockholms län"
11478,Stockholm,,,,"Stockholms län"
11479,Stockholm,,,,"Stockholms län"
11480,Stockholm,,,,"Stockholms län"
11481,Stockholm,,,,"Stockholms län"
11482,Stockholm,,,,"Stockholms län"
11483,Stockholm,,,,"Stockholms län"
11484,Stockholm,,,,"Stockholms län"
11485,Stockholm,,,,"Stockholms län"
11486,Stockholm,,,,"Stockholms län"
11487,Stockholm,,,,"Stockholms län"
11488,Stockholm,,,,"Stockholms län"
11489,Stockholm,,,,"Stockholms län"
11492,Stockholm,,,,"Stockholms län"
11494,Stockholm,,,,"Stockholms län"
11495,Stockholm,,,,"Stockholms län"
11497,Stockholm,,,,"Stockholms län"
11498,Stockholm,,,,"Stockholms län"
11499,Stockholm,,,,"Stockholms län"
11501,Stockholm,,,,"Stockholms län"
11502,Stockholm,,,,"Stockholms län"
11520,Stockholm,,,,"Stockholms län"
11521,Stockholm,,,,"Stockholms län"
11522,Stockholm,,,,"Stockholms län"
11523,Stockholm,,,,"Stockholms län"
11524,Stockholm,,,,"Stockholms län"
11525,Stockholm,,,,"Stockholms län"
11526,Stockholm,,,,"Stockholms län"
11527,Stockholm,,,,"Stockholms län"
11528,Stockholm,,,,"Stockholms län"
11529,Stockholm,,,,"Stockholms län"
11530,Stockholm,,,,"Stockholms län"
11531,Stockholm,,,,"Stockholms län"
11532,Stockholm,,,,"Stockholms län"
11533,Stockholm,,,,"Stockholms län"
11534,Stockholm,,,,"Stockholms län"
11535,Stockholm,,,,"Stockholms län"
11536,Stockholm,,,,"Stockholms län"
11537,Stockholm,,,,"Stockholms län"
11538,Stockholm,,,,"Stockholms län"
11539,Stockholm,,,,"Stockholms län"
11540,Stockholm,,,,"Stockholms län"
11541,Stockholm,,,,"Stockholms län"
11542,Stockholm,,,,"Stockholms län"
11543,Stockholm,,,,"Stockholms län"
11544,Stockholm,,,,"Stockholms län"
11545,Stockholm,,,,"Stockholms län"
11546,Stockholm,,,,"Stockholms län"
11547,Stockholm,,,,"Stockholms län"
11548,Stockholm,,,,"Stockholms län"
11549,Stockholm,,,,"Stockholms län"
11550,Stockholm,,,,"Stockholms län"
11553,Stockholm,,,,"Stockholms län"
11556,Stockholm,,,,"Stockholms län"
11557,Stockholm,,,,"Stockholms län"
11558,Stockholm,,,,"Stockholms län"
11559,Stockholm,,,,"Stockholms län"
11560,Stockholm,,,,"Stockholms län"
11571,Stockholm,,,,"Stockholms län"
11573,Stockholm,,,,"Stockholms län"
11574,Stockholm,,,,"Stockholms län"
11577,Stockholm,,,,"Stockholms län"
11578,Stockholm,,,,"Stockholms län"
11579,Stockholm,,,,"Stockholms län"
11580,Stockholm,,,,"Stockholms län"
11582,Stockholm,,,,"Stockholms län"
11583,Stockholm,,,,"Stockholms län"
11584,Stockholm,,,,"Stockholms län"
11587,Stockholm,,,,"Stockholms län"
11588,Stockholm,,,,"Stockholms län"
11589,Stockholm,,,,"Stockholms län"
11590,Stockholm,,,,"Stockholms län"
11591,Stockholm,,,,"Stockholms län"
11592,Stockholm,,,,"Stockholms län"
11593,Stockholm,,,,"Stockholms län"
11594,Stockholm,,,,"Stockholms län"
11595,Stockholm,,,,"Stockholms län"
11599,Stockholm,,,,"Stockholms län"
11601,Stockholm,,,,"Stockholms län"
11618,Stockholm,,,,"Stockholms län"
11620,Stockholm,,,,"Stockholms län"
11621,Stockholm,,,,"Stockholms län"
11622,Stockholm,,,,"Stockholms län"
11623,Stockholm,,,,"Stockholms län"
11624,Stockholm,,,,"Stockholms län"
11625,Stockholm,,,,"Stockholms län"
11628,Stockholm,,,,"Stockholms län"
11629,Stockholm,,,,"Stockholms län"
11630,Stockholm,,,,"Stockholms län"
11631,Stockholm,,,,"Stockholms län"
11632,Stockholm,,,,"Stockholms län"
11633,Stockholm,,,,"Stockholms län"
11634,Stockholm,,,,"Stockholms län"
11635,Stockholm,,,,"Stockholms län"
11636,Stockholm,,,,"Stockholms län"
11637,Stockholm,,,,"Stockholms län"
11638,Stockholm,,,,"Stockholms län"
11639,Stockholm,,,,"Stockholms län"
11640,Stockholm,,,,"Stockholms län"
11641,Stockholm,,,,"Stockholms län"
11642,Stockholm,,,,"Stockholms län"
11643,Stockholm,,,,"Stockholms län"
11644,Stockholm,,,,"Stockholms län"
11645,Stockholm,,,,"Stockholms län"
11646,Stockholm,,,,"Stockholms län"
11647,Stockholm,,,,"Stockholms län"
11648,Stockholm,,,,"Stockholms län"
11649,Stockholm,,,,"Stockholms län"
11661,Stockholm,,,,"Stockholms län"
11662,Stockholm,,,,"Stockholms län"
11663,Stockholm,,,,"Stockholms län"
11664,Stockholm,,,,"Stockholms län"
11665,Stockholm,,,,"Stockholms län"
11666,Stockholm,,,,"Stockholms län"
11667,Stockholm,,,,"Stockholms län"
11668,Stockholm,,,,"Stockholms län"
11674,Stockholm,,,,"Stockholms län"
11685,Stockholm,,,,"Stockholms län"
11688,Stockholm,,,,"Stockholms län"
11691,Stockholm,,,,"Stockholms län"
11692,Stockholm,,,,"Stockholms län"
11693,Stockholm,,,,"Stockholms län"
11694,Stockholm,,,,"Stockholms län"
11705,Stockholm,,,,"Stockholms län"
11718,Stockholm,,,,"Stockholms län"
11726,Stockholm,,,,"Stockholms län"
11727,Stockholm,,,,"Stockholms län"
11728,Stockholm,,,,"Stockholms län"
11729,Stockholm,,,,"Stockholms län"
11730,Stockholm,,,,"Stockholms län"
11731,Stockholm,,,,"Stockholms län"
11732,Stockholm,,,,"Stockholms län"
11733,Stockholm,,,,"Stockholms län"
11734,Stockholm,,,,"Stockholms län"
11735,Stockholm,,,,"Stockholms län"
11736,Stockholm,,,,"Stockholms län"
11737,Stockholm,,,,"Stockholms län"
11738,Stockholm,,,,"Stockholms län"
11739,Stockholm,,,,"Stockholms län"
11740,Stockholm,,,,"Stockholms län"
11741,Stockholm,,,,"Stockholms län"
11743,Stockholm,,,,"Stockholms län"
11750,Stockholm,,,,"Stockholms län"
11760,Stockholm,,,,"Stockholms län"
11761,Stockholm,,,,"Stockholms län"
11762,Stockholm,,,,"Stockholms län"
11763,Stockholm,,,,"Stockholms län"
11764,Stockholm,,,,"Stockholms län"
11765,Stockholm,,,,"Stockholms län"
11766,Stockholm,,,,"Stockholms län"
11767,Stockholm,,,,"Stockholms län"
11768,Stockholm,,,,"Stockholms län"
11769,Stockholm,,,,"Stockholms län"
11770,Stockholm,,,,"Stockholms län"
11771,Stockholm,,,,"Stockholms län"
11775,Stockholm,,,,"Stockholms län"
11783,Stockholm,,,,"Stockholms län"
11784,Stockholm,,,,"Stockholms län"
11785,Stockholm,,,,"Stockholms län"
11786,Stockholm,,,,"Stockholms län"
11788,Stockholm,,,,"Stockholms län"
11790,Stockholm,,,,"Stockholms län"
11791,Stockholm,,,,"Stockholms län"
11792,Stockholm,,,,"Stockholms län"
11793,Stockholm,,,,"Stockholms län"
11794,Stockholm,,,,"Stockholms län"
11795,Stockholm,,,,"Stockholms län"
11797,Stockholm,,,,"Stockholms län"
11798,Stockholm,,,,"Stockholms län"
11799,Stockholm,,,,"Stockholms län"
11801,Stockholm,,,,"Stockholms län"
11805,Stockholm,,,,"Stockholms län"
11818,Stockholm,,,,"Stockholms län"
11820,Stockholm,,,,"Stockholms län"
11821,Stockholm,,,,"Stockholms län"
11822,Stockholm,,,,"Stockholms län"
11823,Stockholm,,,,"Stockholms län"
11824,Stockholm,,,,"Stockholms län"
11825,Stockholm,,,,"Stockholms län"
11826,Stockholm,,,,"Stockholms län"
11827,Stockholm,,,,"Stockholms län"
11828,Stockholm,,,,"Stockholms län"
11829,Stockholm,,,,"Stockholms län"
11830,Stockholm,,,,"Stockholms län"
11842,Stockholm,,,,"Stockholms län"
11846,Stockholm,,,,"Stockholms län"
11847,Stockholm,,,,"Stockholms län"
11848,Stockholm,,,,"Stockholms län"
11849,Stockholm,,,,"Stockholms län"
11850,Stockholm,,,,"Stockholms län"
11851,Stockholm,,,,"Stockholms län"
11852,Stockholm,,,,"Stockholms län"
11853,Stockholm,,,,"Stockholms län"
11854,Stockholm,,,,"Stockholms län"
11855,Stockholm,,,,"Stockholms län"
11856,Stockholm,,,,"Stockholms län"
11857,Stockholm,,,,"Stockholms län"
11858,Stockholm,,,,"Stockholms län"
11859,Stockholm,,,,"Stockholms län"
11860,Stockholm,,,,"Stockholms län"
11861,Stockholm,,,,"Stockholms län"
11862,Stockholm,,,,"Stockholms län"
11863,Stockholm,,,,"Stockholms län"
11864,Stockholm,,,,"Stockholms län"
11865,Stockholm,,,,"Stockholms län"
11866,Stockholm,,,,"Stockholms län"
11867,Stockholm,,,,"Stockholms län"
11869,Stockholm,,,,"Stockholms län"
11872,Stockholm,,,,"Stockholms län"
11880,Stockholm,,,,"Stockholms län"
11882,Stockholm,,,,"Stockholms län"
11883,Stockholm,,,,"Stockholms län"
11885,Stockholm,,,,"Stockholms län"
11886,Stockholm,,,,"Stockholms län"
11887,Stockholm,,,,"Stockholms län"
11888,Stockholm,,,,"Stockholms län"
11889,Stockholm,,,,"Stockholms län"
11890,Stockholm,,,,"Stockholms län"
11891,Stockholm,,,,"Stockholms län"
11892,Stockholm,,,,"Stockholms län"
11893,Stockholm,,,,"Stockholms län"
11894,Stockholm,,,,"Stockholms län"
11895,Stockholm,,,,"Stockholms län"
12000,Stockholm,,,,"Stockholms län"
12001,Stockholm,,,,"Stockholms län"
12002,Årsta,,,,"Stockholms län"
12003,Årsta,,,,"Stockholms län"
12004,Årsta,,,,"Stockholms län"
12005,Årsta,,,,"Stockholms län"
12006,Stockholm,,,,"Stockholms län"
12007,Stockholm,,,,"Stockholms län"
12008,Stockholm,,,,"Stockholms län"
12009,Stockholm,,,,"Stockholms län"
12010,Årsta,,,,"Stockholms län"
12011,Stockholm,,,,"Stockholms län"
12012,Stockholm,,,,"Stockholms län"
12013,Stockholm,,,,"Stockholms län"
12014,Stockholm,,,,"Stockholms län"
12015,Stockholm,,,,"Stockholms län"
12016,Stockholm,,,,"Stockholms län"
12017,Stockholm,,,,"Stockholms län"
12018,Stockholm,,,,"Stockholms län"
12019,Stockholm,,,,"Stockholms län"
12021,Stockholm,,,,"Stockholms län"
12022,Stockholm,,,,"Stockholms län"
12023,Stockholm,,,,"Stockholms län"
12024,Stockholm,,,,"Stockholms län"
12025,Stockholm,,,,"Stockholms län"
12026,Stockholm,,,,"Stockholms län"
12030,Stockholm,,,,"Stockholms län"
12031,Stockholm,,,,"Stockholms län"
12032,Stockholm,,,,"Stockholms län"
12033,Stockholm,,,,"Stockholms län"
12038,Årsta,,,,"Stockholms län"
12039,Årsta,,,,"Stockholms län"
12040,Årsta,,,,"Stockholms län"
12044,Årsta,,,,"Stockholms län"
12047,"Enskede Gård",,,,"Stockholms län"
12048,"Enskede Gård",,,,"Stockholms län"
12050,Årsta,,,,"Stockholms län"
12051,Årsta,,,,"Stockholms län"
12052,Årsta,,,,"Stockholms län"
12053,Årsta,,,,"Stockholms län"
12054,Årsta,,,,"Stockholms län"
12055,Årsta,,,,"Stockholms län"
12056,Årsta,,,,"Stockholms län"
12057,Årsta,,,,"Stockholms län"
12058,Årsta,,,,"Stockholms län"
12059,Årsta,,,,"Stockholms län"
12060,Årsta,,,,"Stockholms län"
12064,Stockholm,,,,"Stockholms län"
12065,Stockholm,,,,"Stockholms län"
12066,Stockholm,,,,"Stockholms län"
12067,Stockholm,,,,"Stockholms län"
12068,Stockholm,,,,"Stockholms län"
12071,STOCKHOLM,,,,"Stockholms län"
12078,Stockholm,,,,"Stockholms län"
12079,Stockholm,,,,"Stockholms län"
12080,Stockholm,,,,"Stockholms län"
12082,Stockholm,,,,"Stockholms län"
12083,Stockholm,,,,"Stockholms län"
12086,Stockholm,,,,"Stockholms län"
12087,Stockholm,,,,"Stockholms län"
12088,Stockholm,,,,"Stockholms län"
12090,Stockholm,,,,"Stockholms län"
12100,Johanneshov,,,,"Stockholms län"
12105,Johanneshov,,,,"Stockholms län"
12106,Johanneshov,,,,"Stockholms län"
12111,Johanneshov,,,,"Stockholms län"
12112,Johanneshov,,,,"Stockholms län"
12113,Johanneshov,,,,"Stockholms län"
12114,Enskededalen,,,,"Stockholms län"
12115,Enskededalen,,,,"Stockholms län"
12116,Johanneshov,,,,"Stockholms län"
12117,Johanneshov,,,,"Stockholms län"
12118,Johanneshov,,,,"Stockholms län"
12121,Johanneshov,,,,"Stockholms län"
12122,Johanneshov,,,,"Stockholms län"
12123,Johanneshov,,,,"Stockholms län"
12124,Johanneshov,,,,"Stockholms län"
12126,Stockholm-Globen,,,,"Stockholms län"
12127,Stockholm-Globen,,,,"Stockholms län"
12128,Stockholm-Globen,,,,"Stockholms län"
12129,Stockholm,,,,"Stockholms län"
12130,Enskededalen,,,,"Stockholms län"
12131,Enskededalen,,,,"Stockholms län"
12132,Enskededalen,,,,"Stockholms län"
12133,Enskededalen,,,,"Stockholms län"
12134,Enskededalen,,,,"Stockholms län"
12135,Johanneshov,,,,"Stockholms län"
12136,Johanneshov,,,,"Stockholms län"
12137,Johanneshov,,,,"Stockholms län"
12138,Johanneshov,,,,"Stockholms län"
12139,Johanneshov,,,,"Stockholms län"
12140,Johanneshov,,,,"Stockholms län"
12143,Johanneshov,,,,"Stockholms län"
12144,Johanneshov,,,,"Stockholms län"
12145,Johanneshov,,,,"Stockholms län"
12146,Johanneshov,,,,"Stockholms län"
12147,Johanneshov,,,,"Stockholms län"
12148,Johanneshov,,,,"Stockholms län"
12149,Johanneshov,,,,"Stockholms län"
12150,Johanneshov,,,,"Stockholms län"
12151,Johanneshov,,,,"Stockholms län"
12152,Johanneshov,,,,"Stockholms län"
12153,Johanneshov,,,,"Stockholms län"
12154,Johanneshov,,,,"Stockholms län"
12155,Johanneshov,,,,"Stockholms län"
12156,Johanneshov,,,,"Stockholms län"
12162,Johanneshov,,,,"Stockholms län"
12163,Johanneshov,,,,"Stockholms län"
12177,Johanneshov,,,,"Stockholms län"
12186,Johanneshov,,,,"Stockholms län"
12187,Enskededalen,,,,"Stockholms län"
12188,Stockholm-Globen,,,,"Stockholms län"
12189,Johanneshov,,,,"Stockholms län"
12200,Enskede,,,,"Stockholms län"
12203,Enskede,,,,"Stockholms län"
12206,Enskede,,,,"Stockholms län"
12231,Enskede,,,,"Stockholms län"
12232,Enskede,,,,"Stockholms län"
12233,Enskede,,,,"Stockholms län"
12234,Enskede,,,,"Stockholms län"
12237,Enskede,,,,"Stockholms län"
12238,Enskede,,,,"Stockholms län"
12239,Enskede,,,,"Stockholms län"
12240,Enskede,,,,"Stockholms län"
12241,Enskede,,,,"Stockholms län"
12242,Enskede,,,,"Stockholms län"
12243,Enskede,,,,"Stockholms län"
12244,Enskede,,,,"Stockholms län"
12245,Enskede,,,,"Stockholms län"
12246,Enskede,,,,"Stockholms län"
12247,Enskede,,,,"Stockholms län"
12248,Enskede,,,,"Stockholms län"
12249,Enskede,,,,"Stockholms län"
12260,Enskede,,,,"Stockholms län"
12262,Enskede,,,,"Stockholms län"
12263,Enskede,,,,"Stockholms län"
12264,Enskede,,,,"Stockholms län"
12265,Enskede,,,,"Stockholms län"
12266,Enskede,,,,"Stockholms län"
12286,Enskede,,,,"Stockholms län"
12288,Enskede,,,,"Stockholms län"
12300,Farsta,,,,"Stockholms län"
12301,Farsta,,,,"Stockholms län"
12303,Farsta,,,,"Stockholms län"
12305,Farsta,,,,"Stockholms län"
12321,Farsta,,,,"Stockholms län"
12322,Farsta,,,,"Stockholms län"
12323,Farsta,,,,"Stockholms län"
12324,Farsta,,,,"Stockholms län"
12326,Farsta,,,,"Stockholms län"
12327,Farsta,,,,"Stockholms län"
12328,Farsta,,,,"Stockholms län"
12331,Farsta,,,,"Stockholms län"
12332,Farsta,,,,"Stockholms län"
12333,Farsta,,,,"Stockholms län"
12334,Farsta,,,,"Stockholms län"
12340,Farsta,,,,"Stockholms län"
12341,Farsta,,,,"Stockholms län"
12342,Farsta,,,,"Stockholms län"
12343,Farsta,,,,"Stockholms län"
12344,Farsta,,,,"Stockholms län"
12346,Farsta,,,,"Stockholms län"
12347,Farsta,,,,"Stockholms län"
12348,Farsta,,,,"Stockholms län"
12349,Farsta,,,,"Stockholms län"
12350,Farsta,,,,"Stockholms län"
12352,Farsta,,,,"Stockholms län"
12353,Farsta,,,,"Stockholms län"
12354,Farsta,,,,"Stockholms län"
12355,Farsta,,,,"Stockholms län"
12356,Farsta,,,,"Stockholms län"
12357,Farsta,,,,"Stockholms län"
12358,Farsta,,,,"Stockholms län"
12359,Farsta,,,,"Stockholms län"
12360,Farsta,,,,"Stockholms län"
12361,Fasta,,,,"Stockholms län"
12363,Farsta,,,,"Stockholms län"
12371,Farsta,,,,"Stockholms län"
12372,Farsta,,,,"Stockholms län"
12373,Farsta,,,,"Stockholms län"
12386,Farsta,,,,"Stockholms län"
12400,Bandhagen,,,,"Stockholms län"
12403,Bandhagen,,,,"Stockholms län"
12404,Bandhagen,,,,"Stockholms län"
12421,Bandhagen,,,,"Stockholms län"
12422,Bandhagen,,,,"Stockholms län"
12425,Bandhagen,,,,"Stockholms län"
12430,Bandhagen,,,,"Stockholms län"
12431,Bandhagen,,,,"Stockholms län"
12432,Bandhagen,,,,"Stockholms län"
12433,Bandhagen,,,,"Stockholms län"
12434,Bandhagen,,,,"Stockholms län"
12436,Bandhagen,,,,"Stockholms län"
12450,Bandhagen,,,,"Stockholms län"
12451,Bandhagen,,,,"Stockholms län"
12452,Bandhagen,,,,"Stockholms län"
12453,Bandhagen,,,,"Stockholms län"
12454,Bandhagen,,,,"Stockholms län"
12455,Bandhagen,,,,"Stockholms län"
12456,Bandhagen,,,,"Stockholms län"
12457,Bandhagen,,,,"Stockholms län"
12458,Bandhagen,,,,"Stockholms län"
12459,Bandhagen,,,,"Stockholms län"
12460,Bandhagen,,,,"Stockholms län"
12461,Bandhagen,,,,"Stockholms län"
12462,Bandhagen,,,,"Stockholms län"
12463,Bandhagen,,,,"Stockholms län"
12464,Bandhagen,,,,"Stockholms län"
12465,Bandhagen,,,,"Stockholms län"
12466,Bandhagen,,,,"Stockholms län"
12467,Bandhagen,,,,"Stockholms län"
12470,Bandhagen,,,,"Stockholms län"
12471,Bandhagen,,,,"Stockholms län"
12472,Bandhagen,,,,"Stockholms län"
12473,Bandhagen,,,,"Stockholms län"
12474,Bandhagen,,,,"Stockholms län"
12475,Bandhagen,,,,"Stockholms län"
12476,Bandhagen,,,,"Stockholms län"
12500,Älvsjö,,,,"Stockholms län"
12501,Älvsjö,,,,"Stockholms län"
12502,Älvsjö,,,,"Stockholms län"
12503,Älvsjö,,,,"Stockholms län"
12505,Älvsjö,,,,"Stockholms län"
12521,Älvsjö,,,,"Stockholms län"
12522,Älvsjö,,,,"Stockholms län"
12523,Älvsjö,,,,"Stockholms län"
12524,Älvsjö,,,,"Stockholms län"
12525,Älvsjö,,,,"Stockholms län"
12530,Älvsjö,,,,"Stockholms län"
12531,Älvsjö,,,,"Stockholms län"
12532,Älvsjö,,,,"Stockholms län"
12533,Älvsjö,,,,"Stockholms län"
12534,Älvsjö,,,,"Stockholms län"
12535,Älvsjö,,,,"Stockholms län"
12540,Älvsjö,,,,"Stockholms län"
12541,Älvsjö,,,,"Stockholms län"
12542,Älvsjö,,,,"Stockholms län"
12543,Älvsjö,,,,"Stockholms län"
12544,Älvsjö,,,,"Stockholms län"
12546,Älvsjö,,,,"Stockholms län"
12547,Âlvsjö,,,,"Stockholms län"
12548,Älvsjö,,,,"Stockholms län"
12551,Älvsjö,,,,"Stockholms län"
12552,Älvsjö,,,,"Stockholms län"
12553,Älvsjö,,,,"Stockholms län"
12554,Älvsjö,,,,"Stockholms län"
12555,Älvsjö,,,,"Stockholms län"
12556,Älvsjö,,,,"Stockholms län"
12557,Älvsjö,,,,"Stockholms län"
12558,Älvsjö,,,,"Stockholms län"
12559,Älvsjö,,,,"Stockholms län"
12560,Älvsjö,,,,"Stockholms län"
12570,Älvsjö,,,,"Stockholms län"
12571,Älvsjö,,,,"Stockholms län"
12572,Älvsjö,,,,"Stockholms län"
12573,Älvsjö,,,,"Stockholms län"
12574,Älvsjö,,,,"Stockholms län"
12580,Stockholm,,,,"Stockholms län"
12581,Stockholm,,,,"Stockholms län"
12582,Stockholm,,,,"Stockholms län"
12586,Älvsjö,,,,"Stockholms län"
12600,Hägersten,,,,"Stockholms län"
12601,Hägersten,,,,"Stockholms län"
12608,Stockholm,,,,"Stockholms län"
12609,Hägersten,,,,"Stockholms län"
12611,Stockholm,,,,"Stockholms län"
12612,Stockholm,,,,"Stockholms län"
12613,Stockholm,,,,"Stockholms län"
12614,Stockholm,,,,"Stockholms län"
12615,Stockholm,,,,"Stockholms län"
12616,Stockholm,,,,"Stockholms län"
12617,Stockholm,,,,"Stockholms län"
12618,Stockholm,,,,"Stockholms län"
12625,Stockholm,,,,"Stockholms län"
12626,Hägersten,,,,"Stockholms län"
12627,Stockholm,,,,"Stockholms län"
12628,Hägersten,,,,"Stockholms län"
12629,Hägersten,,,,"Stockholms län"
12630,Hägersten,,,,"Stockholms län"
12631,Hägersten,,,,"Stockholms län"
12632,Hägersten,,,,"Stockholms län"
12633,Hägersten,,,,"Stockholms län"
12634,Hägersten,,,,"Stockholms län"
12635,Hägersten,,,,"Stockholms län"
12636,Hägersten,,,,"Stockholms län"
12637,Hägersten,,,,"Stockholms län"
12638,Hägersten,,,,"Stockholms län"
12639,Hägersten,,,,"Stockholms län"
12640,Hägersten,,,,"Stockholms län"
12641,Hägersten,,,,"Stockholms län"
12642,Hägersten,,,,"Stockholms län"
12647,Hägersten,,,,"Stockholms län"
12648,Hägersten,,,,"Stockholms län"
12649,Hägersten,,,,"Stockholms län"
12650,Hägersten,,,,"Stockholms län"
12651,Hägersten,,,,"Stockholms län"
12652,Hägersten,,,,"Stockholms län"
12653,Hägersten,,,,"Stockholms län"
12654,Hägersten,,,,"Stockholms län"
12655,Hägersten,,,,"Stockholms län"
12675,Stockholm,,,,"Stockholms län"
12677,Hägersten,,,,"Stockholms län"
12678,Hägersten,,,,"Stockholms län"
12679,Hägersten,,,,"Stockholms län"
12680,Stockholm,,,,"Stockholms län"
12686,Stockholm,,,,"Stockholms län"
12688,Stockholm,,,,"Stockholms län"
12689,Hägersten,,,,"Stockholms län"
12700,Skärholmen,,,,"Stockholms län"
12702,Skärholmen,,,,"Stockholms län"
12703,Skärholmen,,,,"Stockholms län"
12721,Skärholmen,,,,"Stockholms län"
12722,Skärholmen,,,,"Stockholms län"
12723,Skärholmen,,,,"Stockholms län"
12724,Skärholmen,,,,"Stockholms län"
12725,Skärholmen,,,,"Stockholms län"
12726,Skärholmen,,,,"Stockholms län"
12729,Stockholm,,,,"Stockholms län"
12730,Skärholmen,,,,"Stockholms län"
12731,Skärholmen,,,,"Stockholms län"
12732,Skärholmen,,,,"Stockholms län"
12733,Skärholmen,,,,"Stockholms län"
12734,Skärholmen,,,,"Stockholms län"
12735,Skärholmen,,,,"Stockholms län"
12736,Skärholmen,,,,"Stockholms län"
12737,Skärholmen,,,,"Stockholms län"
12738,Skärholmen,,,,"Stockholms län"
12739,Skärholmen,,,,"Stockholms län"
12740,Skärholmen,,,,"Stockholms län"
12741,Skärholmen,,,,"Stockholms län"
12742,Skärholmen,,,,"Stockholms län"
12743,Skärholmen,,,,"Stockholms län"
12744,Skärholmen,,,,"Stockholms län"
12745,Skärholmen,,,,"Stockholms län"
12746,Skärholmen,,,,"Stockholms län"
12747,Skärholmen,,,,"Stockholms län"
12748,Skärholmen,,,,"Stockholms län"
12749,Skärholmen,,,,"Stockholms län"
12751,Skärholmen,,,,"Stockholms län"
12760,Skärmholmen,,,,"Stockholms län"
12761,Skärholmen,,,,"Stockholms län"
12781,Skärholmen,,,,"Stockholms län"
12785,Skärholmen,,,,"Stockholms län"
12786,Skärholmen,,,,"Stockholms län"
12787,Skärholmen,,,,"Stockholms län"
12800,Skarpnäck,,,,"Stockholms län"
12804,Bagarmossen,,,,"Stockholms län"
12805,Bagarmossen,,,,"Stockholms län"
12806,Sköndal,,,,"Stockholms län"
12807,Sköndal,,,,"Stockholms län"
12821,Skarpnäck,,,,"Stockholms län"
12822,Skarpnäck,,,,"Stockholms län"
12823,Skarpnäck,,,,"Stockholms län"
12824,Skarpnäck,,,,"Stockholms län"
12830,Skarpnäck,,,,"Stockholms län"
12831,Skarpnäck,,,,"Stockholms län"
12832,Skarpnäck,,,,"Stockholms län"
12833,Skarpnäck,,,,"Stockholms län"
12834,Skarpnäck,,,,"Stockholms län"
12835,Skarpnäck,,,,"Stockholms län"
12836,Skarpnäck,,,,"Stockholms län"
12838,Skarpnäck,,,,"Stockholms län"
12839,Skarpnäck,,,,"Stockholms län"
12841,Bagarmossen,,,,"Stockholms län"
12842,Bagarmossen,,,,"Stockholms län"
12843,Bagarmossen,,,,"Stockholms län"
12844,Bagarmossen,,,,"Stockholms län"
12845,Bagarmossen,,,,"Stockholms län"
12846,Bagarmossen,,,,"Stockholms län"
12847,Bagarmossen,,,,"Stockholms län"
12848,Bagarmossen,,,,"Stockholms län"
12862,Sköndal,,,,"Stockholms län"
12863,Sköndal,,,,"Stockholms län"
12864,Sköndal,,,,"Stockholms län"
12865,Sköndal,,,,"Stockholms län"
12866,Sköndal,,,,"Stockholms län"
12867,Sköndal,,,,"Stockholms län"
12868,Sköndal,,,,"Stockholms län"
12869,Sköndal,,,,"Stockholms län"
12885,Sköndal,,,,"Stockholms län"
12900,Hägersten,,,,"Stockholms län"
12904,Hägersten,,,,"Stockholms län"
12906,Hägersten,,,,"Stockholms län"
12907,Hägersten,,,,"Stockholms län"
12918,Hägersten,,,,"Stockholms län"
12921,Hägersten,,,,"Stockholms län"
12922,Hägersten,,,,"Stockholms län"
12923,Hägersten,,,,"Stockholms län"
12930,Hägersten,,,,"Stockholms län"
12931,Hägersten,,,,"Stockholms län"
12932,Hägersten,,,,"Stockholms län"
12933,Hägersten,,,,"Stockholms län"
12934,Hägersten,,,,"Stockholms län"
12935,Hägersten,,,,"Stockholms län"
12936,Hägersten,,,,"Stockholms län"
12937,Hägersten,,,,"Stockholms län"
12938,Hägersten,,,,"Stockholms län"
12939,Hägersten,,,,"Stockholms län"
12940,Hägersten,,,,"Stockholms län"
12941,Hägersten,,,,"Stockholms län"
12942,Hägersten,,,,"Stockholms län"
12943,Hägersten,,,,"Stockholms län"
12944,Hägersten,,,,"Stockholms län"
12945,Hägersten,,,,"Stockholms län"
12946,Hägersten,,,,"Stockholms län"
12947,Hägersten,,,,"Stockholms län"
12948,Hägersten,,,,"Stockholms län"
12949,Hägersten,,,,"Stockholms län"
12950,Hägersten,,,,"Stockholms län"
12951,Hägersten,,,,"Stockholms län"
12952,Hägersten,,,,"Stockholms län"
12953,Hägersten,,,,"Stockholms län"
12954,Hägersten,,,,"Stockholms län"
12955,Hägersten,,,,"Stockholms län"
12956,Hägersten,,,,"Stockholms län"
12957,Hägersten,,,,"Stockholms län"
13129,Stockholm,,,,"Stockholms län"
13155,Stockholm,,,,"Stockholms län"
13188,Stockholm,,,,"Stockholms län"
13191,Stockholm,,,,"Stockholms län"
13570,Stockholm,,,,"Stockholms län"
14182,Stockholm,,,,"Stockholms län"
14186,Stockholm,,,,"Stockholms län"
14199,Stockholm,,,,"Stockholms län"
14346,Vårby,,,,"Stockholms län"
14584,Stockholm,,,,"Stockholms län"
16100,Bromma,,,,"Stockholms län"
16102,Bromma,,,,"Stockholms län"
16103,Bromma,,,,"Stockholms län"
16104,Bromma,,,,"Stockholms län"
16105,Bromma,,,,"Stockholms län"
16107,Bromma,,,,"Stockholms län"
16111,Bromma,,,,"Stockholms län"
16124,Bromma,,,,"Stockholms län"
16125,Bromma,,,,"Stockholms län"
16126,Bromma,,,,"Stockholms län"
16184,Bromma,,,,"Stockholms län"
16186,Stockholm,,,,"Stockholms län"
16189,Stockholm,,,,"Stockholms län"
16200,Vällingby,,,,"Stockholms län"
16206,Vällingby,,,,"Stockholms län"
16211,Vällingby,,,,"Stockholms län"
16212,Vällingby,,,,"Stockholms län"
16215,Vällingby,,,,"Stockholms län"
16216,Stockholm,,,,"Stockholms län"
16220,Vällingby,,,,"Stockholms län"
16243,Vällingby,,,,"Stockholms län"
16244,Vällingby,,,,"Stockholms län"
16245,Vällingby,,,,"Stockholms län"
16246,Vällingby,,,,"Stockholms län"
16247,Vällingby,,,,"Stockholms län"
16250,Vällingby,,,,"Stockholms län"
16251,Vällingby,,,,"Stockholms län"
16252,Vällingby,,,,"Stockholms län"
16253,Vällingby,,,,"Stockholms län"
16254,Vällingby,,,,"Stockholms län"
16255,Vällingby,,,,"Stockholms län"
16256,Vällingby,,,,"Stockholms län"
16257,Vällingby,,,,"Stockholms län"
16258,Vällingby,,,,"Stockholms län"
16260,Vällingby,,,,"Stockholms län"
16261,Vällingby,,,,"Stockholms län"
16262,Vällingby,,,,"Stockholms län"
16263,Vällingby,,,,"Stockholms län"
16264,Vällingby,,,,"Stockholms län"
16265,Vällingby,,,,"Stockholms län"
16266,Vällingby,,,,"Stockholms län"
16267,Vällingby,,,,"Stockholms län"
16268,Vällingby,,,,"Stockholms län"
16270,Vällingby,,,,"Stockholms län"
16271,Vällingby,,,,"Stockholms län"
16272,Vällingby,,,,"Stockholms län"
16273,Vällingby,,,,"Stockholms län"
16274,Vällingby,,,,"Stockholms län"
16283,Vällingby,,,,"Stockholms län"
16287,Stockholm,,,,"Stockholms län"
16288,Vällingby,,,,"Stockholms län"
16289,Stockholm,,,,"Stockholms län"
16300,Spånga,,,,"Stockholms län"
16303,Spånga,,,,"Stockholms län"
16304,Spånga,,,,"Stockholms län"
16305,Spånga,,,,"Stockholms län"
16308,Spånga,,,,"Stockholms län"
16310,Spånga,,,,"Stockholms län"
16319,Spånga,,,,"Stockholms län"
16321,Spånga,,,,"Stockholms län"
16329,Spånga,,,,"Stockholms län"
16340,Spånga,,,,"Stockholms län"
16341,Spånga,,,,"Stockholms län"
16342,Spånga,,,,"Stockholms län"
16343,Spånga,,,,"Stockholms län"
16344,Spånga,,,,"Stockholms län"
16345,Spånga,,,,"Stockholms län"
16346,Spånga,,,,"Stockholms län"
16347,Spånga,,,,"Stockholms län"
16349,Spånga,,,,"Stockholms län"
16350,Spånga,,,,"Stockholms län"
16351,Spånga,,,,"Stockholms län"
16352,Spånga,,,,"Stockholms län"
16353,Spånga,,,,"Stockholms län"
16354,Spånga,,,,"Stockholms län"
16355,Spånga,,,,"Stockholms län"
16356,Spånga,,,,"Stockholms län"
16357,Spånga,,,,"Stockholms län"
16361,Spånga,,,,"Stockholms län"
16362,Spånga,,,,"Stockholms län"
16363,Spånga,,,,"Stockholms län"
16364,Spånga,,,,"Stockholms län"
16365,Spånga,,,,"Stockholms län"
16366,Spånga,,,,"Stockholms län"
16367,Spånga,,,,"Stockholms län"
16368,Spånga,,,,"Stockholms län"
16370,Spånga,,,,"Stockholms län"
16371,Spånga,,,,"Stockholms län"
16372,Spånga,,,,"Stockholms län"
16373,Spånga,,,,"Stockholms län"
16374,Spånga,,,,"Stockholms län"
16375,Spånga,,,,"Stockholms län"
16376,Spånga,,,,"Stockholms län"
16377,Spånga,,,,"Stockholms län"
16380,Spånga,,,,"Stockholms län"
16385,Spånga,,,,"Stockholms län"
16389,Spånga,,,,"Stockholms län"
16391,Spånga,,,,"Stockholms län"
16394,Stockholm,,,,"Stockholms län"
16400,Kista,,,,"Stockholms län"
16406,Kista,,,,"Stockholms län"
16407,Kista,,,,"Stockholms län"
16419,Kista,,,,"Stockholms län"
16421,Kista,,,,"Stockholms län"
16422,Kista,,,,"Stockholms län"
16425,Kista,,,,"Stockholms län"
16426,Kista,,,,"Stockholms län"
16428,Kista,,,,"Stockholms län"
16430,Kista,,,,"Stockholms län"
16431,Kista,,,,"Stockholms län"
16432,Kista,,,,"Stockholms län"
16433,Kista,,,,"Stockholms län"
16434,Kista,,,,"Stockholms län"
16435,Kista,,,,"Stockholms län"
16436,Kista,,,,"Stockholms län"
16437,Kista,,,,"Stockholms län"
16438,Kista,,,,"Stockholms län"
16439,Kista,,,,"Stockholms län"
16440,Kista,,,,"Stockholms län"
16441,Kista,,,,"Stockholms län"
16442,Kista,,,,"Stockholms län"
16443,Kista,,,,"Stockholms län"
16444,Kista,,,,"Stockholms län"
16445,Kista,,,,"Stockholms län"
16446,Kista,,,,"Stockholms län"
16447,Kista,,,,"Stockholms län"
16448,Kista,,,,"Stockholms län"
16451,Kista,,,,"Stockholms län"
16452,Kista,,,,"Stockholms län"
16453,Kista,,,,"Stockholms län"
16455,Kista,,,,"Stockholms län"
16471,Kista,,,,"Stockholms län"
16472,Kista,,,,"Stockholms län"
16473,Kista,,,,"Stockholms län"
16474,Kista,,,,"Stockholms län"
16475,Kista,,,,"Stockholms län"
16476,Kista,,,,"Stockholms län"
16477,Kista,,,,"Stockholms län"
16478,Kista,,,,"Stockholms län"
16479,Kista,,,,"Stockholms län"
16480,Stockholm,,,,"Stockholms län"
16481,Kista,,,,"Stockholms län"
16482,Stockholm,,,,"Stockholms län"
16483,Stockholm,,,,"Stockholms län"
16484,Stockholm,,,,"Stockholms län"
16485,Stockholm,,,,"Stockholms län"
16486,Stockholm,,,,"Stockholms län"
16487,Kista,,,,"Stockholms län"
16488,Kista,,,,"Stockholms län"
16489,Stockholm,,,,"Stockholms län"
16491,Kista,,,,"Stockholms län"
16492,Stockholm,,,,"Stockholms län"
16493,Kista,,,,"Stockholms län"
16494,Kista,,,,"Stockholms län"
16496,Kista,,,,"Stockholms län"
16497,Kista,,,,"Stockholms län"
16498,Stockholm,,,,"Stockholms län"
16499,Kista,,,,"Stockholms län"
16500,Hässelby,,,,"Stockholms län"
16510,Hässelby,,,,"Stockholms län"
16511,Hässelby,,,,"Stockholms län"
16512,Hässelby,,,,"Stockholms län"
16513,Hässelby,,,,"Stockholms län"
16515,Hässelby,,,,"Stockholms län"
16516,Hässelby,,,,"Stockholms län"
16521,Hässelby,,,,"Stockholms län"
16522,Hässelby,,,,"Stockholms län"
16523,Hässelby,,,,"Stockholms län"
16524,Hässelby,,,,"Stockholms län"
16552,Hässelby,,,,"Stockholms län"
16553,Hässelby,,,,"Stockholms län"
16554,Hässelby,,,,"Stockholms län"
16555,Hässelby,,,,"Stockholms län"
16556,Hässelby,,,,"Stockholms län"
16557,Hässelby,,,,"Stockholms län"
16558,Hässelby,,,,"Stockholms län"
16559,Hässelby,,,,"Stockholms län"
16560,Hässelby,,,,"Stockholms län"
16561,Hässelby,,,,"Stockholms län"
16562,Hässelby,,,,"Stockholms län"
16563,Hässelby,,,,"Stockholms län"
16564,Hässelby,,,,"Stockholms län"
16565,Hässelby,,,,"Stockholms län"
16566,Hässelby,,,,"Stockholms län"
16570,Hässelby,,,,"Stockholms län"
16571,Hässelby,,,,"Stockholms län"
16572,Hässelby,,,,"Stockholms län"
16573,Hässelby,,,,"Stockholms län"
16574,Hässelby,,,,"Stockholms län"
16575,Hässelby,,,,"Stockholms län"
16576,Hässelby,,,,"Stockholms län"
16577,Hässelby,,,,"Stockholms län"
16578,Hässelby,,,,"Stockholms län"
16700,Bromma,,,,"Stockholms län"
16714,Bromma,,,,"Stockholms län"
16715,Bromma,,,,"Stockholms län"
16717,Bromma,,,,"Stockholms län"
16719,Bromma,,,,"Stockholms län"
16721,Bromma,,,,"Stockholms län"
16722,Bromma,,,,"Stockholms län"
16724,Bromma,,,,"Stockholms län"
16731,Bromma,,,,"Stockholms län"
16732,Bromma,,,,"Stockholms län"
16733,Bromma,,,,"Stockholms län"
16735,Bromma,,,,"Stockholms län"
16736,Bromma,,,,"Stockholms län"
16737,Bromma,,,,"Stockholms län"
16738,Bromma,,,,"Stockholms län"
16739,Bromma,,,,"Stockholms län"
16740,Bromma,,,,"Stockholms län"
16741,Bromma,,,,"Stockholms län"
16743,Bromma,,,,"Stockholms län"
16744,Bromma,,,,"Stockholms län"
16745,Bromma,,,,"Stockholms län"
16751,Bromma,,,,"Stockholms län"
16752,Bromma,,,,"Stockholms län"
16753,Bromma,,,,"Stockholms län"
16754,Bromma,,,,"Stockholms län"
16755,Bromma,,,,"Stockholms län"
16756,Bromma,,,,"Stockholms län"
16757,Bromma,,,,"Stockholms län"
16761,Bromma,,,,"Stockholms län"
16762,Bromma,,,,"Stockholms län"
16763,Bromma,,,,"Stockholms län"
16764,Bromma,,,,"Stockholms län"
16765,Bromma,,,,"Stockholms län"
16766,Bromma,,,,"Stockholms län"
16767,Bromma,,,,"Stockholms län"
16771,Bromma,,,,"Stockholms län"
16772,Bromma,,,,"Stockholms län"
16773,Bromma,,,,"Stockholms län"
16774,Bromma,,,,"Stockholms län"
16775,Bromma,,,,"Stockholms län"
16776,Bromma,,,,"Stockholms län"
16780,Bromma,,,,"Stockholms län"
16781,Bromma,,,,"Stockholms län"
16800,Bromma,,,,"Stockholms län"
16810,Bromma,,,,"Stockholms län"
16827,Bromma,,,,"Stockholms län"
16830,Bromma,,,,"Stockholms län"
16831,Bromma,,,,"Stockholms län"
16832,Bromma,,,,"Stockholms län"
16833,Bromma,,,,"Stockholms län"
16834,Bromma,,,,"Stockholms län"
16835,Bromma,,,,"Stockholms län"
16836,Bromma,,,,"Stockholms län"
16837,Bromma,,,,"Stockholms län"
16838,Bromma,,,,"Stockholms län"
16839,Bromma,,,,"Stockholms län"
16840,Bromma,,,,"Stockholms län"
16841,Bromma,,,,"Stockholms län"
16842,Bromma,,,,"Stockholms län"
16843,Bromma,,,,"Stockholms län"
16844,Bromma,,,,"Stockholms län"
16845,Bromma,,,,"Stockholms län"
16846,Bromma,,,,"Stockholms län"
16847,Bromma,,,,"Stockholms län"
16848,Bromma,,,,"Stockholms län"
16849,Bromma,,,,"Stockholms län"
16850,Bromma,,,,"Stockholms län"
16851,Bromma,,,,"Stockholms län"
16852,Bromma,,,,"Stockholms län"
16853,Bromma,,,,"Stockholms län"
16854,Bromma,,,,"Stockholms län"
16855,Bromma,,,,"Stockholms län"
16856,Bromma,,,,"Stockholms län"
16857,Bromma,,,,"Stockholms län"
16858,Bromma,,,,"Stockholms län"
16859,Bromma,,,,"Stockholms län"
16860,Bromma,,,,"Stockholms län"
16861,Bromma,,,,"Stockholms län"
16862,Bromma,,,,"Stockholms län"
16863,Bromma,,,,"Stockholms län"
16864,Bromma,,,,"Stockholms län"
16865,Bromma,,,,"Stockholms län"
16866,Bromma,,,,"Stockholms län"
16867,Bromma,,,,"Stockholms län"
16868,Bromma,,,,"Stockholms län"
16869,Bromma,,,,"Stockholms län"
16870,Bromma,,,,"Stockholms län"
16871,Bromma,,,,"Stockholms län"
16872,Bromma,,,,"Stockholms län"
16873,Bromma,,,,"Stockholms län"
16874,Bromma,,,,"Stockholms län"
16875,Bromma,,,,"Stockholms län"
16876,Bromma,,,,"Stockholms län"
16877,Bromma,,,,"Stockholms län"
16878,Bromma,,,,"Stockholms län"
16880,Bromma,,,,"Stockholms län"
16982,Stockholm,,,,"Stockholms län"
16984,Stockholm,,,,"Stockholms län"
16985,Stockholm,,,,"Stockholms län"
16986,Stockholm,,,,"Stockholms län"
16992,Stockholm,,,,"Stockholms län"
16999,Stockholm,,,,"Stockholms län"
17116,Stockholm,,,,"Stockholms län"
17175,Stockholm,,,,"Stockholms län"
17176,Stockholm,,,,"Stockholms län"
17177,Stockholm,,,,"Stockholms län"
17281,Stockholm,,,,"Stockholms län"
17290,Stockholm,,,,"Stockholms län"
17298,Stockholm,,,,"Stockholms län"
17350,Stockholm,,,,"Stockholms län"
17380,Stockholm,,,,"Stockholms län"
17381,Stockholm,,,,"Stockholms län"
17382,Stockholm,,,,"Stockholms län"
17383,Stockholm,,,,"Stockholms län"
18282,Stockholm,,,,"Stockholms län"
18288,Stockholm,,,,"Stockholms län"
15021,Mölnbo,,,,"Stockholms län"
15023,Enhörna,,,,"Stockholms län"
15100,Södertälje,,,,"Stockholms län"
15101,Södertälje,,,,"Stockholms län"
15102,Södertälje,,,,"Stockholms län"
15104,Södertälje,,,,"Stockholms län"
15106,Södertälje,,,,"Stockholms län"
15108,Södertälje,,,,"Stockholms län"
15109,Södertälje,,,,"Stockholms län"
15110,Södertälje,,,,"Stockholms län"
15121,Södertälje,,,,"Stockholms län"
15122,Södertälje,,,,"Stockholms län"
15123,Södertälje,,,,"Stockholms län"
15124,Södertälje,,,,"Stockholms län"
15126,Södertälje,,,,"Stockholms län"
15127,Södertälje,,,,"Stockholms län"
15128,Enhörna,,,,"Stockholms län"
15129,Södertälje,,,,"Stockholms län"
15132,Södertälje,,,,"Stockholms län"
15133,Södertälje,,,,"Stockholms län"
15134,Södertälje,,,,"Stockholms län"
15135,Södertälje,,,,"Stockholms län"
15136,Södertälje,,,,"Stockholms län"
15137,Södertälje,,,,"Stockholms län"
15138,Södertälje,,,,"Stockholms län"
15139,Södertälje,,,,"Stockholms län"
15140,Södertälje,,,,"Stockholms län"
15144,Södertälje,,,,"Stockholms län"
15145,Södertälje,,,,"Stockholms län"
15146,Södertälje,,,,"Stockholms län"
15147,Södertälje,,,,"Stockholms län"
15148,Södertälje,,,,"Stockholms län"
15150,Enhörna,,,,"Stockholms län"
15151,Södertälje,,,,"Stockholms län"
15152,Södertälje,,,,"Stockholms län"
15153,Södertälje,,,,"Stockholms län"
15154,Södertälje,,,,"Stockholms län"
15155,Södertälje,,,,"Stockholms län"
15159,Södertälje,,,,"Stockholms län"
15160,Södertälje,,,,"Stockholms län"
15161,Södertälje,,,,"Stockholms län"
15162,Södertälje,,,,"Stockholms län"
15163,Södertälje,,,,"Stockholms län"
15164,Södertälje,,,,"Stockholms län"
15165,Södertälje,,,,"Stockholms län"
15166,Södertälje,,,,"Stockholms län"
15168,Södertälje,,,,"Stockholms län"
15171,Södertälje,,,,"Stockholms län"
15172,Södertälje,,,,"Stockholms län"
15173,Södertälje,,,,"Stockholms län"
15181,Södertälje,,,,"Stockholms län"
15182,Södertälje,,,,"Stockholms län"
15183,Södertälje,,,,"Stockholms län"
15185,Södertälje,,,,"Stockholms län"
15187,Södertälje,,,,"Stockholms län"
15188,Södertälje,,,,"Stockholms län"
15189,Södertälje,,,,"Stockholms län"
15192,Södertälje,,,,"Stockholms län"
15196,Enhörna,,,,"Stockholms län"
15200,Södertälje,,,,"Stockholms län"
15205,Södertälje,,,,"Stockholms län"
15207,Södertälje,,,,"Stockholms län"
15225,Södertälje,,,,"Stockholms län"
15226,Södertälje,,,,"Stockholms län"
15227,Södertälje,,,,"Stockholms län"
15230,Södertälje,,,,"Stockholms län"
15231,Södertälje,,,,"Stockholms län"
15240,Södertälje,,,,"Stockholms län"
15241,Södertälje,,,,"Stockholms län"
15242,Södertälje,,,,"Stockholms län"
15243,Södertälje,,,,"Stockholms län"
15244,Södertälje,,,,"Stockholms län"
15248,Södertälje,,,,"Stockholms län"
15249,Södertälje,,,,"Stockholms län"
15250,Södertälje,,,,"Stockholms län"
15251,Södertälje,,,,"Stockholms län"
15252,Södertälje,,,,"Stockholms län"
15254,Södertälje,,,,"Stockholms län"
15256,Södertälje,,,,"Stockholms län"
15257,Södertälje,,,,"Stockholms län"
15258,Södertälje,,,,"Stockholms län"
15270,Södertälje,,,,"Stockholms län"
15271,Södertälje,,,,"Stockholms län"
15286,Södertälje,,,,"Stockholms län"
15295,Södertälje,,,,"Stockholms län"
15297,Södertälje,,,,"Stockholms län"
15300,Järna,,,,"Stockholms län"
15307,Hölö,,,,"Stockholms län"
15321,Järna,,,,"Stockholms län"
15322,Järna,,,,"Stockholms län"
15330,Järna,,,,"Stockholms län"
15331,Järna,,,,"Stockholms län"
15332,Järna,,,,"Stockholms län"
15335,Järna,,,,"Stockholms län"
15336,Järna,,,,"Stockholms län"
15337,Järna,,,,"Stockholms län"
15338,Järna,,,,"Stockholms län"
15360,Mölnbo,,,,"Stockholms län"
15371,Hölö,,,,"Stockholms län"
15381,Järna,,,,"Stockholms län"
15391,Järna,,,,"Stockholms län"
15392,Hölö,,,,"Stockholms län"
15393,Hölö,,,,"Stockholms län"
15394,Hölö,,,,"Stockholms län"
15395,Järna,,,,"Stockholms län"
15396,Mölnbo,,,,"Stockholms län"
13100,Nacka,,,,"Stockholms län"
13102,Nacka,,,,"Stockholms län"
13103,Nacka,,,,"Stockholms län"
13104,Nacka,,,,"Stockholms län"
13105,Nacka,,,,"Stockholms län"
13106,Nacka,,,,"Stockholms län"
13107,Nacka,,,,"Stockholms län"
13108,Nacka,,,,"Stockholms län"
13121,Nacka,,,,"Stockholms län"
13122,Nacka,,,,"Stockholms län"
13123,Nacka,,,,"Stockholms län"
13124,Nacka,,,,"Stockholms län"
13125,Nacka,,,,"Stockholms län"
13126,"Nacka Strand",,,,"Stockholms län"
13127,"Nacka Strand",,,,"Stockholms län"
13128,"Nacka Strand",,,,"Stockholms län"
13130,Nacka,,,,"Stockholms län"
13131,Nacka,,,,"Stockholms län"
13132,Nacka,,,,"Stockholms län"
13133,Nacka,,,,"Stockholms län"
13134,Nacka,,,,"Stockholms län"
13135,Nacka,,,,"Stockholms län"
13136,Nacka,,,,"Stockholms län"
13137,Nacka,,,,"Stockholms län"
13138,Nacka,,,,"Stockholms län"
13139,Nacka,,,,"Stockholms län"
13140,Nacka,,,,"Stockholms län"
13141,Nacka,,,,"Stockholms län"
13142,Nacka,,,,"Stockholms län"
13143,Nacka,,,,"Stockholms län"
13144,Nacka,,,,"Stockholms län"
13145,Nacka,,,,"Stockholms län"
13146,Nacka,,,,"Stockholms län"
13147,Nacka,,,,"Stockholms län"
13148,Nacka,,,,"Stockholms län"
13149,Nacka,,,,"Stockholms län"
13150,Saltsjö-Duvnäs,,,,"Stockholms län"
13151,Nacka,,,,"Stockholms län"
13152,"Nacka Strand",,,,"Stockholms län"
13153,Nacka,,,,"Stockholms län"
13154,Nacka,,,,"Stockholms län"
13157,Nacka,,,,"Stockholms län"
13160,Nacka,,,,"Stockholms län"
13161,Nacka,,,,"Stockholms län"
13165,Nacka,,,,"Stockholms län"
13171,Nacka,,,,"Stockholms län"
13174,Nacka,,,,"Stockholms län"
13175,Nacka,,,,"Stockholms län"
13180,"Nacka Strand",,,,"Stockholms län"
13181,Nacka,,,,"Stockholms län"
13182,Nacka,,,,"Stockholms län"
13183,Nacka,,,,"Stockholms län"
13186,"Nacka Strand",,,,"Stockholms län"
13187,"Nacka Strand",,,,"Stockholms län"
13190,"Nacka Strand",,,,"Stockholms län"
13200,Saltsjö-Boo,,,,"Stockholms län"
13202,Saltsjö-Boo,,,,"Stockholms län"
13204,Saltsjö-Boo,,,,"Stockholms län"
13221,Saltsjö-Boo,,,,"Stockholms län"
13222,Saltsjö-Boo,,,,"Stockholms län"
13223,Saltsjö-Boo,,,,"Stockholms län"
13225,Saltsjö-Boo,,,,"Stockholms län"
13226,Saltsjö-Boo,,,,"Stockholms län"
13227,Saltsjö-Boo,,,,"Stockholms län"
13230,Saltsjö-Boo,,,,"Stockholms län"
13231,Saltsjö-Boo,,,,"Stockholms län"
13232,Saltsjö-Boo,,,,"Stockholms län"
13233,Saltsjö-Boo,,,,"Stockholms län"
13234,Saltsjö-Boo,,,,"Stockholms län"
13235,Saltsjö-Boo,,,,"Stockholms län"
13236,Saltsjö-Boo,,,,"Stockholms län"
13237,Saltsjö-Boo,,,,"Stockholms län"
13238,Saltsjö-Boo,,,,"Stockholms län"
13239,Saltsjö-Boo,,,,"Stockholms län"
13240,Saltsjö-Boo,,,,"Stockholms län"
13241,Saltsjö-Boo,,,,"Stockholms län"
13242,Saltsjö-Boo,,,,"Stockholms län"
13243,Saltsjö-Boo,,,,"Stockholms län"
13244,Saltsjö-Boo,,,,"Stockholms län"
13245,Saltsjö-Boo,,,,"Stockholms län"
13246,Saltsjö-Boo,,,,"Stockholms län"
13247,Saltsjö-Boo,,,,"Stockholms län"
13248,Saltsjö-Boo,,,,"Stockholms län"
13249,Saltsjö-Boo,,,,"Stockholms län"
13251,Saltsjö-Boo,,,,"Stockholms län"
13252,Saltsjö-Boo,,,,"Stockholms län"
13253,Saltsjö-Boo,,,,"Stockholms län"
13254,Saltsjö-Boo,,,,"Stockholms län"
13281,Saltsjö-Boo,,,,"Stockholms län"
13282,Saltsjö-Boo,,,,"Stockholms län"
13300,Saltsjöbaden,,,,"Stockholms län"
13302,Saltsjöbaden,,,,"Stockholms län"
13304,Saltsjöbaden,,,,"Stockholms län"
13321,Saltsjöbaden,,,,"Stockholms län"
13322,Saltsjöbaden,,,,"Stockholms län"
13323,Saltsjöbaden,,,,"Stockholms län"
13331,Saltsjöbaden,,,,"Stockholms län"
13332,Saltsjöbaden,,,,"Stockholms län"
13333,Saltsjöbaden,,,,"Stockholms län"
13334,Saltsjöbaden,,,,"Stockholms län"
13335,Saltsjöbaden,,,,"Stockholms län"
13336,Saltsjöbaden,,,,"Stockholms län"
13337,Saltsjöbaden,,,,"Stockholms län"
13338,Saltsjöbaden,,,,"Stockholms län"
13341,Saltsjöbaden,,,,"Stockholms län"
13342,Saltsjöbaden,,,,"Stockholms län"
13343,Saltsjöbaden,,,,"Stockholms län"
13344,Saltsjöbaden,,,,"Stockholms län"
13348,Saltsjöbaden,,,,"Stockholms län"
13349,Saltsjöbaden,,,,"Stockholms län"
13380,Saltsjöbaden,,,,"Stockholms län"
13381,Saltsjöbaden,,,,"Stockholms län"
13383,Saltsjöbaden,,,,"Stockholms län"
13800,Älta,,,,"Stockholms län"
13821,Älta,,,,"Stockholms län"
13822,Älta,,,,"Stockholms län"
13830,Älta,,,,"Stockholms län"
13831,Älta,,,,"Stockholms län"
13832,Älta,,,,"Stockholms län"
13833,Älta,,,,"Stockholms län"
13834,Älta,,,,"Stockholms län"
13835,Älta,,,,"Stockholms län"
13836,Älta,,,,"Stockholms län"
13837,Älta,,,,"Stockholms län"
13839,älta,,,,"Stockholms län"
13840,Älta,,,,"Stockholms län"
17200,Sundbyberg,,,,"Stockholms län"
17213,Sundbyberg,,,,"Stockholms län"
17219,Sundbyberg,,,,"Stockholms län"
17221,Sundbyberg,,,,"Stockholms län"
17222,Sundbyberg,,,,"Stockholms län"
17223,Sundbyberg,,,,"Stockholms län"
17224,Sundbyberg,,,,"Stockholms län"
17225,Sundbyberg,,,,"Stockholms län"
17226,Sundbyberg,,,,"Stockholms län"
17227,Sundbyberg,,,,"Stockholms län"
17229,Sundbyberg,,,,"Stockholms län"
17230,Sundbyberg,,,,"Stockholms län"
17231,Sundbyberg,,,,"Stockholms län"
17232,Sundbyberg,,,,"Stockholms län"
17233,Sundbyberg,,,,"Stockholms län"
17234,Sundbyberg,,,,"Stockholms län"
17235,Sundbyberg,,,,"Stockholms län"
17236,Sundbyberg,,,,"Stockholms län"
17237,Sundbyberg,,,,"Stockholms län"
17238,Sundbyberg,,,,"Stockholms län"
17239,Sundbyberg,,,,"Stockholms län"
17240,Sundbyberg,,,,"Stockholms län"
17241,Sundbyberg,,,,"Stockholms län"
17261,Sundbyberg,,,,"Stockholms län"
17262,Sundbyberg,,,,"Stockholms län"
17263,Sundbyberg,,,,"Stockholms län"
17264,Sundbyberg,,,,"Stockholms län"
17265,Sundbyberg,,,,"Stockholms län"
17266,Sundbyberg,,,,"Stockholms län"
17267,Sundbyberg,,,,"Stockholms län"
17268,Sundbyberg,,,,"Stockholms län"
17269,Sundbyberg,,,,"Stockholms län"
17270,Sundbyberg,,,,"Stockholms län"
17271,Sundbyberg,,,,"Stockholms län"
17272,Sundbyberg,,,,"Stockholms län"
17273,Sundbyberg,,,,"Stockholms län"
17274,Sundbyberg,,,,"Stockholms län"
17275,Sundbyberg,,,,"Stockholms län"
17276,Sundbyberg,,,,"Stockholms län"
17277,Sundbyberg,,,,"Stockholms län"
17278,Sundbyberg,,,,"Stockholms län"
17279,Sundbyberg,,,,"Stockholms län"
17282,Sundbyberg,,,,"Stockholms län"
17284,Sundbyberg,,,,"Stockholms län"
17285,Sundbyberg,,,,"Stockholms län"
17287,Sundbyberg,,,,"Stockholms län"
17288,Sundbyberg,,,,"Stockholms län"
17292,Sundbyberg,,,,"Stockholms län"
17299,Sundbyberg,,,,"Stockholms län"
17400,Sundbyberg,,,,"Stockholms län"
17402,Sundbyberg,,,,"Stockholms län"
17407,Sundbyberg,,,,"Stockholms län"
17413,Sundbyberg,,,,"Stockholms län"
17427,Sundbyberg,,,,"Stockholms län"
17442,Sundbyberg,,,,"Stockholms län"
17443,Sundbyberg,,,,"Stockholms län"
17444,Sundbyberg,,,,"Stockholms län"
17445,Sundbyberg,,,,"Stockholms län"
17446,Sundbyberg,,,,"Stockholms län"
17447,Sundbyberg,,,,"Stockholms län"
17448,Sundbyberg,,,,"Stockholms län"
17449,Sundbyberg,,,,"Stockholms län"
17450,Sundbyberg,,,,"Stockholms län"
17451,Sundbyberg,,,,"Stockholms län"
17452,Sundbyberg,,,,"Stockholms län"
17453,Sundbyberg,,,,"Stockholms län"
17454,Sundbyberg,,,,"Stockholms län"
17455,Sundbyberg,,,,"Stockholms län"
17456,Sundbyberg,,,,"Stockholms län"
17457,Sundbyberg,,,,"Stockholms län"
17458,Sundbyberg,,,,"Stockholms län"
17459,Sundbyberg,,,,"Stockholms län"
17460,Sundbyberg,,,,"Stockholms län"
17464,Sundbyberg,,,,"Stockholms län"
10504,Solna,,,,"Stockholms län"
16900,Solna,,,,"Stockholms län"
16902,Solna,,,,"Stockholms län"
16903,Solna,,,,"Stockholms län"
16904,Solna,,,,"Stockholms län"
16905,Solna,,,,"Stockholms län"
16926,Solna,,,,"Stockholms län"
16927,Solna,,,,"Stockholms län"
16928,Solna,,,,"Stockholms län"
16929,Solna,,,,"Stockholms län"
16930,Solna,,,,"Stockholms län"
16931,Solna,,,,"Stockholms län"
16932,Solna,,,,"Stockholms län"
16933,Solna,,,,"Stockholms län"
16934,Solna,,,,"Stockholms län"
16935,Solna,,,,"Stockholms län"
16936,Solna,,,,"Stockholms län"
16937,Solna,,,,"Stockholms län"
16938,Solna,,,,"Stockholms län"
16939,Solna,,,,"Stockholms län"
16941,Solna,,,,"Stockholms län"
16950,Solna,,,,"Stockholms län"
16951,Solna,,,,"Stockholms län"
16952,Solna,,,,"Stockholms län"
16953,Solna,,,,"Stockholms län"
16954,Solna,,,,"Stockholms län"
16955,Solna,,,,"Stockholms län"
16956,Solna,,,,"Stockholms län"
16957,Solna,,,,"Stockholms län"
16958,Solna,,,,"Stockholms län"
16959,Solna,,,,"Stockholms län"
16960,Solna,,,,"Stockholms län"
16961,Solna,,,,"Stockholms län"
16962,Solna,,,,"Stockholms län"
16963,Solna,,,,"Stockholms län"
16964,Solna,,,,"Stockholms län"
16965,Solna,,,,"Stockholms län"
16966,Solna,,,,"Stockholms län"
16967,Solna,,,,"Stockholms län"
16968,Solna,,,,"Stockholms län"
16969,Solna,,,,"Stockholms län"
16970,Solna,,,,"Stockholms län"
16971,Solna,,,,"Stockholms län"
16972,Solna,,,,"Stockholms län"
16973,Solna,,,,"Stockholms län"
16975,Solna,,,,"Stockholms län"
16979,SOLNA,,,,"Stockholms län"
16980,Solna,,,,"Stockholms län"
16981,Solna,,,,"Stockholms län"
16983,Solna,,,,"Stockholms län"
16988,Solna,,,,"Stockholms län"
16990,Solna,,,,"Stockholms län"
16991,Solna,,,,"Stockholms län"
16993,Solna,,,,"Stockholms län"
16994,Solna,,,,"Stockholms län"
16995,Solna,,,,"Stockholms län"
16997,Solna,,,,"Stockholms län"
17000,Solna,,,,"Stockholms län"
17007,Solna,,,,"Stockholms län"
17008,Solna,,,,"Stockholms län"
17009,Solna,,,,"Stockholms län"
17061,Solna,,,,"Stockholms län"
17062,Solna,,,,"Stockholms län"
17063,Solna,,,,"Stockholms län"
17064,Solna,,,,"Stockholms län"
17065,Solna,,,,"Stockholms län"
17066,Solna,,,,"Stockholms län"
17067,Solna,,,,"Stockholms län"
17068,Solna,,,,"Stockholms län"
17069,SOLNA,,,,"Stockholms län"
17070,Solna,,,,"Stockholms län"
17071,Solna,,,,"Stockholms län"
17072,Solna,,,,"Stockholms län"
17073,Solna,,,,"Stockholms län"
17074,Solna,,,,"Stockholms län"
17075,Solna,,,,"Stockholms län"
17076,Solna,,,,"Stockholms län"
17077,Solna,,,,"Stockholms län"
17078,Solna,,,,"Stockholms län"
17079,Solna,,,,"Stockholms län"
17080,Solna,,,,"Stockholms län"
17081,Solna,,,,"Stockholms län"
17082,Solna,,,,"Stockholms län"
17085,Solna,,,,"Stockholms län"
17100,Solna,,,,"Stockholms län"
17101,Solna,,,,"Stockholms län"
17102,Solna,,,,"Stockholms län"
17104,Solna,,,,"Stockholms län"
17105,Solna,,,,"Stockholms län"
17106,Solna,,,,"Stockholms län"
17109,Solna,,,,"Stockholms län"
17111,Solna,,,,"Stockholms län"
17113,Solna,,,,"Stockholms län"
17114,Solna,,,,"Stockholms län"
17117,Solna,,,,"Stockholms län"
17118,Solna,,,,"Stockholms län"
17119,Solna,,,,"Stockholms län"
17121,Solna,,,,"Stockholms län"
17122,Solna,,,,"Stockholms län"
17123,Solna,,,,"Stockholms län"
17124,Solna,,,,"Stockholms län"
17125,Solna,,,,"Stockholms län"
17126,Solna,,,,"Stockholms län"
17127,Solna,,,,"Stockholms län"
17128,Solna,,,,"Stockholms län"
17129,Solna,,,,"Stockholms län"
17141,Solna,,,,"Stockholms län"
17142,Solna,,,,"Stockholms län"
17143,Solna,,,,"Stockholms län"
17144,Solna,,,,"Stockholms län"
17145,Solna,,,,"Stockholms län"
17147,Solna,,,,"Stockholms län"
17148,Solna,,,,"Stockholms län"
17149,Solna,,,,"Stockholms län"
17150,Solna,,,,"Stockholms län"
17151,Solna,,,,"Stockholms län"
17152,Solna,,,,"Stockholms län"
17153,Solna,,,,"Stockholms län"
17154,Solna,,,,"Stockholms län"
17155,Solna,,,,"Stockholms län"
17156,Solna,,,,"Stockholms län"
17157,Solna,,,,"Stockholms län"
17158,Solna,,,,"Stockholms län"
17159,Solna,,,,"Stockholms län"
17160,Solna,,,,"Stockholms län"
17161,Solna,,,,"Stockholms län"
17162,Solna,,,,"Stockholms län"
17163,Solna,,,,"Stockholms län"
17164,Solna,,,,"Stockholms län"
17165,Solna,,,,"Stockholms län"
17166,Solna,,,,"Stockholms län"
17167,Solna,,,,"Stockholms län"
17168,Solna,,,,"Stockholms län"
17169,Solna,,,,"Stockholms län"
17170,Solna,,,,"Stockholms län"
17171,Solna,,,,"Stockholms län"
17172,Solna,,,,"Stockholms län"
17173,Solna,,,,"Stockholms län"
17174,Solna,,,,"Stockholms län"
17178,Solna,,,,"Stockholms län"
17180,Solna,,,,"Stockholms län"
17181,Solna,,,,"Stockholms län"
17182,Solna,,,,"Stockholms län"
17184,Solna,,,,"Stockholms län"
17185,Solna,,,,"Stockholms län"
17186,Solna,,,,"Stockholms län"
17187,Solna,,,,"Stockholms län"
17189,Solna,,,,"Stockholms län"
17190,Solna,,,,"Stockholms län"
17191,Solna,,,,"Stockholms län"
17192,Solna,,,,"Stockholms län"
17194,Solna,,,,"Stockholms län"
17195,Solna,,,,"Stockholms län"
17196,Solna,,,,"Stockholms län"
17197,Solna,,,,"Stockholms län"
17300,Tomteboda,,,,"Stockholms län"
17301,Tomteboda,,,,"Stockholms län"
17302,Tomteboda,,,,"Stockholms län"
17305,Tomteboda,,,,"Stockholms län"
17306,Tomteboda,,,,"Stockholms län"
17310,Tomteboda,,,,"Stockholms län"
17313,Tomteboda,,,,"Stockholms län"
17315,Tomteboda,,,,"Stockholms län"
17317,Tomteboda,,,,"Stockholms län"
17318,Tomteboda,,,,"Stockholms län"
17321,Tomteboda,,,,"Stockholms län"
17322,Tomteboda,,,,"Stockholms län"
17385,Tomteboda,,,,"Stockholms län"
18100,Lidingö,,,,"Stockholms län"
18101,Lidingö,,,,"Stockholms län"
18103,Lidingö,,,,"Stockholms län"
18104,Lidingö,,,,"Stockholms län"
18106,Lidingö,,,,"Stockholms län"
18110,Lidingö,,,,"Stockholms län"
18118,Lidingö,,,,"Stockholms län"
18121,Lidingö,,,,"Stockholms län"
18122,Lidingö,,,,"Stockholms län"
18123,Lidingö,,,,"Stockholms län"
18124,Lidingö,,,,"Stockholms län"
18125,Lidingö,,,,"Stockholms län"
18126,Lidingö,,,,"Stockholms län"
18129,Lidingö,,,,"Stockholms län"
18130,Lidingö,,,,"Stockholms län"
18131,Lidingö,,,,"Stockholms län"
18132,Lidingö,,,,"Stockholms län"
18133,Lidingö,,,,"Stockholms län"
18134,Lidingö,,,,"Stockholms län"
18135,Lidingö,,,,"Stockholms län"
18136,Lidingö,,,,"Stockholms län"
18137,Lidingö,,,,"Stockholms län"
18138,Lidingö,,,,"Stockholms län"
18139,Lidingö,,,,"Stockholms län"
18140,Lidingö,,,,"Stockholms län"
18141,Lidingö,,,,"Stockholms län"
18142,Lidingö,,,,"Stockholms län"
18143,Lidingö,,,,"Stockholms län"
18144,Lidingö,,,,"Stockholms län"
18145,Lidingö,,,,"Stockholms län"
18146,Lidingö,,,,"Stockholms län"
18147,Lidingö,,,,"Stockholms län"
18148,Lidingö,,,,"Stockholms län"
18150,Lidingö,,,,"Stockholms län"
18151,Lidingö,,,,"Stockholms län"
18155,Lidingö,,,,"Stockholms län"
18156,Lidingö,,,,"Stockholms län"
18157,Lidingö,,,,"Stockholms län"
18158,Lidingö,,,,"Stockholms län"
18159,Lidingö,,,,"Stockholms län"
18160,Lidingö,,,,"Stockholms län"
18161,Lidingö,,,,"Stockholms län"
18162,Lidingö,,,,"Stockholms län"
18163,Lidingö,,,,"Stockholms län"
18164,Lidingö,,,,"Stockholms län"
18165,Lidingö,,,,"Stockholms län"
18166,Lidingö,,,,"Stockholms län"
18167,Lindingö,,,,"Stockholms län"
18170,Lidingö,,,,"Stockholms län"
18171,Lidingö,,,,"Stockholms län"
18172,Lidingö,,,,"Stockholms län"
18173,Lidingö,,,,"Stockholms län"
18174,Lidingö,,,,"Stockholms län"
18175,Lidingö,,,,"Stockholms län"
18176,Lidingö,,,,"Stockholms län"
18177,Lidingö,,,,"Stockholms län"
18178,Lidingö,,,,"Stockholms län"
18179,Lidingö,,,,"Stockholms län"
18181,Lidingö,,,,"Stockholms län"
18182,Lidingö,,,,"Stockholms län"
18185,Lidingö,,,,"Stockholms län"
18190,Lidingö,,,,"Stockholms län"
13432,Gustavsberg,,,,"Stockholms län"
18500,Vaxholm,,,,"Stockholms län"
18521,Vaxholm,,,,"Stockholms län"
18522,Vaxholm,,,,"Stockholms län"
18523,Vaxholm,,,,"Stockholms län"
18531,Vaxholm,,,,"Stockholms län"
18532,Vaxholm,,,,"Stockholms län"
18533,Vaxholm,,,,"Stockholms län"
18534,Vaxholm,,,,"Stockholms län"
18535,Vaxholm,,,,"Stockholms län"
18537,Vaxholm,,,,"Stockholms län"
18539,Vaxholm,,,,"Stockholms län"
18541,Vaxholm,,,,"Stockholms län"
18551,Vaxholm,,,,"Stockholms län"
18581,Vaxholm,,,,"Stockholms län"
18582,Vaxholm,,,,"Stockholms län"
18583,Vaxholm,,,,"Stockholms län"
18591,Vaxholm,,,,"Stockholms län"
18592,Vaxholm,,,,"Stockholms län"
18593,Vaxholm,,,,"Stockholms län"
18594,Vaxholm,,,,"Stockholms län"
18595,Vaxholm,,,,"Stockholms län"
18599,Vaxholm,,,,"Stockholms län"
76010,Bergshamra,,,,"Stockholms län"
76015,Gräddö,,,,"Stockholms län"
76017,Blidö,,,,"Stockholms län"
76018,Yxlan,,,,"Stockholms län"
76019,Furusund,,,,"Stockholms län"
76021,Vätö,,,,"Stockholms län"
76040,Väddö,,,,"Stockholms län"
76041,Arholma,,,,"Stockholms län"
76042,Björkö,,,,"Stockholms län"
76044,"Barnens Ö",,,,"Stockholms län"
76045,Grisslehamn,,,,"Stockholms län"
76049,Herräng,,,,"Stockholms län"
76100,Norrtälje,,,,"Stockholms län"
76102,Norrtälje,,,,"Stockholms län"
76103,Norrtälje,,,,"Stockholms län"
76110,Norrtälje,,,,"Stockholms län"
76111,Bergshamra,,,,"Stockholms län"
76112,Bergshamra,,,,"Stockholms län"
76113,Riala,,,,"Stockholms län"
76121,Norrtälje,,,,"Stockholms län"
76122,Norrtälje,,,,"Stockholms län"
76123,Norrtälje,,,,"Stockholms län"
76124,Norrtälje,,,,"Stockholms län"
76128,Norrtälje,,,,"Stockholms län"
76129,Norrtälje,,,,"Stockholms län"
76130,Norrtälje,,,,"Stockholms län"
76131,Norrtälje,,,,"Stockholms län"
76132,Norrtälje,,,,"Stockholms län"
76133,Norrtälje,,,,"Stockholms län"
76134,Norrtälje,,,,"Stockholms län"
76140,Norrtälje,,,,"Stockholms län"
76141,Norrtälje,,,,"Stockholms län"
76142,Norrtälje,,,,"Stockholms län"
76143,Norrtälje,,,,"Stockholms län"
76144,Norrtälje,,,,"Stockholms län"
76145,Norrtälje,,,,"Stockholms län"
76146,Norrtälje,,,,"Stockholms län"
76149,Norrtälje,,,,"Stockholms län"
76150,Norrtälje,,,,"Stockholms län"
76151,Norrtälje,,,,"Stockholms län"
76152,Norrtälje,,,,"Stockholms län"
76153,Norrtälje,,,,"Stockholms län"
76154,Norrtälje,,,,"Stockholms län"
76160,Norrtälje,,,,"Stockholms län"
76161,Norrtälje,,,,"Stockholms län"
76162,Norrtälje,,,,"Stockholms län"
76163,Norrtälje,,,,"Stockholms län"
76164,Norrtälje,,,,"Stockholms län"
76165,Norrtälje,,,,"Stockholms län"
76171,Norrtälje,,,,"Stockholms län"
76172,Norrtälje,,,,"Stockholms län"
76173,Norrtälje,,,,"Stockholms län"
76174,Norrtälje,,,,"Stockholms län"
76175,Norrtälje,,,,"Stockholms län"
76176,Norrtälje,,,,"Stockholms län"
76180,Norrtälje,,,,"Stockholms län"
76184,Norrtälje,,,,"Stockholms län"
76188,Norrtälje,,,,"Stockholms län"
76191,Norrtälje,,,,"Stockholms län"
76192,Norrtälje,,,,"Stockholms län"
76193,Norrtälje,,,,"Stockholms län"
76194,Norrtälje,,,,"Stockholms län"
76196,Tjockö,,,,"Stockholms län"
76197,Norrtalje,,,,"Stockholms län"
76198,Norrtälje,,,,"Stockholms län"
76200,Rimbo,,,,"Stockholms län"
76221,Rimbo,,,,"Stockholms län"
76222,Rimbo,,,,"Stockholms län"
76223,Rimbo,,,,"Stockholms län"
76231,Rimbo,,,,"Stockholms län"
76241,Rimbo,,,,"Stockholms län"
76251,Rimbo,,,,"Stockholms län"
76261,Rimbo,,,,"Stockholms län"
76262,Rimbo,,,,"Stockholms län"
76271,Rimbo,,,,"Stockholms län"
76291,Rimbo,,,,"Stockholms län"
76292,Rimbo,,,,"Stockholms län"
76293,Rimbo,,,,"Stockholms län"
76294,Rimbo,,,,"Stockholms län"
76295,Rimbo,,,,"Stockholms län"
76300,Hallstavik,,,,"Stockholms län"
76321,Hallstavik,,,,"Stockholms län"
76322,Hallstavik,,,,"Stockholms län"
76323,Hallstavik,,,,"Stockholms län"
76330,Hallstavik,,,,"Stockholms län"
76334,Hallstavik,,,,"Stockholms län"
76335,Hallstavik,,,,"Stockholms län"
76340,Hallstavik,,,,"Stockholms län"
76341,Hallstavik,,,,"Stockholms län"
76342,Hallstavik,,,,"Stockholms län"
76343,Hallstavik,,,,"Stockholms län"
76371,Herräng,,,,"Stockholms län"
76381,Hallstavik,,,,"Stockholms län"
76382,Hallstavik,,,,"Stockholms län"
76390,Herräng,,,,"Stockholms län"
76391,Hallstavik,,,,"Stockholms län"
76392,Hallstavik,,,,"Stockholms län"
76393,Skebobruk,,,,"Stockholms län"
76394,Hallstavik,,,,"Stockholms län"
76421,Väddö,,,,"Stockholms län"
76430,Väddö,,,,"Stockholms län"
76431,Väddö,,,,"Stockholms län"
76453,Väddö,,,,"Stockholms län"
76454,Arholma,,,,"Stockholms län"
76456,Grisslehamn,,,,"Stockholms län"
76457,Grisslehamn,,,,"Stockholms län"
76491,Väddö,,,,"Stockholms län"
76492,Väddö,,,,"Stockholms län"
76493,Väddö,,,,"Stockholms län"
13794,Västerhaninge,,,,"Stockholms län"
14791,Grödinge,,,,"Stockholms län"
14800,Ösmo,,,,"Stockholms län"
14802,Sorunda,,,,"Stockholms län"
14821,Ösmo,,,,"Stockholms län"
14822,Ösmo,,,,"Stockholms län"
14830,Ösmo,,,,"Stockholms län"
14831,Ösmo,,,,"Stockholms län"
14832,Ösmo,,,,"Stockholms län"
14833,Ösmo,,,,"Stockholms län"
14834,Ösmo,,,,"Stockholms län"
14835,Ösmo,,,,"Stockholms län"
14860,"Stora Vika",,,,"Stockholms län"
14870,Sorunda,,,,"Stockholms län"
14871,Sorunda,,,,"Stockholms län"
14891,Ösmo,,,,"Stockholms län"
14892,Ösmo,,,,"Stockholms län"
14893,Landfjärden,,,,"Stockholms län"
14896,Sorunda,,,,"Stockholms län"
14897,Sorunda,,,,"Stockholms län"
14900,Nynäshamn,,,,"Stockholms län"
14902,Nynäshamn,,,,"Stockholms län"
14921,Nynäshamn,,,,"Stockholms län"
14922,Nynäshamn,,,,"Stockholms län"
14923,Nynäshamn,,,,"Stockholms län"
14925,Nynäshamn,,,,"Stockholms län"
14930,Nynäshamn,,,,"Stockholms län"
14931,Nynäshamn,,,,"Stockholms län"
14932,Nynäshamn,,,,"Stockholms län"
14933,Nynäshamn,,,,"Stockholms län"
14934,Nynäshamn,,,,"Stockholms län"
14935,Nynäshamn,,,,"Stockholms län"
14940,Nynäshamn,,,,"Stockholms län"
14941,Nynäshamn,,,,"Stockholms län"
14942,Nynäshamn,,,,"Stockholms län"
14943,Nynäshamn,,,,"Stockholms län"
14945,Nynäshamn,,,,"Stockholms län"
14950,Nynäshamn,,,,"Stockholms län"
14951,Nynäshamn,,,,"Stockholms län"
14980,Nynäshamn,,,,"Stockholms län"
14981,Nynäshamn,,,,"Stockholms län"
14982,Nynäshamn,,,,"Stockholms län"
14991,Nynäshamn,,,,"Stockholms län"
14992,Nynäshamn,,,,"Stockholms län"
14995,Nynäshamn,,,,"Stockholms län"
10101,Stockholm,,,,"Stockholms län"
10153,Stockholm,,,,"Stockholms län"
10154,Stockholm,,,,"Stockholms län"
10159,Stockholm,,,,"Stockholms län"
10215,Stockholm,,,,"Stockholms län"
10216,Stockholm,,,,"Stockholms län"
10218,Stockholm,,,,"Stockholms län"
10376,Stockholm,,,,"Stockholms län"
10379,Stockholm,,,,"Stockholms län"
10406,Stockholm,,,,"Stockholms län"
10547,Stockholm,,,,"Stockholms län"
10549,Stockholm,,,,"Stockholms län"
10550,Stockholm,,,,"Stockholms län"
10569,Stockholm,,,,"Stockholms län"
10573,Stockholm,,,,"Stockholms län"
10574,Stockholm,,,,"Stockholms län"
10629,Stockholm,,,,"Stockholms län"
10637,Stockholm,,,,"Stockholms län"
10643,Stockholm,,,,"Stockholms län"
10653,Stockholm,,,,"Stockholms län"
10663,Stockholm,,,,"Stockholms län"
10710,Stockholm,,,,"Stockholms län"
10760,Stockholm,,,,"Stockholms län"
10790,Stockholm,,,,"Stockholms län"
10900,Stockholm,,,,"Stockholms län"
10901,Stockholm,,,,"Stockholms län"
10902,Stockholm,,,,"Stockholms län"
10903,Stockholm,,,,"Stockholms län"
10904,Stockholm,,,,"Stockholms län"
10905,Stockholm,,,,"Stockholms län"
10906,Stockholm,,,,"Stockholms län"
10907,Stockholm,,,,"Stockholms län"
10908,Stockholm,,,,"Stockholms län"
10909,Stockholm,,,,"Stockholms län"
10910,Stockholm,,,,"Stockholms län"
10911,Stockholm,,,,"Stockholms län"
10912,Stockholm,,,,"Stockholms län"
10913,Stockholm,,,,"Stockholms län"
10914,Stockholm,,,,"Stockholms län"
10915,Stockholm,,,,"Stockholms län"
10916,Stockholm,,,,"Stockholms län"
10917,Stockholm,,,,"Stockholms län"
10918,Stockholm,,,,"Stockholms län"
10919,Stockholm,,,,"Stockholms län"
10920,Stockholm,,,,"Stockholms län"
10921,Stockholm,,,,"Stockholms län"
10922,Stockholm,,,,"Stockholms län"
10923,Stockholm,,,,"Stockholms län"
10924,Stockholm,,,,"Stockholms län"
10925,Stockholm,,,,"Stockholms län"
10926,Stockholm,,,,"Stockholms län"
10927,Stockholm,,,,"Stockholms län"
10928,Stockholm,,,,"Stockholms län"
10929,Stockholm,,,,"Stockholms län"
10930,Stockholm,,,,"Stockholms län"
10931,Stockholm,,,,"Stockholms län"
10932,Stockholm,,,,"Stockholms län"
10933,Stockholm,,,,"Stockholms län"
10934,Stockholm,,,,"Stockholms län"
10935,Stockholm,,,,"Stockholms län"
10936,Stockholm,,,,"Stockholms län"
10937,Stockholm,,,,"Stockholms län"
10938,Stockholm,,,,"Stockholms län"
10939,Stockholm,,,,"Stockholms län"
10940,Stockholm,,,,"Stockholms län"
10941,Stockholm,,,,"Stockholms län"
10942,Stockholm,,,,"Stockholms län"
10943,Stockholm,,,,"Stockholms län"
10944,Stockholm,,,,"Stockholms län"
10945,Stockholm,,,,"Stockholms län"
10946,Stockholm,,,,"Stockholms län"
10947,Stockholm,,,,"Stockholms län"
10948,Stockholm,,,,"Stockholms län"
10949,Stockholm,,,,"Stockholms län"
10950,Stockholm,,,,"Stockholms län"
10951,Stockholm,,,,"Stockholms län"
10952,Stockholm,,,,"Stockholms län"
10953,Stockholm,,,,"Stockholms län"
10954,Stockholm,,,,"Stockholms län"
10955,Stockholm,,,,"Stockholms län"
10956,Stockholm,,,,"Stockholms län"
10957,Stockholm,,,,"Stockholms län"
10958,Stockholm,,,,"Stockholms län"
10959,Stockholm,,,,"Stockholms län"
10960,Stockholm,,,,"Stockholms län"
10961,Stockholm,,,,"Stockholms län"
10962,Stockholm,,,,"Stockholms län"
10963,Stockholm,,,,"Stockholms län"
10964,Stockholm,,,,"Stockholms län"
10965,Stockholm,,,,"Stockholms län"
10966,Stockholm,,,,"Stockholms län"
10967,Stockholm,,,,"Stockholms län"
10968,Stockholm,,,,"Stockholms län"
10969,Stockholm,,,,"Stockholms län"
10970,Stockholm,,,,"Stockholms län"
10971,Stockholm,,,,"Stockholms län"
10972,Stockholm,,,,"Stockholms län"
10973,Stockholm,,,,"Stockholms län"
10974,Stockholm,,,,"Stockholms län"
10975,Stockholm,,,,"Stockholms län"
10976,Stockholm,,,,"Stockholms län"
10977,Stockholm,,,,"Stockholms län"
10978,Stockholm,,,,"Stockholms län"
10979,Stockholm,,,,"Stockholms län"
10980,Stockholm,,,,"Stockholms län"
10981,Stockholm,,,,"Stockholms län"
10982,Stockholm,,,,"Stockholms län"
10983,Stockholm,,,,"Stockholms län"
10984,Stockholm,,,,"Stockholms län"
10985,Stockholm,,,,"Stockholms län"
10986,Stockholm,,,,"Stockholms län"
10987,Stockholm,,,,"Stockholms län"
10988,Stockholm,,,,"Stockholms län"
10989,Stockholm,,,,"Stockholms län"
10990,Stockholm,,,,"Stockholms län"
10991,Stockholm,,,,"Stockholms län"
10992,Stockholm,,,,"Stockholms län"
10993,Stockholm,,,,"Stockholms län"
10994,Stockholm,,,,"Stockholms län"
10995,Stockholm,,,,"Stockholms län"
10996,Stockholm,,,,"Stockholms län"
10997,Stockholm,,,,"Stockholms län"
10998,Stockholm,,,,"Stockholms län"
10999,Stockholm,,,,"Stockholms län"
11000,Stockholm,,,,"Stockholms län"
11001,Stockholm,,,,"Stockholms län"
11002,Stockholm,,,,"Stockholms län"
11003,Stockholm,,,,"Stockholms län"
11004,Stockholm,,,,"Stockholms län"
11005,Stockholm,,,,"Stockholms län"
11006,Stockholm,,,,"Stockholms län"
11007,Stockholm,,,,"Stockholms län"
11008,Stockholm,,,,"Stockholms län"
11009,Stockholm,,,,"Stockholms län"
11010,Stockholm,,,,"Stockholms län"
11011,Stockholm,,,,"Stockholms län"
11012,Stockholm,,,,"Stockholms län"
11013,Stockholm,,,,"Stockholms län"
11015,Stockholm,,,,"Stockholms län"
11016,Stockholm,,,,"Stockholms län"
11017,Stockholm,,,,"Stockholms län"
11019,Stockholm,,,,"Stockholms län"
11020,Stockholm,,,,"Stockholms län"
11022,Stockholm,,,,"Stockholms län"
11023,Stockholm,,,,"Stockholms län"
11025,Stockholm,,,,"Stockholms län"
11026,Stockholm,,,,"Stockholms län"
11027,Stockholm,,,,"Stockholms län"
11029,Stockholm,,,,"Stockholms län"
11030,Stockholm,,,,"Stockholms län"
11034,Stockholm,,,,"Stockholms län"
11037,Stockholm,,,,"Stockholms län"
11039,Stockholm,,,,"Stockholms län"
11043,Stockholm,,,,"Stockholms län"
11045,Stockholm,,,,"Stockholms län"
11046,Stockholm,,,,"Stockholms län"
11049,Stockholm,,,,"Stockholms län"
11050,Stockholm,,,,"Stockholms län"
11051,Stockholm,,,,"Stockholms län"
11052,Stockholm,,,,"Stockholms län"
11053,Stockholm,,,,"Stockholms län"
11054,Stockholm,,,,"Stockholms län"
11055,Stockholm,,,,"Stockholms län"
11056,Stockholm,,,,"Stockholms län"
11057,Stockholm,,,,"Stockholms län"
11058,Stockholm,,,,"Stockholms län"
11059,Stockholm,,,,"Stockholms län"
11060,Stockholm,,,,"Stockholms län"
11069,Stockholm,,,,"Stockholms län"
11070,Stockholm,,,,"Stockholms län"
11075,Stockholm,,,,"Stockholms län"
11076,Stockholm,,,,"Stockholms län"
11077,Stockholm,,,,"Stockholms län"
11078,Stockholm,,,,"Stockholms län"
11079,Stockholm,,,,"Stockholms län"
11080,Stockholm,,,,"Stockholms län"
11081,Stockholm,,,,"Stockholms län"
11082,Stockholm,,,,"Stockholms län"
11083,Stockholm,,,,"Stockholms län"
11084,Stockholm,,,,"Stockholms län"
11085,Stockholm,,,,"Stockholms län"
11086,Stockholm,,,,"Stockholms län"
11087,Stockholm,,,,"Stockholms län"
11088,Stockholm,,,,"Stockholms län"
11089,Stockholm,,,,"Stockholms län"
11090,Stockholm,,,,"Stockholms län"
11091,Stockholm,,,,"Stockholms län"
11092,Stockholm,,,,"Stockholms län"
11093,Stockholm,,,,"Stockholms län"
11094,Stockholm,,,,"Stockholms län"
11095,Stockholm,,,,"Stockholms län"
11096,Stockholm,,,,"Stockholms län"
11097,Stockholm,,,,"Stockholms län"
11098,Stockholm,,,,"Stockholms län"
11099,Stockholm,,,,"Stockholms län"
11272,Stockholm,,,,"Stockholms län"
11279,Stockholm,,,,"Stockholms län"
11280,Stockholm,,,,"Stockholms län"
11378,Stockholm,,,,"Stockholms län"
11379,Stockholm,,,,"Stockholms län"
11402,Stockholm,,,,"Stockholms län"
11411,Stockholm,,,,"Stockholms län"
11473,Stockholm,,,,"Stockholms län"
11490,Stockholm,,,,"Stockholms län"
11551,Stockholm,,,,"Stockholms län"
11576,Stockholm,,,,"Stockholms län"
11596,Stockholm,,,,"Stockholms län"
11597,Stockholm,,,,"Stockholms län"
11681,Stockholm,,,,"Stockholms län"
11701,Stockholm,,,,"Stockholms län"
11754,Stockholm,,,,"Stockholms län"
11755,Stockholm,,,,"Stockholms län"
11756,Stockholm,,,,"Stockholms län"
11757,Stockholm,,,,"Stockholms län"
11758,Stockholm,,,,"Stockholms län"
11759,Stockholm,,,,"Stockholms län"
11780,Stockholm,,,,"Stockholms län"
11796,Stockholm,,,,"Stockholms län"
11881,Stockholm,,,,"Stockholms län"
12020,Stockholm,,,,"Stockholms län"
12061,Stockholm,,,,"Stockholms län"
12062,Stockholm,,,,"Stockholms län"
12063,Stockholm,,,,"Stockholms län"
12069,Stockholm,,,,"Stockholms län"
12070,Stockholm,,,,"Stockholms län"
12081,Stockholm,,,,"Stockholms län"
12119,Johanneshov,,,,"Stockholms län"
12120,Johanneshov,,,,"Stockholms län"
12220,Enskede,,,,"Stockholms län"
12320,Farsta,,,,"Stockholms län"
12387,Farsta,,,,"Stockholms län"
12420,Bandhagen,,,,"Stockholms län"
12520,Älvsjö,,,,"Stockholms län"
12545,Älvsjö,,,,"Stockholms län"
12619,Stockholm,,,,"Stockholms län"
12620,Stockholm,,,,"Stockholms län"
12681,Stockholm,,,,"Stockholms län"
12720,Skärholmen,,,,"Stockholms län"
12820,Skarpnäck,,,,"Stockholms län"
12920,Hägersten,,,,"Stockholms län"
13110,Stockholm,,,,"Stockholms län"
13120,Nacka,,,,"Stockholms län"
13156,Nacka,,,,"Stockholms län"
13159,Nacka,,,,"Stockholms län"
13162,Nacka,,,,"Stockholms län"
13172,Nacka,,,,"Stockholms län"
13173,Nacka,,,,"Stockholms län"
13185,Stockholm,,,,"Stockholms län"
13189,Stockholm,,,,"Stockholms län"
13192,Nacka,,,,"Stockholms län"
13193,Nacka,,,,"Stockholms län"
13203,Saltsjö-Boo,,,,"Stockholms län"
13205,Saltsjö-Boo,,,,"Stockholms län"
13285,Saltsjö-Boo,,,,"Stockholms län"
13320,Saltsjöbaden,,,,"Stockholms län"
13339,Saltsjöbaden,,,,"Stockholms län"
13420,Gustavsberg,,,,"Stockholms län"
13439,Gustavsberg,,,,"Stockholms län"
13520,Tyresö,,,,"Stockholms län"
13612,Haninge,,,,"Stockholms län"
13620,Haninge,,,,"Stockholms län"
13636,Handen,,,,"Stockholms län"
13637,Handen,,,,"Stockholms län"
13638,Handen,,,,"Stockholms län"
13720,Västerhaninge,,,,"Stockholms län"
13742,Västerhaninge,,,,"Stockholms län"
13820,Älta,,,,"Stockholms län"
13900,Värmdö,,,,"Stockholms län"
13920,Värmdö,,,,"Stockholms län"
13931,Värmdö,,,,"Stockholms län"
14120,Huddinge,,,,"Stockholms län"
14220,Skogås,,,,"Stockholms län"
14320,Vårby,,,,"Stockholms län"
14420,Rönninge,,,,"Stockholms län"
14452,Rönninge,,,,"Stockholms län"
14520,Norsborg,,,,"Stockholms län"
14620,Tullinge,,,,"Stockholms län"
14720,Tumba,,,,"Stockholms län"
14745,Tumba,,,,"Stockholms län"
14820,Ösmo,,,,"Stockholms län"
14920,Nynäshamn,,,,"Stockholms län"
15103,Södertälje,,,,"Stockholms län"
15105,Södertälje,,,,"Stockholms län"
15107,Södertälje,,,,"Stockholms län"
15113,Södertälje,,,,"Stockholms län"
15120,Södertälje,,,,"Stockholms län"
15156,Södertälje,,,,"Stockholms län"
15157,Södertälje,,,,"Stockholms län"
15167,Södertälje,,,,"Stockholms län"
15184,Södertälje,,,,"Stockholms län"
15220,Södertälje,,,,"Stockholms län"
15228,Södertälje,,,,"Stockholms län"
15259,Södertälje,,,,"Stockholms län"
15320,Järna,,,,"Stockholms län"
15326,Järna,,,,"Stockholms län"
15520,Nykvarn,,,,"Stockholms län"
15535,Nykvarn,,,,"Stockholms län"
15581,Nykvarn,,,,"Stockholms län"
16120,Bromma,,,,"Stockholms län"
16201,Vällingby,,,,"Stockholms län"
16213,Vällingby,,,,"Stockholms län"
16320,Spånga,,,,"Stockholms län"
16388,Spånga,,,,"Stockholms län"
16420,Kista,,,,"Stockholms län"
16423,Kista,,,,"Stockholms län"
16424,Kista,,,,"Stockholms län"
16429,Kista,,,,"Stockholms län"
16490,Stockholm,,,,"Stockholms län"
16495,Kista,,,,"Stockholms län"
16520,Hässelby,,,,"Stockholms län"
16720,Bromma,,,,"Stockholms län"
16758,Bromma,,,,"Stockholms län"
16820,Bromma,,,,"Stockholms län"
16920,Solna,,,,"Stockholms län"
16940,Solna,,,,"Stockholms län"
16974,Solna,,,,"Stockholms län"
16987,Stockholm,,,,"Stockholms län"
16989,Solna,,,,"Stockholms län"
17020,Solna,,,,"Stockholms län"
17084,Solna,,,,"Stockholms län"
17087,Stockholm,,,,"Stockholms län"
17108,Solna,,,,"Stockholms län"
17112,Solna,,,,"Stockholms län"
17120,Solna,,,,"Stockholms län"
17179,Solna,,,,"Stockholms län"
17183,Solna,,,,"Stockholms län"
17188,Solna,,,,"Stockholms län"
17193,Solna,,,,"Stockholms län"
17199,Solna,,,,"Stockholms län"
17205,Sundbyberg,,,,"Stockholms län"
17214,Sundbyberg,,,,"Stockholms län"
17215,Sundbyberg,,,,"Stockholms län"
17220,Sundbyberg,,,,"Stockholms län"
17307,Tomteboda,,,,"Stockholms län"
17308,Tomteboda,,,,"Stockholms län"
17311,Stockholm,,,,"Stockholms län"
17320,Tomteboda,,,,"Stockholms län"
17323,Tomteboda,,,,"Stockholms län"
17324,Tomteboda,,,,"Stockholms län"
17325,Tomteboda,,,,"Stockholms län"
17326,Tomteboda,,,,"Stockholms län"
17327,Tomteboda,,,,"Stockholms län"
17328,Tomteboda,,,,"Stockholms län"
17329,Tomteboda,,,,"Stockholms län"
17330,Solna,,,,"Stockholms län"
17331,Solna,,,,"Stockholms län"
17332,Stockholm,,,,"Stockholms län"
17333,Stockholm,,,,"Stockholms län"
17334,Stockholm,,,,"Stockholms län"
17335,Stockholm,,,,"Stockholms län"
17336,Stockholm,,,,"Stockholms län"
17337,Stockholm,,,,"Stockholms län"
17338,Stockholm,,,,"Stockholms län"
17339,Stockholm,,,,"Stockholms län"
17340,Stockholm,,,,"Stockholms län"
17341,Stockholm,,,,"Stockholms län"
17342,Stockholm,,,,"Stockholms län"
17343,Stockholm,,,,"Stockholms län"
17344,Stockholm,,,,"Stockholms län"
17345,Stockholm,,,,"Stockholms län"
17351,Stockholm,,,,"Stockholms län"
17360,Tomteboda,,,,"Stockholms län"
17365,Stockholm,,,,"Stockholms län"
17386,Stockholm,,,,"Stockholms län"
17420,Sundbyberg,,,,"Stockholms län"
17441,Sundbyberg,,,,"Stockholms län"
17461,Sundbyberg,,,,"Stockholms län"
17462,Sundbyberg,,,,"Stockholms län"
17463,Sundbyberg,,,,"Stockholms län"
17465,Sundbyberg,,,,"Stockholms län"
17466,Sundbyberg,,,,"Stockholms län"
17486,Sundbyberg,,,,"Stockholms län"
17487,Sundbyberg,,,,"Stockholms län"
17488,Sundbyberg,,,,"Stockholms län"
17520,Järfälla,,,,"Stockholms län"
17572,Järfälla,,,,"Stockholms län"
17700,Järfälla,,,,"Stockholms län"
17720,Järfälla,,,,"Stockholms län"
17746,Järfälla,,,,"Stockholms län"
17817,Ekerö,,,,"Stockholms län"
17820,Ekerö,,,,"Stockholms län"
18105,Lidingö,,,,"Stockholms län"
18120,Lidingö,,,,"Stockholms län"
18186,Lidingö,,,,"Stockholms län"
18187,Lidingö,,,,"Stockholms län"
18220,Danderyd,,,,"Stockholms län"
18310,Täby,,,,"Stockholms län"
18320,Täby,,,,"Stockholms län"
18368,Täby,,,,"Stockholms län"
18420,Åkersberga,,,,"Stockholms län"
18520,Vaxholm,,,,"Stockholms län"
18620,Vallentuna,,,,"Stockholms län"
18647,Vallentuna,,,,"Stockholms län"
18656,Vallentuna,,,,"Stockholms län"
18715,Täby,,,,"Stockholms län"
18720,Täby,,,,"Stockholms län"
18726,Täby,,,,"Stockholms län"
18727,Täby,,,,"Stockholms län"
18728,Täby,,,,"Stockholms län"
18729,Täby,,,,"Stockholms län"
18730,Täby,,,,"Stockholms län"
18731,Täby,,,,"Stockholms län"
18732,Täby,,,,"Stockholms län"
18733,Täby,,,,"Stockholms län"
18734,Täby,,,,"Stockholms län"
18735,Täby,,,,"Stockholms län"
18736,Täby,,,,"Stockholms län"
18737,Täby,,,,"Stockholms län"
18738,Täby,,,,"Stockholms län"
18740,Täby,,,,"Stockholms län"
18741,Täby,,,,"Stockholms län"
18742,Täby,,,,"Stockholms län"
18743,Täby,,,,"Stockholms län"
18744,Täby,,,,"Stockholms län"
18745,Täby,,,,"Stockholms län"
18746,Täby,,,,"Stockholms län"
18748,Täby,,,,"Stockholms län"
18750,Täby,,,,"Stockholms län"
18751,Täby,,,,"Stockholms län"
18752,Täby,,,,"Stockholms län"
18753,Täby,,,,"Stockholms län"
18754,Täby,,,,"Stockholms län"
18762,Täby,,,,"Stockholms län"
18763,Täby,,,,"Stockholms län"
18764,Täby,,,,"Stockholms län"
18765,Täby,,,,"Stockholms län"
18766,Täby,,,,"Stockholms län"
18767,Täby,,,,"Stockholms län"
18768,Täby,,,,"Stockholms län"
18769,Täby,,,,"Stockholms län"
18770,Täby,,,,"Stockholms län"
18772,Täby,,,,"Stockholms län"
18773,Täby,,,,"Stockholms län"
18774,Täby,,,,"Stockholms län"
18775,Täby,,,,"Stockholms län"
18776,Täby,,,,"Stockholms län"
18777,Täby,,,,"Stockholms län"
18780,Täby,,,,"Stockholms län"
19000,Rosersberg,,,,"Stockholms län"
19002,Rosersberg,,,,"Stockholms län"
19010,Rosersberg,,,,"Stockholms län"
19011,Rosersberg,,,,"Stockholms län"
19012,Rosersberg,,,,"Stockholms län"
19017,Rosersberg,,,,"Stockholms län"
19020,Rosersberg,,,,"Stockholms län"
19070,Rosersberg,,,,"Stockholms län"
19080,Rosersberg,,,,"Stockholms län"
19081,Rosersberg,,,,"Stockholms län"
19082,Rosersberg,,,,"Stockholms län"
19083,Rosersberg,,,,"Stockholms län"
19084,Rosersberg,,,,"Stockholms län"
19085,Rosersberg,,,,"Stockholms län"
19100,Sollentuna,,,,"Stockholms län"
19102,Sollentuna,,,,"Stockholms län"
19118,Sollentuna,,,,"Stockholms län"
19120,Sollentuna,,,,"Stockholms län"
19121,Sollentuna,,,,"Stockholms län"
19122,Sollentuna,,,,"Stockholms län"
19123,Sollentuna,,,,"Stockholms län"
19124,Sollentuna,,,,"Stockholms län"
19126,Sollentuna,,,,"Stockholms län"
19127,Sollentuna,,,,"Stockholms län"
19128,Sollentuna,,,,"Stockholms län"
19129,Sollentuna,,,,"Stockholms län"
19131,Sollentuna,,,,"Stockholms län"
19133,Sollentuna,,,,"Stockholms län"
19134,Sollentuna,,,,"Stockholms län"
19135,Sollentuna,,,,"Stockholms län"
19136,Sollentuna,,,,"Stockholms län"
19137,Sollentuna,,,,"Stockholms län"
19138,Sollentuna,,,,"Stockholms län"
19139,Sollentuna,,,,"Stockholms län"
19140,Sollentuna,,,,"Stockholms län"
19141,Sollentuna,,,,"Stockholms län"
19142,Sollentuna,,,,"Stockholms län"
19143,Sollentuna,,,,"Stockholms län"
19144,Sollentuna,,,,"Stockholms län"
19145,Sollentuna,,,,"Stockholms län"
19146,Sollentuna,,,,"Stockholms län"
19147,Sollentuna,,,,"Stockholms län"
19148,Sollentuna,,,,"Stockholms län"
19149,Sollentuna,,,,"Stockholms län"
19150,Sollentuna,,,,"Stockholms län"
19160,Sollentuna,,,,"Stockholms län"
19161,Sollentuna,,,,"Stockholms län"
19162,Sollentuna,,,,"Stockholms län"
19163,Sollentuna,,,,"Stockholms län"
19164,Sollentuna,,,,"Stockholms län"
19165,Sollentuna,,,,"Stockholms län"
19181,Sollentuna,,,,"Stockholms län"
19183,Sollentuna,,,,"Stockholms län"
19184,Sollentuna,,,,"Stockholms län"
19185,Sollentuna,,,,"Stockholms län"
19186,Sollentuna,,,,"Stockholms län"
19189,Sollentuna,,,,"Stockholms län"
19190,Sollentuna,,,,"Stockholms län"
19197,Sollentuna,,,,"Stockholms län"
19200,Sollentuna,,,,"Stockholms län"
19205,Sollentuna,,,,"Stockholms län"
19206,Sollentuna,,,,"Stockholms län"
19207,Sollentuna,,,,"Stockholms län"
19208,Sollentuna,,,,"Stockholms län"
19210,Sollentuna,,,,"Stockholms län"
19220,Sollentuna,,,,"Stockholms län"
19221,Sollentuna,,,,"Stockholms län"
19230,Sollentuna,,,,"Stockholms län"
19232,Sollentuna,,,,"Stockholms län"
19248,Sollentuna,,,,"Stockholms län"
19251,Sollentuna,,,,"Stockholms län"
19252,Sollentuna,,,,"Stockholms län"
19253,Sollentuna,,,,"Stockholms län"
19254,Sollentuna,,,,"Stockholms län"
19255,Sollentuna,,,,"Stockholms län"
19256,Sollentuna,,,,"Stockholms län"
19257,Sollentuna,,,,"Stockholms län"
19258,Sollentuna,,,,"Stockholms län"
19259,Sollentuna,,,,"Stockholms län"
19265,Sollentuna,,,,"Stockholms län"
19266,Sollentuna,,,,"Stockholms län"
19267,Sollentuna,,,,"Stockholms län"
19268,Sollentuna,,,,"Stockholms län"
19269,Sollentuna,,,,"Stockholms län"
19270,Sollentuna,,,,"Stockholms län"
19271,Sollentuna,,,,"Stockholms län"
19272,Sollentuna,,,,"Stockholms län"
19273,Sollentuna,,,,"Stockholms län"
19274,Sollentuna,,,,"Stockholms län"
19275,Sollentuna,,,,"Stockholms län"
19276,Sollentuna,,,,"Stockholms län"
19277,Sollentuna,,,,"Stockholms län"
19278,Sollentuna,,,,"Stockholms län"
19279,Sollentuna,,,,"Stockholms län"
19280,Sollentuna,,,,"Stockholms län"
19281,Sollentuna,,,,"Stockholms län"
19300,Sigtuna,,,,"Stockholms län"
19320,Sigtuna,,,,"Stockholms län"
19321,Sigtuna,,,,"Stockholms län"
19322,Sigtuna,,,,"Stockholms län"
19323,Sigtuna,,,,"Stockholms län"
19324,Sigtuna,,,,"Stockholms län"
19328,Sigtuna,,,,"Stockholms län"
19330,Sigtuna,,,,"Stockholms län"
19331,Sigtuna,,,,"Stockholms län"
19332,Sigtuna,,,,"Stockholms län"
19333,Sigtuna,,,,"Stockholms län"
19334,Sigtuna,,,,"Stockholms län"
19335,Sigtuna,,,,"Stockholms län"
19336,Sigtuna,,,,"Stockholms län"
19337,Sigtuna,,,,"Stockholms län"
19340,Sigtuna,,,,"Stockholms län"
19341,Sigtuna,,,,"Stockholms län"
19391,Sigtuna,,,,"Stockholms län"
19400,"Upplands Väsby",,,,"Stockholms län"
19402,"Upplands Väsby",,,,"Stockholms län"
19404,"Upplands Väsby",,,,"Stockholms län"
19405,"Upplands Väsby",,,,"Stockholms län"
19410,"Upplands Väsby",,,,"Stockholms län"
19417,"Upplands Väsby",,,,"Stockholms län"
19418,"Upplands Väsby",,,,"Stockholms län"
19419,"Upplands Väsby",,,,"Stockholms län"
19420,"Upplands Väsby",,,,"Stockholms län"
19421,"Upplands Väsby",,,,"Stockholms län"
19422,"Upplands Väsby",,,,"Stockholms län"
19423,"Upplands Väsby",,,,"Stockholms län"
19426,"Upplands Väsby",,,,"Stockholms län"
19427,"Upplands Väsby",,,,"Stockholms län"
19428,"Upplands Väsby",,,,"Stockholms län"
19429,"Upplands Väsby",,,,"Stockholms län"
19430,"Upplands Väsby",,,,"Stockholms län"
19431,"Upplands Väsby",,,,"Stockholms län"
19432,"Upplands Väsby",,,,"Stockholms län"
19433,"Upplands Väsby",,,,"Stockholms län"
19434,"Upplands Väsby",,,,"Stockholms län"
19435,"Upplands Väsby",,,,"Stockholms län"
19436,"Upplands Väsby",,,,"Stockholms län"
19437,"Upplands Väsby",,,,"Stockholms län"
19438,"Upplands Väsby",,,,"Stockholms län"
19439,"Upplands Väsby",,,,"Stockholms län"
19440,"Upplands Väsby",,,,"Stockholms län"
19441,"Upplands Väsby",,,,"Stockholms län"
19442,"Upplands Väsby",,,,"Stockholms län"
19443,"Upplands Väsby",,,,"Stockholms län"
19444,"Upplands Väsby",,,,"Stockholms län"
19445,"Upplands Väsby",,,,"Stockholms län"
19446,"Upplands Väsby",,,,"Stockholms län"
19447,"Upplands Väsby",,,,"Stockholms län"
19449,"Upplands Väsby",,,,"Stockholms län"
19451,"Upplands Väsby",,,,"Stockholms län"
19452,"Upplands Väsby",,,,"Stockholms län"
19453,"Upplands Väsby",,,,"Stockholms län"
19454,"Upplands Väsby",,,,"Stockholms län"
19455,"Upplands Väsby",,,,"Stockholms län"
19456,"Upplands Väsby",,,,"Stockholms län"
19457,"Upplands Väsby",,,,"Stockholms län"
19460,"Upplands Väsby",,,,"Stockholms län"
19461,"Upplands Väsby",,,,"Stockholms län"
19462,"Upplands Väsby",,,,"Stockholms län"
19463,"Upplands Väsby",,,,"Stockholms län"
19464,"Upplands Väsby",,,,"Stockholms län"
19465,"Upplands Väsby",,,,"Stockholms län"
19466,"Upplands Väsby",,,,"Stockholms län"
19467,"Upplands Väsby",,,,"Stockholms län"
19468,"Upplands Väsby",,,,"Stockholms län"
19469,"Upplands Väsby",,,,"Stockholms län"
19470,"Upplands Väsby",,,,"Stockholms län"
19471,"Upplands Väsby",,,,"Stockholms län"
19472,"Upplands Väsby",,,,"Stockholms län"
19473,"Upplands Väsby",,,,"Stockholms län"
19474,"Upplands Väsby",,,,"Stockholms län"
19475,"Upplands Väsby",,,,"Stockholms län"
19476,"Upplands Väsby",,,,"Stockholms län"
19477,"Upplands Väsby",,,,"Stockholms län"
19478,"Upplands Väsby",,,,"Stockholms län"
19479,"Upplands Väsby",,,,"Stockholms län"
19480,"Upplands Väsby",,,,"Stockholms län"
19481,"Upplands Väsby",,,,"Stockholms län"
19482,"Upplands Väsby",,,,"Stockholms län"
19483,"Upplands Väsby",,,,"Stockholms län"
19484,"Upplands Väsby",,,,"Stockholms län"
19486,"Upplands Väsby",,,,"Stockholms län"
19487,"Upplands Väsby",,,,"Stockholms län"
19488,"Upplands Väsby",,,,"Stockholms län"
19489,"Upplands Väsby",,,,"Stockholms län"
19491,"Upplands Väsby",,,,"Stockholms län"
19492,"Upplands Väsby",,,,"Stockholms län"
19498,"Upplands Väsby",,,,"Stockholms län"
19500,Märsta,,,,"Stockholms län"
19502,Märsta,,,,"Stockholms län"
19503,Märsta,,,,"Stockholms län"
19504,Rosersberg,,,,"Stockholms län"
19506,Märsta,,,,"Stockholms län"
19510,Märsta,,,,"Stockholms län"
19518,Märsta,,,,"Stockholms län"
19519,Märsta,,,,"Stockholms län"
19520,Märsta,,,,"Stockholms län"
19521,Märsta,,,,"Stockholms län"
19522,Märsta,,,,"Stockholms län"
19523,Märsta,,,,"Stockholms län"
19524,Märsta,,,,"Stockholms län"
19525,Märsta,,,,"Stockholms län"
19530,Märsta,,,,"Stockholms län"
19531,Märsta,,,,"Stockholms län"
19532,Märsta,,,,"Stockholms län"
19533,Märsta,,,,"Stockholms län"
19534,Märsta,,,,"Stockholms län"
19535,Märsta,,,,"Stockholms län"
19536,Märsta,,,,"Stockholms län"
19540,Märsta,,,,"Stockholms län"
19541,Märsta,,,,"Stockholms län"
19542,Märsta,,,,"Stockholms län"
19543,Märsta,,,,"Stockholms län"
19544,Märsta,,,,"Stockholms län"
19545,Märsta,,,,"Stockholms län"
19546,Märsta,,,,"Stockholms län"
19547,Märsta,,,,"Stockholms län"
19550,Märsta,,,,"Stockholms län"
19551,Märsta,,,,"Stockholms län"
19552,Märsta,,,,"Stockholms län"
19553,Märsta,,,,"Stockholms län"
19554,Märsta,,,,"Stockholms län"
19555,Märsta,,,,"Stockholms län"
19556,Märsta,,,,"Stockholms län"
19557,Märsta,,,,"Stockholms län"
19558,Märsta,,,,"Stockholms län"
19559,Märsta,,,,"Stockholms län"
19570,Rosersberg,,,,"Stockholms län"
19571,Rosersberg,,,,"Stockholms län"
19572,Rosersberg,,,,"Stockholms län"
19580,Märsta,,,,"Stockholms län"
19581,Märsta,,,,"Stockholms län"
19582,Märsta,,,,"Stockholms län"
19583,Märsta,,,,"Stockholms län"
19585,Märsta,,,,"Stockholms län"
19591,Märsta,,,,"Stockholms län"
19592,Märsta,,,,"Stockholms län"
19593,Märsta,,,,"Stockholms län"
19594,Märsta,,,,"Stockholms län"
19595,Rosersberg,,,,"Stockholms län"
19596,Rosersberg,,,,"Stockholms län"
19600,Kungsängen,,,,"Stockholms län"
19601,Kungsängen,,,,"Stockholms län"
19602,Kungsängen,,,,"Stockholms län"
19620,Kungsängen,,,,"Stockholms län"
19621,Kungsängen,,,,"Stockholms län"
19622,Kungsängen,,,,"Stockholms län"
19623,Kungsängen,,,,"Stockholms län"
19624,Kungsängen,,,,"Stockholms län"
19628,Kungsängen,,,,"Stockholms län"
19630,Kungsängen,,,,"Stockholms län"
19631,Kungsängen,,,,"Stockholms län"
19632,Kungsängen,,,,"Stockholms län"
19633,Kungsängen,,,,"Stockholms län"
19634,Kungsängen,,,,"Stockholms län"
19635,Kungsängen,,,,"Stockholms län"
19636,Kungsängen,,,,"Stockholms län"
19637,Kungsängen,,,,"Stockholms län"
19638,Kungsängen,,,,"Stockholms län"
19639,Kungsängen,,,,"Stockholms län"
19640,Kungsängen,,,,"Stockholms län"
19641,Kungsängen,,,,"Stockholms län"
19680,Kungsängen,,,,"Stockholms län"
19681,Kungsängen,,,,"Stockholms län"
19685,Kungsängen,,,,"Stockholms län"
19691,Kungsängen,,,,"Stockholms län"
19692,Kungsängen,,,,"Stockholms län"
19693,Kungsängen,,,,"Stockholms län"
19700,Bro,,,,"Stockholms län"
19720,Bro,,,,"Stockholms län"
19721,Bro,,,,"Stockholms län"
19722,Bro,,,,"Stockholms län"
19725,Bro,,,,"Stockholms län"
19730,Bro,,,,"Stockholms län"
19731,Bro,,,,"Stockholms län"
19732,Bro,,,,"Stockholms län"
19733,Bro,,,,"Stockholms län"
19734,Bro,,,,"Stockholms län"
19735,Bro,,,,"Stockholms län"
19736,Bro,,,,"Stockholms län"
19740,Bro,,,,"Stockholms län"
19791,Bro,,,,"Stockholms län"
19792,Bro,,,,"Stockholms län"
19793,Bro,,,,"Stockholms län"
76120,Norrtälje,,,,"Stockholms län"
76220,Rimbo,,,,"Stockholms län"
76320,Hallstavik,,,,"Stockholms län"
89054,Trehörningsjö,,,,"Västerbottens län"
91401,Nordmaling,,,,"Västerbottens län"
91421,Nordmaling,,,,"Västerbottens län"
91422,Nordmaling,,,,"Västerbottens län"
91429,Rundvik,,,,"Västerbottens län"
91431,Nordmaling,,,,"Västerbottens län"
91432,Nordmaling,,,,"Västerbottens län"
91433,Nordmaling,,,,"Västerbottens län"
91441,Rundvik,,,,"Västerbottens län"
91481,Nordmaling,,,,"Västerbottens län"
91490,Nordmaling,,,,"Västerbottens län"
91491,Nordmaling,,,,"Västerbottens län"
91492,Lögdeå,,,,"Västerbottens län"
91495,Gräsmyr,,,,"Västerbottens län"
91496,Håknäs,,,,"Västerbottens län"
91497,Hörnsjö,,,,"Västerbottens län"
91498,Nordmaling,,,,"Västerbottens län"
91493,Norrfors,,,,"Västerbottens län"
91494,Nyåker,,,,"Västerbottens län"
91601,Bjurholm,,,,"Västerbottens län"
91621,Bjurholm,,,,"Västerbottens län"
91631,Bjurholm,,,,"Västerbottens län"
91681,Bjurholm,,,,"Västerbottens län"
91691,Bjurholm,,,,"Västerbottens län"
91692,Bjurholm,,,,"Västerbottens län"
91693,Bjurholm,,,,"Västerbottens län"
81963,Hällnäs,,,,"Västerbottens län"
81964,Hällnäs,,,,"Västerbottens län"
81965,Hällnäs,,,,"Västerbottens län"
92201,Vindeln,,,,"Västerbottens län"
92221,Vindeln,,,,"Västerbottens län"
92231,Vindeln,,,,"Västerbottens län"
92232,Vindeln,,,,"Västerbottens län"
92273,Hällnäs,,,,"Västerbottens län"
92275,Åmsele,,,,"Västerbottens län"
92281,Vindeln,,,,"Västerbottens län"
92282,Vindeln,,,,"Västerbottens län"
92290,Vindeln,,,,"Västerbottens län"
92291,Vindeln,,,,"Västerbottens län"
92292,Vindeln,,,,"Västerbottens län"
92293,Vindeln,,,,"Västerbottens län"
92294,Tvärålund,,,,"Västerbottens län"
92295,Granö,,,,"Västerbottens län"
91501,Robertsfors,,,,"Västerbottens län"
91521,Robertsfors,,,,"Västerbottens län"
91523,Robertsfors,,,,"Västerbottens län"
91531,Robertsfors,,,,"Västerbottens län"
91532,Robertsfors,,,,"Västerbottens län"
91534,Ånäset,,,,"Västerbottens län"
91581,Robertsfors,,,,"Västerbottens län"
91591,Robertsfors,,,,"Västerbottens län"
91592,Robertsfors,,,,"Västerbottens län"
91593,Robertsfors,,,,"Västerbottens län"
91594,Ånäset,,,,"Västerbottens län"
91595,Ånäset,,,,"Västerbottens län"
91596,Flarken,,,,"Västerbottens län"
91893,Bygdeå,,,,"Västerbottens län"
91894,Bygdeå,,,,"Västerbottens län"
93501,Norsjö,,,,"Västerbottens län"
93521,Norsjö,,,,"Västerbottens län"
93531,Norsjö,,,,"Västerbottens län"
93532,Norsjö,,,,"Västerbottens län"
93581,Norsjö,,,,"Västerbottens län"
93591,Norsjö,,,,"Västerbottens län"
93592,Norsjö,,,,"Västerbottens län"
93593,Norsjö,,,,"Västerbottens län"
93070,Malå,,,,"Västerbottens län"
93071,Rentjärn,,,,"Västerbottens län"
93072,Adak,,,,"Västerbottens län"
93920,Malå,,,,"Västerbottens län"
93921,Malå,,,,"Västerbottens län"
93931,Malå,,,,"Västerbottens län"
93932,Malå,,,,"Västerbottens län"
93981,Malå,,,,"Västerbottens län"
93991,Rentjärn,,,,"Västerbottens län"
93992,Adak,,,,"Västerbottens län"
93993,Malå,,,,"Västerbottens län"
93994,Malå,,,,"Västerbottens län"
93995,Malå,,,,"Västerbottens län"
92051,Gunnarn,,,,"Västerbottens län"
92064,Tärnaby,,,,"Västerbottens län"
92066,Hemavan,,,,"Västerbottens län"
92301,Storuman,,,,"Västerbottens län"
92321,Storuman,,,,"Västerbottens län"
92322,Storuman,,,,"Västerbottens län"
92323,Storuman,,,,"Västerbottens län"
92324,Storuman,,,,"Västerbottens län"
92326,Storuman,,,,"Västerbottens län"
92331,Storuman,,,,"Västerbottens län"
92332,Storuman,,,,"Västerbottens län"
92341,Stensele,,,,"Västerbottens län"
92381,Storuman,,,,"Västerbottens län"
92394,Dikanäs,,,,"Västerbottens län"
92395,Kittelfjäll,,,,"Västerbottens län"
92396,Barsele,,,,"Västerbottens län"
92397,Slussfors,,,,"Västerbottens län"
92398,Storuman,,,,"Västerbottens län"
92399,Storuman,,,,"Västerbottens län"
92532,Tärnaby,,,,"Västerbottens län"
92593,Hemavan,,,,"Västerbottens län"
92070,Sorsele,,,,"Västerbottens län"
92072,Blattnicksele,,,,"Västerbottens län"
92073,Gargnäs,,,,"Västerbottens län"
92075,Ammarnäs,,,,"Västerbottens län"
92401,Sorsele,,,,"Västerbottens län"
92420,Sorsele,,,,"Västerbottens län"
92421,Sorsele,,,,"Västerbottens län"
92422,Ammarnäs,,,,"Västerbottens län"
92431,Sorsele,,,,"Västerbottens län"
92432,Sorsele,,,,"Västerbottens län"
92481,Sorsele,,,,"Västerbottens län"
92492,Blattnicksele,,,,"Västerbottens län"
92493,Gargnäs,,,,"Västerbottens län"
92494,Sorsele,,,,"Västerbottens län"
92495,Ammarnäs,,,,"Västerbottens län"
92498,Slagnäs,,,,"Västerbottens län"
83081,Norråker,,,,"Västerbottens län"
83391,Norråker,,,,"Västerbottens län"
91701,Dorotea,,,,"Västerbottens län"
91702,Högland,,,,"Västerbottens län"
91703,Risbäck,,,,"Västerbottens län"
91704,Borgafjäll,,,,"Västerbottens län"
91721,Dorotea,,,,"Västerbottens län"
91722,Dorotea,,,,"Västerbottens län"
91731,Dorotea,,,,"Västerbottens län"
91732,Dorotea,,,,"Västerbottens län"
91781,Dorotea,,,,"Västerbottens län"
91782,Dorotea,,,,"Västerbottens län"
91787,Dorotea,,,,"Västerbottens län"
91791,Dorotea,,,,"Västerbottens län"
91793,Lajksjöberg,,,,"Västerbottens län"
91794,Lavsjön,,,,"Västerbottens län"
91795,Svanavattnet,,,,"Västerbottens län"
91799,Dorotea,,,,"Västerbottens län"
91101,Vännäs,,,,"Västerbottens län"
91121,Vännäs,,,,"Västerbottens län"
91130,Vännäs,,,,"Västerbottens län"
91131,Vännäs,,,,"Västerbottens län"
91132,Vännäs,,,,"Västerbottens län"
91133,Vännäs,,,,"Västerbottens län"
91134,Vännäs,,,,"Västerbottens län"
91135,Vännäsby,,,,"Västerbottens län"
91136,Vännäsby,,,,"Västerbottens län"
91181,Vännäs,,,,"Västerbottens län"
91182,Vännäs,,,,"Västerbottens län"
91191,Vännäs,,,,"Västerbottens län"
91192,Vännäs,,,,"Västerbottens län"
91193,Vännäs,,,,"Västerbottens län"
91194,Vännäs,,,,"Västerbottens län"
91088,Marsfjäll,,,,"Västerbottens län"
91094,Dikanäs,,,,"Västerbottens län"
91201,Vilhelmina,,,,"Västerbottens län"
91221,Vilhelmina,,,,"Västerbottens län"
91222,Vilhelmina,,,,"Västerbottens län"
91223,Vilhelmina,,,,"Västerbottens län"
91224,Vilhelmina,,,,"Västerbottens län"
91231,Vilhelmina,,,,"Västerbottens län"
91232,Vilhelmina,,,,"Västerbottens län"
91233,Vilhelmina,,,,"Västerbottens län"
91234,Vilhelmina,,,,"Västerbottens län"
91270,Marsfjäll,,,,"Västerbottens län"
91281,Vilhelmina,,,,"Västerbottens län"
91290,Vilhelmina,,,,"Västerbottens län"
91291,Vilhelmina,,,,"Västerbottens län"
91292,Vilhelmina,,,,"Västerbottens län"
91293,Vilhelmina,,,,"Västerbottens län"
91294,Latikberg,,,,"Västerbottens län"
91295,Storseleby,,,,"Västerbottens län"
91297,Malgomaj,,,,"Västerbottens län"
91298,Klimpfjäll,,,,"Västerbottens län"
91299,Vilhelmina,,,,"Västerbottens län"
89599,Solberg,,,,"Västerbottens län"
91050,Fredrika,,,,"Västerbottens län"
91052,Långbäcken,,,,"Västerbottens län"
91060,Åsele,,,,"Västerbottens län"
91063,Hällaström,,,,"Västerbottens län"
91901,Åsele,,,,"Västerbottens län"
91920,Åsele,,,,"Västerbottens län"
91921,Åsele,,,,"Västerbottens län"
91931,Åsele,,,,"Västerbottens län"
91932,Åsele,,,,"Västerbottens län"
91985,Åsele,,,,"Västerbottens län"
91991,Åsele,,,,"Västerbottens län"
91992,Åsele,,,,"Västerbottens län"
91993,Fredrika,,,,"Västerbottens län"
91994,Hällaström,,,,"Västerbottens län"
91995,Långbäcken,,,,"Västerbottens län"
90001,Umeå,,,,"Västerbottens län"
90002,Umeå,,,,"Västerbottens län"
90100,Umeå,,,,"Västerbottens län"
90101,Umeå,,,,"Västerbottens län"
90102,Umeå,,,,"Västerbottens län"
90103,Umeå,,,,"Västerbottens län"
90104,Umeå,,,,"Västerbottens län"
90105,Umeå,,,,"Västerbottens län"
90106,Umeå,,,,"Västerbottens län"
90107,Umeå,,,,"Västerbottens län"
90108,Umeå,,,,"Västerbottens län"
90109,Umeå,,,,"Västerbottens län"
90110,Umeå,,,,"Västerbottens län"
90119,Umeå,,,,"Västerbottens län"
90120,Umeå,,,,"Västerbottens län"
90121,Umeå,,,,"Västerbottens län"
90122,Umeå,,,,"Västerbottens län"
90123,Umeå,,,,"Västerbottens län"
90124,Umeå,,,,"Västerbottens län"
90125,Umeå,,,,"Västerbottens län"
90130,Umeå,,,,"Västerbottens län"
90131,Umeå,,,,"Västerbottens län"
90132,Umeå,,,,"Västerbottens län"
90133,Umeå,,,,"Västerbottens län"
90137,Umeå,,,,"Västerbottens län"
90170,Umeå,,,,"Västerbottens län"
90171,Umeå,,,,"Västerbottens län"
90172,Umeå,,,,"Västerbottens län"
90173,Umeå,,,,"Västerbottens län"
90174,Umeå,,,,"Västerbottens län"
90175,Umeå,,,,"Västerbottens län"
90176,Umeå,,,,"Västerbottens län"
90177,Umeå,,,,"Västerbottens län"
90178,Umeå,,,,"Västerbottens län"
90179,Umeå,,,,"Västerbottens län"
90180,Umeå,,,,"Västerbottens län"
90181,Umeå,,,,"Västerbottens län"
90182,Umeå,,,,"Västerbottens län"
90183,Umeå,,,,"Västerbottens län"
90184,Umeå,,,,"Västerbottens län"
90185,Umeå,,,,"Västerbottens län"
90186,Umeå,,,,"Västerbottens län"
90187,Umeå,,,,"Västerbottens län"
90188,Umeå,,,,"Västerbottens län"
90189,Umeå,,,,"Västerbottens län"
90300,Umeå,,,,"Västerbottens län"
90301,Umeå,,,,"Västerbottens län"
90302,Umeå,,,,"Västerbottens län"
90303,Umeå,,,,"Västerbottens län"
90304,Umeå,,,,"Västerbottens län"
90310,Umeå,,,,"Västerbottens län"
90311,Umeå,,,,"Västerbottens län"
90313,Umeå,,,,"Västerbottens län"
90314,Umeå,,,,"Västerbottens län"
90320,Umeå,,,,"Västerbottens län"
90321,Umeå,,,,"Västerbottens län"
90322,Umeå,,,,"Västerbottens län"
90323,Umeå,,,,"Västerbottens län"
90325,Umeå,,,,"Västerbottens län"
90326,Umeå,,,,"Västerbottens län"
90327,Umeå,,,,"Västerbottens län"
90328,Umeå,,,,"Västerbottens län"
90329,Umeå,,,,"Västerbottens län"
90330,Umeå,,,,"Västerbottens län"
90331,Umeå,,,,"Västerbottens län"
90332,Umeå,,,,"Västerbottens län"
90333,Umeå,,,,"Västerbottens län"
90334,Umeå,,,,"Västerbottens län"
90335,Umeå,,,,"Västerbottens län"
90336,Umeå,,,,"Västerbottens län"
90337,Umeå,,,,"Västerbottens län"
90338,Umeå,,,,"Västerbottens län"
90339,Umeå,,,,"Västerbottens län"
90342,Umeå,,,,"Västerbottens län"
90343,Umeå,,,,"Västerbottens län"
90344,Umeå,,,,"Västerbottens län"
90345,Umeå,,,,"Västerbottens län"
90346,Umeå,,,,"Västerbottens län"
90347,Umeå,,,,"Västerbottens län"
90351,Umeå,,,,"Västerbottens län"
90352,Umeå,,,,"Västerbottens län"
90353,Umeå,,,,"Västerbottens län"
90354,Umeå,,,,"Västerbottens län"
90355,Umeå,,,,"Västerbottens län"
90360,Umeå,,,,"Västerbottens län"
90361,Umeå,,,,"Västerbottens län"
90362,Umeå,,,,"Västerbottens län"
90363,Umeå,,,,"Västerbottens län"
90364,Umeå,,,,"Västerbottens län"
90365,Umeå,,,,"Västerbottens län"
90400,Umeå,,,,"Västerbottens län"
90401,Umeå,,,,"Västerbottens län"
90402,Umeå,,,,"Västerbottens län"
90403,Umeå,,,,"Västerbottens län"
90404,Umeå,,,,"Västerbottens län"
90405,Umeå,,,,"Västerbottens län"
90406,Umeå,,,,"Västerbottens län"
90420,Umeå,,,,"Västerbottens län"
90421,Umeå,,,,"Västerbottens län"
90422,Umeå,,,,"Västerbottens län"
90426,Umeå,,,,"Västerbottens län"
90431,Umeå,,,,"Västerbottens län"
90432,Umeå,,,,"Västerbottens län"
90433,Umeå,,,,"Västerbottens län"
90434,Umeå,,,,"Västerbottens län"
90435,Umeå,,,,"Västerbottens län"
90436,Umeå,,,,"Västerbottens län"
90440,Röbäck,,,,"Västerbottens län"
90441,Röbäck,,,,"Västerbottens län"
90500,Umeå,,,,"Västerbottens län"
90521,Hörnefors,,,,"Västerbottens län"
90531,Hörnefors,,,,"Västerbottens län"
90532,Hörnefors,,,,"Västerbottens län"
90571,Hörnefors,,,,"Västerbottens län"
90572,Hörnefors,,,,"Västerbottens län"
90580,Umeå,,,,"Västerbottens län"
90581,Umeå,,,,"Västerbottens län"
90582,Umeå,,,,"Västerbottens län"
90583,Umeå,,,,"Västerbottens län"
90586,Umeå,,,,"Västerbottens län"
90587,Umeå,,,,"Västerbottens län"
90588,Umeå,,,,"Västerbottens län"
90591,Umeå,,,,"Västerbottens län"
90592,Umeå,,,,"Västerbottens län"
90593,Umeå,,,,"Västerbottens län"
90594,Umeå,,,,"Västerbottens län"
90595,Umeå,,,,"Västerbottens län"
90596,Umeå,,,,"Västerbottens län"
90600,Umeå,,,,"Västerbottens län"
90602,Umeå,,,,"Västerbottens län"
90603,Umeå,,,,"Västerbottens län"
90604,Umeå,,,,"Västerbottens län"
90605,Umeå,,,,"Västerbottens län"
90612,Umeå,,,,"Västerbottens län"
90613,Umeå,,,,"Västerbottens län"
90615,Umeå,,,,"Västerbottens län"
90620,Umeå,,,,"Västerbottens län"
90621,Umeå,,,,"Västerbottens län"
90622,Umeå,,,,"Västerbottens län"
90624,Umeå,,,,"Västerbottens län"
90625,Umeå,,,,"Västerbottens län"
90626,Umeå,,,,"Västerbottens län"
90627,Umeå,,,,"Västerbottens län"
90628,Umeå,,,,"Västerbottens län"
90629,Umeå,,,,"Västerbottens län"
90630,Umeå,,,,"Västerbottens län"
90637,Umeå,,,,"Västerbottens län"
90640,Umeå,,,,"Västerbottens län"
90641,Umeå,,,,"Västerbottens län"
90642,Umeå,,,,"Västerbottens län"
90643,Umeå,,,,"Västerbottens län"
90651,Umeå,,,,"Västerbottens län"
90652,Umeå,,,,"Västerbottens län"
90653,Umeå,,,,"Västerbottens län"
90654,Umeå,,,,"Västerbottens län"
90655,Umeå,,,,"Västerbottens län"
90656,Umeå,,,,"Västerbottens län"
90657,UMEÅ,,,,"Västerbottens län"
90700,Umeå,,,,"Västerbottens län"
90702,Umeå,,,,"Västerbottens län"
90703,Umeå,,,,"Västerbottens län"
90704,Umeå,,,,"Västerbottens län"
90712,Umeå,,,,"Västerbottens län"
90713,Umeå,,,,"Västerbottens län"
90719,Umeå,,,,"Västerbottens län"
90727,Umeå,,,,"Västerbottens län"
90730,Umeå,,,,"Västerbottens län"
90731,Umeå,,,,"Västerbottens län"
90732,Umeå,,,,"Västerbottens län"
90733,Umeå,,,,"Västerbottens län"
90734,Umeå,,,,"Västerbottens län"
90735,Umeå,,,,"Västerbottens län"
90736,Umeå,,,,"Västerbottens län"
90737,Umeå,,,,"Västerbottens län"
90738,Umeå,,,,"Västerbottens län"
90740,Umeå,,,,"Västerbottens län"
90741,Umeå,,,,"Västerbottens län"
90742,Umeå,,,,"Västerbottens län"
90743,Umeå,,,,"Västerbottens län"
90746,Umeå,,,,"Västerbottens län"
90749,Umeå,,,,"Västerbottens län"
90750,Umeå,,,,"Västerbottens län"
90751,Umeå,,,,"Västerbottens län"
90752,Umeå,,,,"Västerbottens län"
90753,Umeå,,,,"Västerbottens län"
90754,Umeå,,,,"Västerbottens län"
90755,Umeå,,,,"Västerbottens län"
90788,Täfteå,,,,"Västerbottens län"
91020,Hörnefors,,,,"Västerbottens län"
91301,Holmsund,,,,"Västerbottens län"
91321,Holmsund,,,,"Västerbottens län"
91322,Holmsund,,,,"Västerbottens län"
91331,Holmsund,,,,"Västerbottens län"
91332,Holmsund,,,,"Västerbottens län"
91333,Holmsund,,,,"Västerbottens län"
91334,Holmsund,,,,"Västerbottens län"
91335,Holmsund,,,,"Västerbottens län"
91341,Obbola,,,,"Västerbottens län"
91342,Obbola,,,,"Västerbottens län"
91380,Obbola,,,,"Västerbottens län"
91801,Sävar,,,,"Västerbottens län"
91803,Holmön,,,,"Västerbottens län"
91821,Sävar,,,,"Västerbottens län"
91831,Sävar,,,,"Västerbottens län"
91832,Sävar,,,,"Västerbottens län"
91834,Sävar,,,,"Västerbottens län"
91891,Sävar,,,,"Västerbottens län"
91892,Bullmark,,,,"Västerbottens län"
92261,Tavelsjö,,,,"Västerbottens län"
92262,Tavelsjö,,,,"Västerbottens län"
92263,Tavelsjö,,,,"Västerbottens län"
92265,Tavelsjö,,,,"Västerbottens län"
92266,Tavelsjö,,,,"Västerbottens län"
92267,Tavelsjö,,,,"Västerbottens län"
92276,Botsmark,,,,"Västerbottens län"
92277,Botsmark,,,,"Västerbottens län"
91695,Örträsk,,,,"Västerbottens län"
92034,Vormsele,,,,"Västerbottens län"
92038,Kristineberg,,,,"Västerbottens län"
92039,Rökå,,,,"Västerbottens län"
92040,Kristineberg,,,,"Västerbottens län"
92041,Björksele,,,,"Västerbottens län"
92042,Vindelgransele,,,,"Västerbottens län"
92101,Lycksele,,,,"Västerbottens län"
92121,Lycksele,,,,"Västerbottens län"
92122,Lycksele,,,,"Västerbottens län"
92123,Lycksele,,,,"Västerbottens län"
92124,Lycksele,,,,"Västerbottens län"
92127,Lycksele,,,,"Västerbottens län"
92128,Lycksele,,,,"Västerbottens län"
92129,Hornmyr,,,,"Västerbottens län"
92131,Lycksele,,,,"Västerbottens län"
92132,Lycksele,,,,"Västerbottens län"
92133,Lycksele,,,,"Västerbottens län"
92134,Lycksele,,,,"Västerbottens län"
92135,Lycksele,,,,"Västerbottens län"
92136,Lycksele,,,,"Västerbottens län"
92137,Lycksele,,,,"Västerbottens län"
92141,Lycksele,,,,"Västerbottens län"
92142,Lycksele,,,,"Västerbottens län"
92145,Lycksele,,,,"Västerbottens län"
92146,Lycksele,,,,"Västerbottens län"
92181,Lycksele,,,,"Västerbottens län"
92182,Lycksele,,,,"Västerbottens län"
92191,Lycksele,,,,"Västerbottens län"
92192,Lycksele,,,,"Västerbottens län"
92193,Lycksele,,,,"Västerbottens län"
92194,Rusksele,,,,"Västerbottens län"
92195,Blåviksjön,,,,"Västerbottens län"
92196,Lycksele,,,,"Västerbottens län"
92199,Lycksele,,,,"Västerbottens län"
92278,Botsmark,,,,"Västerbottens län"
93010,Lövånger,,,,"Västerbottens län"
93015,Bureå,,,,"Västerbottens län"
93027,Kalvträsk,,,,"Västerbottens län"
93047,Byske,,,,"Västerbottens län"
93052,Fällfors,,,,"Västerbottens län"
93055,Jörn,,,,"Västerbottens län"
93061,Bastuträsk,,,,"Västerbottens län"
93100,Skellefteå,,,,"Västerbottens län"
93101,Skellefteå,,,,"Västerbottens län"
93102,Skellefteå,,,,"Västerbottens län"
93121,Skellefteå,,,,"Västerbottens län"
93122,Skellefteå,,,,"Västerbottens län"
93123,Skellefteå,,,,"Västerbottens län"
93124,Skellefteå,,,,"Västerbottens län"
93127,Skellefteå,,,,"Västerbottens län"
93128,Skellefteå,,,,"Västerbottens län"
93130,Skellefteå,,,,"Västerbottens län"
93131,Skellefteå,,,,"Västerbottens län"
93132,Skellefteå,,,,"Västerbottens län"
93133,Skellefteå,,,,"Västerbottens län"
93134,Skellefteå,,,,"Västerbottens län"
93135,Skellefteå,,,,"Västerbottens län"
93136,Skellefteå,,,,"Västerbottens län"
93137,Skellefteå,,,,"Västerbottens län"
93138,Skellefteå,,,,"Västerbottens län"
93139,Skellefteå,,,,"Västerbottens län"
93140,Skellefteå,,,,"Västerbottens län"
93141,Skellefteå,,,,"Västerbottens län"
93142,Skellefteå,,,,"Västerbottens län"
93144,Skellefteå,,,,"Västerbottens län"
93145,Skellefteå,,,,"Västerbottens län"
93146,Skellefteå,,,,"Västerbottens län"
93148,Skellefteå,,,,"Västerbottens län"
93149,Skellefteå,,,,"Västerbottens län"
93150,Skellefteå,,,,"Västerbottens län"
93151,Skellefteå,,,,"Västerbottens län"
93152,Skellefteå,,,,"Västerbottens län"
93153,Skellefteå,,,,"Västerbottens län"
93154,Skellefteå,,,,"Västerbottens län"
93155,Skellefteå,,,,"Västerbottens län"
93156,Skellefteå,,,,"Västerbottens län"
93157,Skellefteå,,,,"Västerbottens län"
93158,Skellefteå,,,,"Västerbottens län"
93161,Skellefteå,,,,"Västerbottens län"
93162,Skellefteå,,,,"Västerbottens län"
93163,Skellefteå,,,,"Västerbottens län"
93164,Skellefteå,,,,"Västerbottens län"
93165,Skellefteå,,,,"Västerbottens län"
93170,Skellefteå,,,,"Västerbottens län"
93171,Skellefteå,,,,"Västerbottens län"
93176,Skellefteå,,,,"Västerbottens län"
93177,Skellefteå,,,,"Västerbottens län"
93178,Skellefteå,,,,"Västerbottens län"
93180,Skellefteå,,,,"Västerbottens län"
93185,Skellefteå,,,,"Västerbottens län"
93186,Skellefteå,,,,"Västerbottens län"
93187,Skellefteå,,,,"Västerbottens län"
93191,Skellefteå,,,,"Västerbottens län"
93192,Skellefteå,,,,"Västerbottens län"
93193,Skellefteå,,,,"Västerbottens län"
93194,Skellefteå,,,,"Västerbottens län"
93195,Skellefteå,,,,"Västerbottens län"
93196,Skellefteå,,,,"Västerbottens län"
93197,Skellefteå,,,,"Västerbottens län"
93198,Skellefteå,,,,"Västerbottens län"
93199,Skellefteå,,,,"Västerbottens län"
93201,Skelleftehamn,,,,"Västerbottens län"
93221,Skelleftehamn,,,,"Västerbottens län"
93223,Bureå,,,,"Västerbottens län"
93231,Skelleftehamn,,,,"Västerbottens län"
93232,Skelleftehamn,,,,"Västerbottens län"
93233,Skelleftehamn,,,,"Västerbottens län"
93234,Örviken,,,,"Västerbottens län"
93235,Ursviken,,,,"Västerbottens län"
93236,Ursviken,,,,"Västerbottens län"
93237,Ursviken,,,,"Västerbottens län"
93251,Bureå,,,,"Västerbottens län"
93252,Bureå,,,,"Västerbottens län"
93261,Lövånger,,,,"Västerbottens län"
93281,Skelleftehamn,,,,"Västerbottens län"
93282,Ursviken,,,,"Västerbottens län"
93283,Ursviken,,,,"Västerbottens län"
93291,Bureå,,,,"Västerbottens län"
93293,Lövånger,,,,"Västerbottens län"
93294,Lövånger,,,,"Västerbottens län"
93401,Kåge,,,,"Västerbottens län"
93421,Kåge,,,,"Västerbottens län"
93424,Byske,,,,"Västerbottens län"
93431,Kåge,,,,"Västerbottens län"
93432,Kåge,,,,"Västerbottens län"
93441,Ersmark,,,,"Västerbottens län"
93451,Byske,,,,"Västerbottens län"
93452,Byske,,,,"Västerbottens län"
93461,Fällfors,,,,"Västerbottens län"
93481,Ersmark,,,,"Västerbottens län"
93482,Ersmark,,,,"Västerbottens län"
93491,Kåge,,,,"Västerbottens län"
93492,Kåge,,,,"Västerbottens län"
93493,Kusmark,,,,"Västerbottens län"
93494,Kåge,,,,"Västerbottens län"
93495,Kåge,,,,"Västerbottens län"
93496,Kåge,,,,"Västerbottens län"
93497,Byske,,,,"Västerbottens län"
93498,Byske,,,,"Västerbottens län"
93570,Bastuträsk,,,,"Västerbottens län"
93601,Boliden,,,,"Västerbottens län"
93621,Boliden,,,,"Västerbottens län"
93631,Boliden,,,,"Västerbottens län"
93632,Boliden,,,,"Västerbottens län"
93651,Jörn,,,,"Västerbottens län"
93681,Boliden,,,,"Västerbottens län"
93691,Boliden,,,,"Västerbottens län"
93692,Boliden,,,,"Västerbottens län"
93693,Boliden,,,,"Västerbottens län"
93694,Jörn,,,,"Västerbottens län"
93695,Jörn,,,,"Västerbottens län"
93701,Burträsk,,,,"Västerbottens län"
93721,Burträsk,,,,"Västerbottens län"
93731,Burträsk,,,,"Västerbottens län"
93732,Burträsk,,,,"Västerbottens län"
93733,Bygdsiljum,,,,"Västerbottens län"
93780,Bygdsiljum,,,,"Västerbottens län"
93791,Burträsk,,,,"Västerbottens län"
93792,Burträsk,,,,"Västerbottens län"
93793,Burträsk,,,,"Västerbottens län"
93794,Burträsk,,,,"Västerbottens län"
93795,Burträsk,,,,"Västerbottens län"
93796,Bygdsiljum,,,,"Västerbottens län"
90340,Umeå,,,,"Västerbottens län"
90638,Umeå,,,,"Västerbottens län"
90650,Umeå,,,,"Västerbottens län"
90660,Umeå,,,,"Västerbottens län"
90728,Umeå,,,,"Västerbottens län"
90729,Umeå,,,,"Västerbottens län"
90739,Umeå,,,,"Västerbottens län"
90801,Umeå,,,,"Västerbottens län"
90802,Umeå,,,,"Västerbottens län"
90803,Umeå,,,,"Västerbottens län"
90804,Umeå,,,,"Västerbottens län"
90805,Umeå,,,,"Västerbottens län"
90806,Umeå,,,,"Västerbottens län"
90807,Umeå,,,,"Västerbottens län"
90809,Umeå,,,,"Västerbottens län"
90810,Umeå,,,,"Västerbottens län"
90811,Umeå,,,,"Västerbottens län"
90812,Umeå,,,,"Västerbottens län"
90813,Umeå,,,,"Västerbottens län"
90814,Umeå,,,,"Västerbottens län"
90815,Umeå,,,,"Västerbottens län"
90850,Umeå,,,,"Västerbottens län"
91102,Vännäsby,,,,"Västerbottens län"
91120,Vännäs,,,,"Västerbottens län"
91220,Vilhelmina,,,,"Västerbottens län"
91320,Holmsund,,,,"Västerbottens län"
91420,Nordmaling,,,,"Västerbottens län"
91520,Robertsfors,,,,"Västerbottens län"
91597,Bygdeå,,,,"Västerbottens län"
91598,Bygdeå,,,,"Västerbottens län"
91620,Bjurholm,,,,"Västerbottens län"
91720,Dorotea,,,,"Västerbottens län"
91820,Sävar,,,,"Västerbottens län"
92037,Kristineberg,,,,"Västerbottens län"
92120,Lycksele,,,,"Västerbottens län"
92173,Kristineberg,,,,"Västerbottens län"
92220,Vindeln,,,,"Västerbottens län"
92320,Storuman,,,,"Västerbottens län"
93120,Skellefteå,,,,"Västerbottens län"
93220,Skelleftehamn,,,,"Västerbottens län"
93222,Ursviken,,,,"Västerbottens län"
93420,Kåge,,,,"Västerbottens län"
93520,Norsjö,,,,"Västerbottens län"
93620,Boliden,,,,"Västerbottens län"
93720,Burträsk,,,,"Västerbottens län"
93081,Glommersträsk,,,,"Norrbottens län"
93082,Abborrträsk,,,,"Norrbottens län"
93086,Moskosel,,,,"Norrbottens län"
93300,Arvidsjaur,,,,"Norrbottens län"
93301,Arvidsjaur,,,,"Norrbottens län"
93321,Arvidsjaur,,,,"Norrbottens län"
93322,Arvidsjaur,,,,"Norrbottens län"
93327,Arvidsjaur,,,,"Norrbottens län"
93331,Arvidsjaur,,,,"Norrbottens län"
93332,Arvidsjaur,,,,"Norrbottens län"
93333,Arvidsjaur,,,,"Norrbottens län"
93334,Arvidsjaur,,,,"Norrbottens län"
93381,Arvidsjaur,,,,"Norrbottens län"
93382,Arvidsjaur,,,,"Norrbottens län"
93383,Arvidsjaur,,,,"Norrbottens län"
93390,Moskosel,,,,"Norrbottens län"
93391,Arvidsjaur,,,,"Norrbottens län"
93392,Arvidsjaur,,,,"Norrbottens län"
93399,Arvidsjaur,,,,"Norrbottens län"
93085,Arjeplog,,,,"Norrbottens län"
93089,Arjeplog,,,,"Norrbottens län"
93090,Arjeplog,,,,"Norrbottens län"
93091,Slagnäs,,,,"Norrbottens län"
93092,Mellanström,,,,"Norrbottens län"
93093,Laisvall,,,,"Norrbottens län"
93095,Jäckvik,,,,"Norrbottens län"
93801,Arjeplog,,,,"Norrbottens län"
93819,Arjeplog,,,,"Norrbottens län"
93820,Arjeplog,,,,"Norrbottens län"
93821,Arjeplog,,,,"Norrbottens län"
93831,Arjeplog,,,,"Norrbottens län"
93832,Arjeplog,,,,"Norrbottens län"
93881,Arjeplog,,,,"Norrbottens län"
93892,Mellanström,,,,"Norrbottens län"
93893,Laisvall,,,,"Norrbottens län"
93894,Arjeplog,,,,"Norrbottens län"
93895,Jäckvik,,,,"Norrbottens län"
93896,Arjeplog,,,,"Norrbottens län"
96030,Vuollerim,,,,"Norrbottens län"
96032,Snesudden,,,,"Norrbottens län"
96033,Murjek,,,,"Norrbottens län"
96201,Jokkmokk,,,,"Norrbottens län"
96202,Kvikkjokk,,,,"Norrbottens län"
96203,Mattisudden,,,,"Norrbottens län"
96205,Kåbdalis,,,,"Norrbottens län"
96221,Jokkmokk,,,,"Norrbottens län"
96222,Jokkmokk,,,,"Norrbottens län"
96223,Jokkmokk,,,,"Norrbottens län"
96224,Jokkmokk,,,,"Norrbottens län"
96225,Jokkmokk,,,,"Norrbottens län"
96226,Jokkmokk,,,,"Norrbottens län"
96231,Jokkmokk,,,,"Norrbottens län"
96232,Jokkmokk,,,,"Norrbottens län"
96233,Jokkmokk,,,,"Norrbottens län"
96285,Jokkmokk,,,,"Norrbottens län"
96298,Randijaur,,,,"Norrbottens län"
96299,Jokkmokk,,,,"Norrbottens län"
98260,Porjus,,,,"Norrbottens län"
95601,Överkalix,,,,"Norrbottens län"
95621,Överkalix,,,,"Norrbottens län"
95622,Överkalix,,,,"Norrbottens län"
95623,Överkalix,,,,"Norrbottens län"
95631,Överkalix,,,,"Norrbottens län"
95632,Överkalix,,,,"Norrbottens län"
95681,Överkalix,,,,"Norrbottens län"
95691,Överkalix,,,,"Norrbottens län"
95692,Överkalix,,,,"Norrbottens län"
95693,Överkalix,,,,"Norrbottens län"
95699,Överkalix,,,,"Norrbottens län"
95040,Töre,,,,"Norrbottens län"
95042,Morjärv,,,,"Norrbottens län"
95200,Kalix,,,,"Norrbottens län"
95204,Påläng,,,,"Norrbottens län"
95221,Kalix,,,,"Norrbottens län"
95222,Kalix,,,,"Norrbottens län"
95223,Kalix,,,,"Norrbottens län"
95227,Kalix,,,,"Norrbottens län"
95231,Kalix,,,,"Norrbottens län"
95232,Kalix,,,,"Norrbottens län"
95233,Kalix,,,,"Norrbottens län"
95234,Kalix,,,,"Norrbottens län"
95235,Kalix,,,,"Norrbottens län"
95236,Kalix,,,,"Norrbottens län"
95241,Kalix,,,,"Norrbottens län"
95242,Kalix,,,,"Norrbottens län"
95243,Töre,,,,"Norrbottens län"
95244,Töre,,,,"Norrbottens län"
95250,Kalix-Nyborg,,,,"Norrbottens län"
95251,Kalix,,,,"Norrbottens län"
95261,Kalix,,,,"Norrbottens län"
95262,Kalix,,,,"Norrbottens län"
95263,Kalix,,,,"Norrbottens län"
95270,Risögrund,,,,"Norrbottens län"
95271,Karlsborgsverken,,,,"Norrbottens län"
95272,Sangis,,,,"Norrbottens län"
95281,Kalix,,,,"Norrbottens län"
95282,Kalix,,,,"Norrbottens län"
95283,Karlsborgsverken,,,,"Norrbottens län"
95291,Kalix,,,,"Norrbottens län"
95292,Kalix,,,,"Norrbottens län"
95293,Kalix,,,,"Norrbottens län"
95294,Kalix,,,,"Norrbottens län"
95295,Båtskärsnäs,,,,"Norrbottens län"
95297,Kalix,,,,"Norrbottens län"
95298,Morjärv,,,,"Norrbottens län"
95701,Övertorneå,,,,"Norrbottens län"
95721,Övertorneå,,,,"Norrbottens län"
95722,Övertorneå,,,,"Norrbottens län"
95723,Juoksengi,,,,"Norrbottens län"
95731,Övertorneå,,,,"Norrbottens län"
95732,Övertorneå,,,,"Norrbottens län"
95785,Övertorneå,,,,"Norrbottens län"
95791,Övertorneå,,,,"Norrbottens län"
95792,Övertorneå,,,,"Norrbottens län"
95793,Pello,,,,"Norrbottens län"
95794,Övertorneå,,,,"Norrbottens län"
95795,Hedenäset,,,,"Norrbottens län"
95799,Övertorneå,,,,"Norrbottens län"
98060,Korpilombolo,,,,"Norrbottens län"
98061,Tärendö,,,,"Norrbottens län"
98062,Junosuando,,,,"Norrbottens län"
98063,Kangos,,,,"Norrbottens län"
98065,Kainulasjärvi,,,,"Norrbottens län"
98401,Pajala,,,,"Norrbottens län"
98421,Pajala,,,,"Norrbottens län"
98422,Pajala,,,,"Norrbottens län"
98423,Pajala,,,,"Norrbottens län"
98428,Pajala,,,,"Norrbottens län"
98431,Pajala,,,,"Norrbottens län"
98432,Pajala,,,,"Norrbottens län"
98470,Pajala,,,,"Norrbottens län"
98485,Pajala,,,,"Norrbottens län"
98491,Pajala,,,,"Norrbottens län"
98492,Pajala,,,,"Norrbottens län"
98494,Lovikka,,,,"Norrbottens län"
98495,Muodoslompolo,,,,"Norrbottens län"
98499,Pajala,,,,"Norrbottens län"
95698,Lansjärv,,,,"Norrbottens län"
98041,Hakkas,,,,"Norrbottens län"
98042,Ullatti,,,,"Norrbottens län"
98045,Vettasjärvi,,,,"Norrbottens län"
98201,Gällivare,,,,"Norrbottens län"
98203,Gällivare,,,,"Norrbottens län"
98204,Gällivare,,,,"Norrbottens län"
98205,Gällivare,,,,"Norrbottens län"
98206,Nattavaara,,,,"Norrbottens län"
98207,Nattavaaraby,,,,"Norrbottens län"
98221,Gällivare,,,,"Norrbottens län"
98222,Gällivare,,,,"Norrbottens län"
98228,Gällivare,,,,"Norrbottens län"
98231,Gällivare,,,,"Norrbottens län"
98232,Gällivare,,,,"Norrbottens län"
98234,Gällivare,,,,"Norrbottens län"
98235,Gällivare,,,,"Norrbottens län"
98236,Gällivare,,,,"Norrbottens län"
98237,Gällivare,,,,"Norrbottens län"
98238,Gällivare,,,,"Norrbottens län"
98239,Gällivare,,,,"Norrbottens län"
98241,Gällivare,,,,"Norrbottens län"
98281,Gällivare,,,,"Norrbottens län"
98282,Gällivare,,,,"Norrbottens län"
98291,Gällivare,,,,"Norrbottens län"
98292,Gällivare,,,,"Norrbottens län"
98293,Gällivare,,,,"Norrbottens län"
98299,Gällivare,,,,"Norrbottens län"
98303,Koskullskulle,,,,"Norrbottens län"
98321,Malmberget,,,,"Norrbottens län"
98322,Malmberget,,,,"Norrbottens län"
98325,Malmberget,,,,"Norrbottens län"
98328,Koskullskulle,,,,"Norrbottens län"
98331,Malmberget,,,,"Norrbottens län"
98332,Malmberget,,,,"Norrbottens län"
98333,Malmberget,,,,"Norrbottens län"
98334,Malmberget,,,,"Norrbottens län"
98335,Malmberget,,,,"Norrbottens län"
98336,Malmberget,,,,"Norrbottens län"
98341,Koskullskulle,,,,"Norrbottens län"
98381,Malmberget,,,,"Norrbottens län"
94201,Älvsbyn,,,,"Norrbottens län"
94221,Älvsbyn,,,,"Norrbottens län"
94222,Älvsbyn,,,,"Norrbottens län"
94228,Älvsbyn,,,,"Norrbottens län"
94231,Älvsbyn,,,,"Norrbottens län"
94232,Älvsbyn,,,,"Norrbottens län"
94233,Älvsbyn,,,,"Norrbottens län"
94234,Älvsbyn,,,,"Norrbottens län"
94235,Älvsbyn,,,,"Norrbottens län"
94236,Älvsbyn,,,,"Norrbottens län"
94281,Älvsbyn,,,,"Norrbottens län"
94282,Älvsbyn,,,,"Norrbottens län"
94285,Älvsbyn,,,,"Norrbottens län"
94291,Vistträsk,,,,"Norrbottens län"
94292,Älvsbyn,,,,"Norrbottens län"
94293,Älvsbyn,,,,"Norrbottens län"
94299,Älvsbyn,,,,"Norrbottens län"
95401,Gammelstad,,,,"Norrbottens län"
95421,Gammelstad,,,,"Norrbottens län"
95422,Gammelstad,,,,"Norrbottens län"
95423,Gammelstad,,,,"Norrbottens län"
95431,Gammelstad,,,,"Norrbottens län"
95432,Gammelstad,,,,"Norrbottens län"
95433,Gammelstad,,,,"Norrbottens län"
95434,Gammelstad,,,,"Norrbottens län"
95435,Gammelstad,,,,"Norrbottens län"
95441,"Södra Sunderbyn",,,,"Norrbottens län"
95442,"Södra Sunderbyn",,,,"Norrbottens län"
95501,Råneå,,,,"Norrbottens län"
95521,Råneå,,,,"Norrbottens län"
95522,Råneå,,,,"Norrbottens län"
95531,Råneå,,,,"Norrbottens län"
95532,Råneå,,,,"Norrbottens län"
95591,Råneå,,,,"Norrbottens län"
95592,Råneå,,,,"Norrbottens län"
95596,Vitå,,,,"Norrbottens län"
97100,Luleå,,,,"Norrbottens län"
97102,Luleå,,,,"Norrbottens län"
97103,Luleå,,,,"Norrbottens län"
97104,Luleå,,,,"Norrbottens län"
97105,Luleå,,,,"Norrbottens län"
97106,Luleå,,,,"Norrbottens län"
97107,Luleå,,,,"Norrbottens län"
97108,Luleå,,,,"Norrbottens län"
97109,Luleå,,,,"Norrbottens län"
97110,Luleå,,,,"Norrbottens län"
97125,Luleå,,,,"Norrbottens län"
97126,Luleå,,,,"Norrbottens län"
97127,Luleå,,,,"Norrbottens län"
97128,Luleå,,,,"Norrbottens län"
97129,Luleå,,,,"Norrbottens län"
97160,Luleå,,,,"Norrbottens län"
97171,Luleå,,,,"Norrbottens län"
97172,Luleå,,,,"Norrbottens län"
97173,Luleå,,,,"Norrbottens län"
97174,Luleå,,,,"Norrbottens län"
97176,Luleå,,,,"Norrbottens län"
97177,Luleå,,,,"Norrbottens län"
97179,Luleå,,,,"Norrbottens län"
97180,Luleå,,,,"Norrbottens län"
97181,Luleå,,,,"Norrbottens län"
97182,Luleå,,,,"Norrbottens län"
97183,Luleå,,,,"Norrbottens län"
97185,Luleå,,,,"Norrbottens län"
97186,Luleå,,,,"Norrbottens län"
97187,Luleå,,,,"Norrbottens län"
97188,Luleå,,,,"Norrbottens län"
97189,Luleå,,,,"Norrbottens län"
97190,Luleå,,,,"Norrbottens län"
97200,Luleå,,,,"Norrbottens län"
97221,Luleå,,,,"Norrbottens län"
97222,Luleå,,,,"Norrbottens län"
97223,Luleå,,,,"Norrbottens län"
97231,Luleå,,,,"Norrbottens län"
97232,Luleå,,,,"Norrbottens län"
97233,Luleå,,,,"Norrbottens län"
97234,Luleå,,,,"Norrbottens län"
97235,Luleå,,,,"Norrbottens län"
97236,Luleå,,,,"Norrbottens län"
97238,Luleå,,,,"Norrbottens län"
97239,Luleå,,,,"Norrbottens län"
97241,Luleå,,,,"Norrbottens län"
97242,Luleå,,,,"Norrbottens län"
97245,Luleå,,,,"Norrbottens län"
97251,Luleå,,,,"Norrbottens län"
97252,Luleå,,,,"Norrbottens län"
97253,Luleå,,,,"Norrbottens län"
97254,Luleå,,,,"Norrbottens län"
97300,Luleå,,,,"Norrbottens län"
97318,Luleå,,,,"Norrbottens län"
97321,Luleå,,,,"Norrbottens län"
97322,Luleå,,,,"Norrbottens län"
97323,Luleå,,,,"Norrbottens län"
97324,Luleå,,,,"Norrbottens län"
97325,Luleå,,,,"Norrbottens län"
97327,Luleå,,,,"Norrbottens län"
97328,Luleå,,,,"Norrbottens län"
97329,Luleå,,,,"Norrbottens län"
97331,Luleå,,,,"Norrbottens län"
97332,Luleå,,,,"Norrbottens län"
97333,Luleå,,,,"Norrbottens län"
97334,Luleå,,,,"Norrbottens län"
97335,Luleå,,,,"Norrbottens län"
97341,Luleå,,,,"Norrbottens län"
97342,Luleå,,,,"Norrbottens län"
97343,Luleå,,,,"Norrbottens län"
97344,Luleå,,,,"Norrbottens län"
97345,Luleå,,,,"Norrbottens län"
97346,Luleå,,,,"Norrbottens län"
97347,Luleå,,,,"Norrbottens län"
97400,Luleå,,,,"Norrbottens län"
97421,Luleå,,,,"Norrbottens län"
97422,Luleå,,,,"Norrbottens län"
97423,Luleå,,,,"Norrbottens län"
97432,Luleå,,,,"Norrbottens län"
97433,Luleå,,,,"Norrbottens län"
97434,Luleå,,,,"Norrbottens län"
97435,Luleå,,,,"Norrbottens län"
97436,Luleå,,,,"Norrbottens län"
97437,Luleå,,,,"Norrbottens län"
97438,Luleå,,,,"Norrbottens län"
97439,Luleå,,,,"Norrbottens län"
97441,Luleå,,,,"Norrbottens län"
97442,Luleå,,,,"Norrbottens län"
97444,Luleå,,,,"Norrbottens län"
97451,Luleå,,,,"Norrbottens län"
97452,Luleå,,,,"Norrbottens län"
97453,Luleå,,,,"Norrbottens län"
97454,Luleå,,,,"Norrbottens län"
97455,Luleå,,,,"Norrbottens län"
97499,Luleå,,,,"Norrbottens län"
97561,Luleå,,,,"Norrbottens län"
97591,Luleå,,,,"Norrbottens län"
97592,Luleå,,,,"Norrbottens län"
97593,Luleå,,,,"Norrbottens län"
97594,Luleå,,,,"Norrbottens län"
97595,Luleå,,,,"Norrbottens län"
97596,Luleå,,,,"Norrbottens län"
97597,Luleå,,,,"Norrbottens län"
97598,Luleå,,,,"Norrbottens län"
97601,Luleå,,,,"Norrbottens län"
97626,Luleå,,,,"Norrbottens län"
97627,Luleå,,,,"Norrbottens län"
97631,Luleå,,,,"Norrbottens län"
97632,Luleå,,,,"Norrbottens län"
97633,Luleå,,,,"Norrbottens län"
97634,Luleå,,,,"Norrbottens län"
97636,Luleå,,,,"Norrbottens län"
97721,Luleå,,,,"Norrbottens län"
97722,Luleå,,,,"Norrbottens län"
97751,Luleå,,,,"Norrbottens län"
97752,Luleå,,,,"Norrbottens län"
97753,Luleå,,,,"Norrbottens län"
97754,Luleå,,,,"Norrbottens län"
97755,Luleå,,,,"Norrbottens län"
97756,Luleå,,,,"Norrbottens län"
97775,Luleå,,,,"Norrbottens län"
94101,Piteå,,,,"Norrbottens län"
94102,Piteå,,,,"Norrbottens län"
94117,Piteå,,,,"Norrbottens län"
94118,Piteå,,,,"Norrbottens län"
94121,Piteå,,,,"Norrbottens län"
94122,Piteå,,,,"Norrbottens län"
94123,Piteå,,,,"Norrbottens län"
94124,Piteå,,,,"Norrbottens län"
94125,Piteå,,,,"Norrbottens län"
94126,Piteå,,,,"Norrbottens län"
94128,Piteå,,,,"Norrbottens län"
94131,Piteå,,,,"Norrbottens län"
94132,Piteå,,,,"Norrbottens län"
94133,Piteå,,,,"Norrbottens län"
94134,Piteå,,,,"Norrbottens län"
94135,Piteå,,,,"Norrbottens län"
94136,Piteå,,,,"Norrbottens län"
94137,Piteå,,,,"Norrbottens län"
94138,Piteå,,,,"Norrbottens län"
94139,Piteå,,,,"Norrbottens län"
94140,Piteå,,,,"Norrbottens län"
94141,Piteå,,,,"Norrbottens län"
94142,Piteå,,,,"Norrbottens län"
94143,Piteå,,,,"Norrbottens län"
94146,Piteå,,,,"Norrbottens län"
94147,Piteå,,,,"Norrbottens län"
94148,Piteå,,,,"Norrbottens län"
94150,Piteå,,,,"Norrbottens län"
94151,Piteå,,,,"Norrbottens län"
94152,Piteå,,,,"Norrbottens län"
94153,Piteå,,,,"Norrbottens län"
94161,Piteå,,,,"Norrbottens län"
94162,Piteå,,,,"Norrbottens län"
94163,Piteå,,,,"Norrbottens län"
94164,Piteå,,,,"Norrbottens län"
94165,Piteå,,,,"Norrbottens län"
94166,Piteå,,,,"Norrbottens län"
94180,Piteå,,,,"Norrbottens län"
94185,Piteå,,,,"Norrbottens län"
94186,Piteå,,,,"Norrbottens län"
94187,Piteå,,,,"Norrbottens län"
94191,Piteå,,,,"Norrbottens län"
94192,Arnemark,,,,"Norrbottens län"
94199,Piteå,,,,"Norrbottens län"
94203,Koler,,,,"Norrbottens län"
94204,Storsund,,,,"Norrbottens län"
94205,Långträsk,,,,"Norrbottens län"
94294,Sikfors,,,,"Norrbottens län"
94298,Koler,,,,"Norrbottens län"
94301,Öjebyn,,,,"Norrbottens län"
94321,Öjebyn,,,,"Norrbottens län"
94322,Öjebyn,,,,"Norrbottens län"
94323,Öjebyn,,,,"Norrbottens län"
94328,Öjebyn,,,,"Norrbottens län"
94331,Öjebyn,,,,"Norrbottens län"
94332,Öjebyn,,,,"Norrbottens län"
94333,Öjebyn,,,,"Norrbottens län"
94335,Öjebyn,,,,"Norrbottens län"
94336,Öjebyn,,,,"Norrbottens län"
94401,Hortlax,,,,"Norrbottens län"
94421,Hortlax,,,,"Norrbottens län"
94431,Hortlax,,,,"Norrbottens län"
94432,Hortlax,,,,"Norrbottens län"
94471,Piteå,,,,"Norrbottens län"
94472,Piteå,,,,"Norrbottens län"
94473,Piteå,,,,"Norrbottens län"
94491,Hortlax,,,,"Norrbottens län"
94492,Blåsmark,,,,"Norrbottens län"
94493,Hemmingsmark,,,,"Norrbottens län"
94494,Jävrebyn,,,,"Norrbottens län"
94501,Norrfjärden,,,,"Norrbottens län"
94521,Norrfjärden,,,,"Norrbottens län"
94523,Rosvik,,,,"Norrbottens län"
94531,Norrfjärden,,,,"Norrbottens län"
94532,Norrfjärden,,,,"Norrbottens län"
94533,Rosvik,,,,"Norrbottens län"
94534,Rosvik,,,,"Norrbottens län"
94591,Norrfjärden,,,,"Norrbottens län"
94592,Altersbruk,,,,"Norrbottens län"
94593,Sjulsmark,,,,"Norrbottens län"
94631,Roknäs,,,,"Norrbottens län"
94640,Svensbyn,,,,"Norrbottens län"
94691,Roknäs,,,,"Norrbottens län"
94692,Lillpite,,,,"Norrbottens län"
94699,Roknäs,,,,"Norrbottens län"
94295,Vidsel,,,,"Norrbottens län"
95595,Niemisel,,,,"Norrbottens län"
95599,Råneå,,,,"Norrbottens län"
96024,Harads,,,,"Norrbottens län"
96100,Boden,,,,"Norrbottens län"
96101,Boden,,,,"Norrbottens län"
96103,Boden,,,,"Norrbottens län"
96117,Boden,,,,"Norrbottens län"
96119,Boden,,,,"Norrbottens län"
96121,Boden,,,,"Norrbottens län"
96122,Boden,,,,"Norrbottens län"
96123,Boden,,,,"Norrbottens län"
96128,Boden,,,,"Norrbottens län"
96131,Boden,,,,"Norrbottens län"
96132,Boden,,,,"Norrbottens län"
96133,Boden,,,,"Norrbottens län"
96134,Boden,,,,"Norrbottens län"
96135,Boden,,,,"Norrbottens län"
96136,Boden,,,,"Norrbottens län"
96137,Boden,,,,"Norrbottens län"
96138,Boden,,,,"Norrbottens län"
96139,Boden,,,,"Norrbottens län"
96140,Boden,,,,"Norrbottens län"
96142,Boden,,,,"Norrbottens län"
96143,Boden,,,,"Norrbottens län"
96144,Boden,,,,"Norrbottens län"
96145,Boden,,,,"Norrbottens län"
96146,Boden,,,,"Norrbottens län"
96147,Boden,,,,"Norrbottens län"
96148,Boden,,,,"Norrbottens län"
96149,Boden,,,,"Norrbottens län"
96150,Boden,,,,"Norrbottens län"
96151,Boden,,,,"Norrbottens län"
96161,Boden,,,,"Norrbottens län"
96162,Boden,,,,"Norrbottens län"
96164,Boden,,,,"Norrbottens län"
96167,Boden,,,,"Norrbottens län"
96168,Boden,,,,"Norrbottens län"
96173,Boden,,,,"Norrbottens län"
96174,Boden,,,,"Norrbottens län"
96175,Boden,,,,"Norrbottens län"
96176,Boden,,,,"Norrbottens län"
96177,Boden,,,,"Norrbottens län"
96178,Harads,,,,"Norrbottens län"
96186,Boden,,,,"Norrbottens län"
96190,Harads,,,,"Norrbottens län"
96191,Boden,,,,"Norrbottens län"
96192,Boden,,,,"Norrbottens län"
96193,Boden,,,,"Norrbottens län"
96194,Mårdsel,,,,"Norrbottens län"
96195,Boden,,,,"Norrbottens län"
96196,Boden,,,,"Norrbottens län"
96197,Gunnarsbyn,,,,"Norrbottens län"
96198,Boden,,,,"Norrbottens län"
95296,Lappträsk,,,,"Norrbottens län"
95301,Haparanda,,,,"Norrbottens län"
95321,Haparanda,,,,"Norrbottens län"
95322,Haparanda,,,,"Norrbottens län"
95323,Haparanda,,,,"Norrbottens län"
95324,Haparanda,,,,"Norrbottens län"
95328,Haparanda,,,,"Norrbottens län"
95331,Haparanda,,,,"Norrbottens län"
95332,Haparanda,,,,"Norrbottens län"
95333,Haparanda,,,,"Norrbottens län"
95334,Haparanda,,,,"Norrbottens län"
95335,Haparanda,,,,"Norrbottens län"
95336,Haparanda,,,,"Norrbottens län"
95337,Haparanda,,,,"Norrbottens län"
95385,Haparanda,,,,"Norrbottens län"
95391,Haparanda,,,,"Norrbottens län"
95392,Haparanda,,,,"Norrbottens län"
95393,Karungi,,,,"Norrbottens län"
95394,Seskarö,,,,"Norrbottens län"
95395,Nikkala,,,,"Norrbottens län"
98010,Vittangi,,,,"Norrbottens län"
98013,Lannavaara,,,,"Norrbottens län"
98014,"Övre Soppero",,,,"Norrbottens län"
98016,Karesuando,,,,"Norrbottens län"
98020,Svappavaara,,,,"Norrbottens län"
98101,Kiruna,,,,"Norrbottens län"
98102,Kiruna,,,,"Norrbottens län"
98105,Kiruna,,,,"Norrbottens län"
98107,Abisko,,,,"Norrbottens län"
98121,Kiruna,,,,"Norrbottens län"
98122,Kiruna,,,,"Norrbottens län"
98123,Kiruna,,,,"Norrbottens län"
98124,Kiruna,,,,"Norrbottens län"
98128,Kiruna,,,,"Norrbottens län"
98129,Kiruna,,,,"Norrbottens län"
98130,Kiruna,,,,"Norrbottens län"
98131,Kiruna,,,,"Norrbottens län"
98132,Kiruna,,,,"Norrbottens län"
98133,Kiruna,,,,"Norrbottens län"
98134,Kiruna,,,,"Norrbottens län"
98135,Kiruna,,,,"Norrbottens län"
98136,Kiruna,,,,"Norrbottens län"
98137,Kiruna,,,,"Norrbottens län"
98138,Kiruna,,,,"Norrbottens län"
98139,Kiruna,,,,"Norrbottens län"
98140,Kiruna,,,,"Norrbottens län"
98141,Kiruna,,,,"Norrbottens län"
98142,Kiruna,,,,"Norrbottens län"
98143,Kiruna,,,,"Norrbottens län"
98144,Kiruna,,,,"Norrbottens län"
98145,Kiruna,,,,"Norrbottens län"
98146,Kurravaara,,,,"Norrbottens län"
98147,Kiruna,,,,"Norrbottens län"
98180,Kiruna,,,,"Norrbottens län"
98181,Kiruna,,,,"Norrbottens län"
98182,Kiruna,,,,"Norrbottens län"
98183,Kiruna,,,,"Norrbottens län"
98184,Kiruna,,,,"Norrbottens län"
98185,Kiruna,,,,"Norrbottens län"
98186,Kiruna,,,,"Norrbottens län"
98187,Kiruna,,,,"Norrbottens län"
98188,Kiruna,,,,"Norrbottens län"
98189,Kiruna,,,,"Norrbottens län"
98191,Jukkasjärvi,,,,"Norrbottens län"
98192,Kiruna,,,,"Norrbottens län"
98193,Björkliden,,,,"Norrbottens län"
98194,Riksgränsen,,,,"Norrbottens län"
98195,Kiruna,,,,"Norrbottens län"
98199,Kiruna,,,,"Norrbottens län"
98261,Svappavaara,,,,"Norrbottens län"
98593,Lannavaara,,,,"Norrbottens län"
98631,Karesuando,,,,"Norrbottens län"
93087,Arjeplog,,,,"Norrbottens län"
93088,Arjeplog,,,,"Norrbottens län"
93320,Arvidsjaur,,,,"Norrbottens län"
94119,Piteå,,,,"Norrbottens län"
94120,Piteå,,,,"Norrbottens län"
94220,Älvsbyn,,,,"Norrbottens län"
94320,Öjebyn,,,,"Norrbottens län"
94420,Hortlax,,,,"Norrbottens län"
94520,Norrfjärden,,,,"Norrbottens län"
95201,Kalix,,,,"Norrbottens län"
95220,Kalix,,,,"Norrbottens län"
95320,Haparanda,,,,"Norrbottens län"
95420,Gammelstad,,,,"Norrbottens län"
95520,Råneå,,,,"Norrbottens län"
95620,Överkalix,,,,"Norrbottens län"
95720,Övertorneå,,,,"Norrbottens län"
96120,Boden,,,,"Norrbottens län"
96220,Jokkmokk,,,,"Norrbottens län"
96280,Jokkmokk,,,,"Norrbottens län"
96297,Jokkmokk,,,,"Norrbottens län"
97170,Luleå,,,,"Norrbottens län"
97175,Luleå,,,,"Norrbottens län"
97443,Luleå,,,,"Norrbottens län"
97800,Luleå,,,,"Norrbottens län"
97820,Luleå,,,,"Norrbottens län"
98115,Kiruna,,,,"Norrbottens län"
98116,Kiruna,,,,"Norrbottens län"
98117,Kiruna,,,,"Norrbottens län"
98118,Kiruna,,,,"Norrbottens län"
98119,Kiruna,,,,"Norrbottens län"
98120,Kiruna,,,,"Norrbottens län"
98127,Kiruna,,,,"Norrbottens län"
98220,Gällivare,,,,"Norrbottens län"
98320,Malmberget,,,,"Norrbottens län"
98420,Pajala,,,,"Norrbottens län"
74601,Bålsta,,,,"Uppsala län"
74621,Bålsta,,,,"Uppsala län"
74622,Bålsta,,,,"Uppsala län"
74623,Bålsta,,,,"Uppsala län"
74624,Bålsta,,,,"Uppsala län"
74625,Bålsta,,,,"Uppsala län"
74626,Bålsta,,,,"Uppsala län"
74627,Bålsta,,,,"Uppsala län"
74629,Bålsta,,,,"Uppsala län"
74630,Bålsta,,,,"Uppsala län"
74631,Bålsta,,,,"Uppsala län"
74632,Bålsta,,,,"Uppsala län"
74633,Bålsta,,,,"Uppsala län"
74634,Bålsta,,,,"Uppsala län"
74635,Bålsta,,,,"Uppsala län"
74636,Bålsta,,,,"Uppsala län"
74637,Bålsta,,,,"Uppsala län"
74638,Bålsta,,,,"Uppsala län"
74639,Bålsta,,,,"Uppsala län"
74640,Bålsta,,,,"Uppsala län"
74641,Bålsta,,,,"Uppsala län"
74650,Bålsta,,,,"Uppsala län"
74651,Bålsta,,,,"Uppsala län"
74652,Bålsta,,,,"Uppsala län"
74680,Bålsta,,,,"Uppsala län"
74691,Bålsta,,,,"Uppsala län"
74692,Bålsta,,,,"Uppsala län"
74693,Bålsta,,,,"Uppsala län"
74694,Bålsta,,,,"Uppsala län"
74695,Skokloster,,,,"Uppsala län"
74696,Skokloster,,,,"Uppsala län"
81400,Skutskär,,,,"Uppsala län"
81401,Skutskär,,,,"Uppsala län"
81421,Skutskär,,,,"Uppsala län"
81422,Skutskär,,,,"Uppsala län"
81423,Skutskär,,,,"Uppsala län"
81424,Skutskär,,,,"Uppsala län"
81425,Älvkarleby,,,,"Uppsala län"
81426,Älvkarleby,,,,"Uppsala län"
81427,Älvkarleby,,,,"Uppsala län"
81430,Skutskär,,,,"Uppsala län"
81431,Skutskär,,,,"Uppsala län"
81432,Skutskär,,,,"Uppsala län"
81440,Skutskär,,,,"Uppsala län"
81441,Skutskär,,,,"Uppsala län"
81442,Skutskär,,,,"Uppsala län"
81470,Älvkarleby,,,,"Uppsala län"
81481,Skutskär,,,,"Uppsala län"
81492,Skutskär,,,,"Uppsala län"
81493,Skutskär,,,,"Uppsala län"
81494,Älvkarleby,,,,"Uppsala län"
81495,Älvkarleby,,,,"Uppsala län"
74101,Knivsta,,,,"Uppsala län"
74121,Knivsta,,,,"Uppsala län"
74122,Knivsta,,,,"Uppsala län"
74123,Knivsta,,,,"Uppsala län"
74124,Knivsta,,,,"Uppsala län"
74125,Knivsta,,,,"Uppsala län"
74130,Knivsta,,,,"Uppsala län"
74131,Knivsta,,,,"Uppsala län"
74139,Knivsta,,,,"Uppsala län"
74140,Knivsta,,,,"Uppsala län"
74141,Knivsta,,,,"Uppsala län"
74142,Knivsta,,,,"Uppsala län"
74143,Knivsta,,,,"Uppsala län"
74144,Knivsta,,,,"Uppsala län"
74146,Knivsta,,,,"Uppsala län"
74147,Knivsta,,,,"Uppsala län"
74171,Knivsta,,,,"Uppsala län"
74172,Knivsta,,,,"Uppsala län"
74173,Knivsta,,,,"Uppsala län"
74175,Knivsta,,,,"Uppsala län"
74180,Knivsta,,,,"Uppsala län"
74190,Knivsta,,,,"Uppsala län"
74191,Knivsta,,,,"Uppsala län"
74192,Knivsta,,,,"Uppsala län"
74193,Knivsta,,,,"Uppsala län"
74194,Knivsta,,,,"Uppsala län"
74195,Knivsta,,,,"Uppsala län"
74196,Knivsta,,,,"Uppsala län"
74021,Järlåsa,,,,"Uppsala län"
74044,Tärnsjö,,,,"Uppsala län"
74045,Tärnsjö,,,,"Uppsala län"
74046,Östervåla,,,,"Uppsala län"
74047,Harbo,,,,"Uppsala län"
74048,Östervåla,,,,"Uppsala län"
74401,Heby,,,,"Uppsala län"
74402,Morgongåva,,,,"Uppsala län"
74421,Heby,,,,"Uppsala län"
74431,Heby,,,,"Uppsala län"
74432,Heby,,,,"Uppsala län"
74450,Morgongåva,,,,"Uppsala län"
74451,Morgongåva,,,,"Uppsala län"
74488,Heby,,,,"Uppsala län"
74491,Heby,,,,"Uppsala län"
74492,Huddungeby,,,,"Uppsala län"
74493,Runhällen,,,,"Uppsala län"
74494,Morgongåva,,,,"Uppsala län"
74495,Vittinge,,,,"Uppsala län"
74496,Järlåsa,,,,"Uppsala län"
74497,Järlåsa,,,,"Uppsala län"
74802,Örbyhus,,,,"Uppsala län"
74840,Örbyhus,,,,"Uppsala län"
74841,Örbyhus,,,,"Uppsala län"
74842,Örbyhus,,,,"Uppsala län"
74850,Tobo,,,,"Uppsala län"
74894,Örbyhus,,,,"Uppsala län"
74895,Örbyhus,,,,"Uppsala län"
74896,Tobo,,,,"Uppsala län"
81064,Karlholmsbruk,,,,"Uppsala län"
81500,Tierp,,,,"Uppsala län"
81503,Månkarbo,,,,"Uppsala län"
81504,Söderfors,,,,"Uppsala län"
81521,Tierp,,,,"Uppsala län"
81522,Tierp,,,,"Uppsala län"
81523,Tierp,,,,"Uppsala län"
81524,Tierp,,,,"Uppsala län"
81525,Tierp,,,,"Uppsala län"
81526,Tierp,,,,"Uppsala län"
81527,Tierp,,,,"Uppsala län"
81528,Tierp,,,,"Uppsala län"
81536,Tierp,,,,"Uppsala län"
81537,Tierp,,,,"Uppsala län"
81538,Tierp,,,,"Uppsala län"
81540,Tierp,,,,"Uppsala län"
81541,Tierp,,,,"Uppsala län"
81544,Tierp,,,,"Uppsala län"
81545,Tierp,,,,"Uppsala län"
81569,Månkarbo,,,,"Uppsala län"
81575,Söderfors,,,,"Uppsala län"
81576,Söderfors,,,,"Uppsala län"
81580,Tierp,,,,"Uppsala län"
81582,Söderfors,,,,"Uppsala län"
81583,Tierp,,,,"Uppsala län"
81591,Tierp,,,,"Uppsala län"
81592,Tierp,,,,"Uppsala län"
81593,Tierp,,,,"Uppsala län"
81594,Tierp,,,,"Uppsala län"
81595,Månkarbo,,,,"Uppsala län"
81596,"Strömsbergs Bruk",,,,"Uppsala län"
81911,Karlholmsbruk,,,,"Uppsala län"
81940,Karlholmsbruk,,,,"Uppsala län"
81962,Karlholmsbruk,,,,"Uppsala län"
81966,Tierp,,,,"Uppsala län"
74010,Almunge,,,,"Uppsala län"
74011,Länna,,,,"Uppsala län"
74012,Knutby,,,,"Uppsala län"
74020,Vänge,,,,"Uppsala län"
74022,Bälinge,,,,"Uppsala län"
74030,Björklinge,,,,"Uppsala län"
74151,Uppsala,,,,"Uppsala län"
74152,Uppsala,,,,"Uppsala län"
74174,Uppsala,,,,"Uppsala län"
74176,Uppsala,,,,"Uppsala län"
74177,Uppsala,,,,"Uppsala län"
74178,Uppsala,,,,"Uppsala län"
74197,Almunge,,,,"Uppsala län"
74198,Knutby,,,,"Uppsala län"
74301,Storvreta,,,,"Uppsala län"
74305,Bälinge,,,,"Uppsala län"
74310,Björklinge,,,,"Uppsala län"
74321,Storvreta,,,,"Uppsala län"
74322,Storvreta,,,,"Uppsala län"
74330,Storvreta,,,,"Uppsala län"
74332,Storvreta,,,,"Uppsala län"
74334,Storvreta,,,,"Uppsala län"
74335,Storvreta,,,,"Uppsala län"
74340,Storvreta,,,,"Uppsala län"
74341,Storvreta,,,,"Uppsala län"
74345,Storvreta,,,,"Uppsala län"
74350,Vattholma,,,,"Uppsala län"
74361,Björklinge,,,,"Uppsala län"
74362,Björklinge,,,,"Uppsala län"
74363,BJÖRKLINGE,,,,"Uppsala län"
74364,Björklinge,,,,"Uppsala län"
74371,Björklinge,,,,"Uppsala län"
74372,Björklinge,,,,"Uppsala län"
74373,Björklinge,,,,"Uppsala län"
74374,Björklinge,,,,"Uppsala län"
74381,Bälinge,,,,"Uppsala län"
74382,Bällinge,,,,"Uppsala län"
74386,Bälinge,,,,"Uppsala län"
74387,Bälinge,,,,"Uppsala län"
74391,Storvreta,,,,"Uppsala län"
74392,Vattholma,,,,"Uppsala län"
74393,Vattholma,,,,"Uppsala län"
74394,Skyttorp,,,,"Uppsala län"
74395,Uppsala,,,,"Uppsala län"
74793,Alunda,,,,"Uppsala län"
74794,Alunda,,,,"Uppsala län"
75002,Uppsala,,,,"Uppsala län"
75003,Uppsala,,,,"Uppsala län"
75006,Uppsala,,,,"Uppsala län"
75007,Uppsala,,,,"Uppsala län"
75008,Uppsala,,,,"Uppsala län"
75009,Uppsala,,,,"Uppsala län"
75010,Uppsala,,,,"Uppsala län"
75011,Uppsala,,,,"Uppsala län"
75013,Uppsala,,,,"Uppsala län"
75015,Uppsala,,,,"Uppsala län"
75016,Uppsala,,,,"Uppsala län"
75017,Uppsala,,,,"Uppsala län"
75020,Uppsala,,,,"Uppsala län"
75021,Uppsala,,,,"Uppsala län"
75022,Uppsala,,,,"Uppsala län"
75023,Uppsala,,,,"Uppsala län"
75024,Uppsala,,,,"Uppsala län"
75025,Uppsala,,,,"Uppsala län"
75026,Uppsala,,,,"Uppsala län"
75100,Uppsala,,,,"Uppsala län"
75101,Uppsala,,,,"Uppsala län"
75103,Uppsala,,,,"Uppsala län"
75104,Uppsala,,,,"Uppsala län"
75105,Uppsala,,,,"Uppsala län"
75106,Uppsala,,,,"Uppsala län"
75108,Uppsala,,,,"Uppsala län"
75109,Uppsala,,,,"Uppsala län"
75110,Uppsala,,,,"Uppsala län"
75120,Uppsala,,,,"Uppsala län"
75121,Uppsala,,,,"Uppsala län"
75122,Uppsala,,,,"Uppsala län"
75123,Uppsala,,,,"Uppsala län"
75124,Uppsala,,,,"Uppsala län"
75125,Uppsala,,,,"Uppsala län"
75126,Uppsala,,,,"Uppsala län"
75127,Uppsala,,,,"Uppsala län"
75128,Uppsala,,,,"Uppsala län"
75129,Uppsala,,,,"Uppsala län"
75130,Uppsala,,,,"Uppsala län"
75131,Uppsala,,,,"Uppsala län"
75132,Uppsala,,,,"Uppsala län"
75133,Uppsala,,,,"Uppsala län"
75134,Uppsala,,,,"Uppsala län"
75135,Uppsala,,,,"Uppsala län"
75136,Uppsala,,,,"Uppsala län"
75137,Uppsala,,,,"Uppsala län"
75138,Uppsala,,,,"Uppsala län"
75140,Uppsala,,,,"Uppsala län"
75141,Uppsala,,,,"Uppsala län"
75142,Uppsala,,,,"Uppsala län"
75143,Uppsala,,,,"Uppsala län"
75144,Uppsala,,,,"Uppsala län"
75145,Uppsala,,,,"Uppsala län"
75146,Uppsala,,,,"Uppsala län"
75147,Uppsala,,,,"Uppsala län"
75148,Uppsala,,,,"Uppsala län"
75149,Uppsala,,,,"Uppsala län"
75170,Uppsala,,,,"Uppsala län"
75171,Uppsala,,,,"Uppsala län"
75172,Uppsala,,,,"Uppsala län"
75173,Uppsala,,,,"Uppsala län"
75174,Uppsala,,,,"Uppsala län"
75175,Uppsala,,,,"Uppsala län"
75176,Uppsala,,,,"Uppsala län"
75181,Uppsala,,,,"Uppsala län"
75182,Uppsala,,,,"Uppsala län"
75183,Uppsala,,,,"Uppsala län"
75184,Uppsala,,,,"Uppsala län"
75185,Uppsala,,,,"Uppsala län"
75186,Uppsala,,,,"Uppsala län"
75187,Uppsala,,,,"Uppsala län"
75188,Uppsala,,,,"Uppsala län"
75189,Uppsala,,,,"Uppsala län"
75200,Uppsala,,,,"Uppsala län"
75217,Uppsala,,,,"Uppsala län"
75218,Uppsala,,,,"Uppsala län"
75221,Uppsala,,,,"Uppsala län"
75222,Uppsala,,,,"Uppsala län"
75223,Uppsala,,,,"Uppsala län"
75224,Uppsala,,,,"Uppsala län"
75225,Uppsala,,,,"Uppsala län"
75226,Uppsala,,,,"Uppsala län"
75227,Uppsala,,,,"Uppsala län"
75228,Uppsala,,,,"Uppsala län"
75229,Uppsala,,,,"Uppsala län"
75230,Uppsala,,,,"Uppsala län"
75231,Uppsala,,,,"Uppsala län"
75232,Uppsala,,,,"Uppsala län"
75233,Uppsala,,,,"Uppsala län"
75234,Uppsala,,,,"Uppsala län"
75235,Uppsala,,,,"Uppsala län"
75236,Uppsala,,,,"Uppsala län"
75237,Uppsala,,,,"Uppsala län"
75238,Uppsala,,,,"Uppsala län"
75239,Uppsala,,,,"Uppsala län"
75240,Uppsala,,,,"Uppsala län"
75241,Uppsala,,,,"Uppsala län"
75242,Uppsala,,,,"Uppsala län"
75243,Uppsala,,,,"Uppsala län"
75244,Uppsala,,,,"Uppsala län"
75257,Uppsala,,,,"Uppsala län"
75258,Uppsala,,,,"Uppsala län"
75260,Uppsala,,,,"Uppsala län"
75261,Uppsala,,,,"Uppsala län"
75262,Uppsala,,,,"Uppsala län"
75263,Uppsala,,,,"Uppsala län"
75264,Uppsala,,,,"Uppsala län"
75266,Uppsala,,,,"Uppsala län"
75267,Uppsala,,,,"Uppsala län"
75269,Uppsala,,,,"Uppsala län"
75272,Uppsala,,,,"Uppsala län"
75273,Uppsala,,,,"Uppsala län"
75275,Uppsala,,,,"Uppsala län"
75300,Uppsala,,,,"Uppsala län"
75301,Uppsala,,,,"Uppsala län"
75302,Uppsala,,,,"Uppsala län"
75303,Uppsala,,,,"Uppsala län"
75309,Uppsala,,,,"Uppsala län"
75310,Uppsala,,,,"Uppsala län"
75311,Uppsala,,,,"Uppsala län"
75312,Uppsala,,,,"Uppsala län"
75313,Uppsala,,,,"Uppsala län"
75314,Uppsala,,,,"Uppsala län"
75315,Uppsala,,,,"Uppsala län"
75318,Uppsala,,,,"Uppsala län"
75319,Uppsala,,,,"Uppsala län"
75320,Uppsala,,,,"Uppsala län"
75321,Uppsala,,,,"Uppsala län"
75322,Uppsala,,,,"Uppsala län"
75323,Uppsala,,,,"Uppsala län"
75324,Uppsala,,,,"Uppsala län"
75325,Uppsala,,,,"Uppsala län"
75326,Uppsala,,,,"Uppsala län"
75327,Uppsala,,,,"Uppsala län"
75328,Uppsala,,,,"Uppsala län"
75329,Uppsala,,,,"Uppsala län"
75330,Uppsala,,,,"Uppsala län"
75331,Uppsala,,,,"Uppsala län"
75332,Uppsala,,,,"Uppsala län"
75333,Uppsala,,,,"Uppsala län"
75334,Uppsala,,,,"Uppsala län"
75335,Uppsala,,,,"Uppsala län"
75336,Uppsala,,,,"Uppsala län"
75337,Uppsala,,,,"Uppsala län"
75340,Uppsala,,,,"Uppsala län"
75341,Uppsala,,,,"Uppsala län"
75342,Uppsala,,,,"Uppsala län"
75350,Uppsala,,,,"Uppsala län"
75375,Uppsala,,,,"Uppsala län"
75380,Uppsala,,,,"Uppsala län"
75381,Uppsala,,,,"Uppsala län"
75382,Uppsala,,,,"Uppsala län"
75383,Uppsala,,,,"Uppsala län"
75400,Uppsala,,,,"Uppsala län"
75419,Uppsala,,,,"Uppsala län"
75420,Uppsala,,,,"Uppsala län"
75421,Uppsala,,,,"Uppsala län"
75422,Uppsala,,,,"Uppsala län"
75423,Uppsala,,,,"Uppsala län"
75424,Uppsala,,,,"Uppsala län"
75425,Uppsala,,,,"Uppsala län"
75426,Uppsala,,,,"Uppsala län"
75427,Uppsala,,,,"Uppsala län"
75428,Uppsala,,,,"Uppsala län"
75429,Uppsala,,,,"Uppsala län"
75430,Uppsala,,,,"Uppsala län"
75431,Uppsala,,,,"Uppsala län"
75432,Uppsala,,,,"Uppsala län"
75433,Uppsala,,,,"Uppsala län"
75434,Uppsala,,,,"Uppsala län"
75435,Uppsala,,,,"Uppsala län"
75436,Uppsala,,,,"Uppsala län"
75437,Uppsala,,,,"Uppsala län"
75439,Uppsala,,,,"Uppsala län"
75440,Uppsala,,,,"Uppsala län"
75441,Uppsala,,,,"Uppsala län"
75442,Uppsala,,,,"Uppsala län"
75444,Uppsala,,,,"Uppsala län"
75445,Uppsala,,,,"Uppsala län"
75446,Uppsala,,,,"Uppsala län"
75447,Uppsala,,,,"Uppsala län"
75448,Uppsala,,,,"Uppsala län"
75449,Uppsala,,,,"Uppsala län"
75450,Uppsala,,,,"Uppsala län"
75451,Uppsala,,,,"Uppsala län"
75452,Uppsala,,,,"Uppsala län"
75460,Uppsala,,,,"Uppsala län"
75471,Uppsala,,,,"Uppsala län"
75473,Uppsala,,,,"Uppsala län"
75474,Uppsala,,,,"Uppsala län"
75500,Uppsala,,,,"Uppsala län"
75550,Uppsala,,,,"Uppsala län"
75576,Vänge,,,,"Uppsala län"
75577,Vänge,,,,"Uppsala län"
75578,Vänge,,,,"Uppsala län"
75591,Uppsala,,,,"Uppsala län"
75592,Uppsala,,,,"Uppsala län"
75593,Uppsala,,,,"Uppsala län"
75594,Uppsala,,,,"Uppsala län"
75595,Uppsala,,,,"Uppsala län"
75596,Uppsala,,,,"Uppsala län"
75597,Uppsala,,,,"Uppsala län"
75598,Uppsala,,,,"Uppsala län"
75600,Uppsala,,,,"Uppsala län"
75643,Uppsala,,,,"Uppsala län"
75644,Uppsala,,,,"Uppsala län"
75645,Uppsala,,,,"Uppsala län"
75646,Uppsala,,,,"Uppsala län"
75647,Uppsala,,,,"Uppsala län"
75648,Uppsala,,,,"Uppsala län"
75649,Uppsala,,,,"Uppsala län"
75650,Uppsala,,,,"Uppsala län"
75651,Uppsala,,,,"Uppsala län"
75652,Uppsala,,,,"Uppsala län"
75653,Uppsala,,,,"Uppsala län"
75654,Uppsala,,,,"Uppsala län"
75655,Uppsala,,,,"Uppsala län"
75656,Uppsala,,,,"Uppsala län"
75657,Uppsala,,,,"Uppsala län"
75658,Uppsala,,,,"Uppsala län"
75659,Uppsala,,,,"Uppsala län"
75660,Uppsala,,,,"Uppsala län"
75700,Uppsala,,,,"Uppsala län"
75752,Uppsala,,,,"Uppsala län"
75753,Uppsala,,,,"Uppsala län"
75754,Uppsala,,,,"Uppsala län"
75755,Uppsala,,,,"Uppsala län"
75756,Uppsala,,,,"Uppsala län"
75757,Uppsala,,,,"Uppsala län"
75758,Uppsala,,,,"Uppsala län"
75759,Uppsala,,,,"Uppsala län"
75900,Uppsala,,,,"Uppsala län"
76031,Edsbro,,,,"Uppsala län"
76296,Rånäs,,,,"Uppsala län"
76297,Edsbro,,,,"Uppsala län"
76298,Edsbro,,,,"Uppsala län"
74081,Grillby,,,,"Uppsala län"
74082,Örsundsbro,,,,"Uppsala län"
74500,Enköping,,,,"Uppsala län"
74502,Enköping,,,,"Uppsala län"
74503,Enköping,,,,"Uppsala län"
74510,Enköping,,,,"Uppsala län"
74521,Enköping,,,,"Uppsala län"
74522,Enköping,,,,"Uppsala län"
74523,Enköping,,,,"Uppsala län"
74525,Enköping,,,,"Uppsala län"
74526,Enköping,,,,"Uppsala län"
74527,Enköping,,,,"Uppsala län"
74528,Enköping,,,,"Uppsala län"
74530,Enköping,,,,"Uppsala län"
74531,Enköping,,,,"Uppsala län"
74532,Enköping,,,,"Uppsala län"
74533,Enköping,,,,"Uppsala län"
74534,Enköping,,,,"Uppsala län"
74535,Enköping,,,,"Uppsala län"
74536,Enköping,,,,"Uppsala län"
74537,Enköping,,,,"Uppsala län"
74538,Enköping,,,,"Uppsala län"
74539,Enköping,,,,"Uppsala län"
74540,Enköping,,,,"Uppsala län"
74541,Enköping,,,,"Uppsala län"
74542,Enköping,,,,"Uppsala län"
74544,Enköping,,,,"Uppsala län"
74545,Enköping,,,,"Uppsala län"
74547,Enköping,,,,"Uppsala län"
74560,Enköping,,,,"Uppsala län"
74561,Enköping,,,,"Uppsala län"
74562,Enköping,,,,"Uppsala län"
74563,Enköping,,,,"Uppsala län"
74564,Enköping,,,,"Uppsala län"
74569,Enköping,,,,"Uppsala län"
74571,Enköping,,,,"Uppsala län"
74580,Enköping,,,,"Uppsala län"
74582,Enköping,,,,"Uppsala län"
74584,Enköping,,,,"Uppsala län"
74585,Enköping,,,,"Uppsala län"
74588,Enköping,,,,"Uppsala län"
74591,Enköping,,,,"Uppsala län"
74592,Enköping,,,,"Uppsala län"
74593,Enköping,,,,"Uppsala län"
74594,Enköping,,,,"Uppsala län"
74595,Enköping,,,,"Uppsala län"
74596,Enköping,,,,"Uppsala län"
74597,Enköping,,,,"Uppsala län"
74598,Enköping,,,,"Uppsala län"
74599,Enköping,,,,"Uppsala län"
74071,Öregrund,,,,"Uppsala län"
74200,Östhammar,,,,"Uppsala län"
74201,Östhammar,,,,"Uppsala län"
74203,Östhammar,,,,"Uppsala län"
74221,Östhammar,,,,"Uppsala län"
74231,Östhammar,,,,"Uppsala län"
74233,Östhammar,,,,"Uppsala län"
74234,Östhammar,,,,"Uppsala län"
74235,Östhammar,,,,"Uppsala län"
74236,Östhammar,,,,"Uppsala län"
74243,Öregrund,,,,"Uppsala län"
74250,Hargshamn,,,,"Uppsala län"
74291,Östhammar,,,,"Uppsala län"
74292,Östhammar,,,,"Uppsala län"
74293,Östhammar,,,,"Uppsala län"
74294,Östhammar,,,,"Uppsala län"
74295,Hargshamn,,,,"Uppsala län"
74700,Alunda,,,,"Uppsala län"
74701,Gimo,,,,"Uppsala län"
74702,Gimo,,,,"Uppsala län"
74703,Gimo,,,,"Uppsala län"
74704,Gimo,,,,"Uppsala län"
74705,Gimo,,,,"Uppsala län"
74721,Alunda,,,,"Uppsala län"
74730,Alunda,,,,"Uppsala län"
74731,Alunda,,,,"Uppsala län"
74732,Alunda,,,,"Uppsala län"
74740,Gimo,,,,"Uppsala län"
74741,Gimo,,,,"Uppsala län"
74742,Gimo,,,,"Uppsala län"
74743,Gimo,,,,"Uppsala län"
74744,Gimo,,,,"Uppsala län"
74780,Gimo,,,,"Uppsala län"
74791,Alunda,,,,"Uppsala län"
74792,Alunda,,,,"Uppsala län"
74795,Gimo,,,,"Uppsala län"
74801,Österbybruk,,,,"Uppsala län"
74821,Österbybruk,,,,"Uppsala län"
74822,Österbybruk,,,,"Uppsala län"
74830,Österbybruk,,,,"Uppsala län"
74831,Österbybruk,,,,"Uppsala län"
74832,Österbybruk,,,,"Uppsala län"
74891,Österbybruk,,,,"Uppsala län"
74892,Österbybruk,,,,"Uppsala län"
74893,Österbybruk,,,,"Uppsala län"
81065,Skärplinge,,,,"Uppsala län"
81900,Skärplinge,,,,"Uppsala län"
81930,Skärplinge,,,,"Uppsala län"
81961,Skärplinge,,,,"Uppsala län"
74120,Knivsta,,,,"Uppsala län"
74145,Knivsta,,,,"Uppsala län"
74219,Hargshamn,,,,"Uppsala län"
74220,Östhammar,,,,"Uppsala län"
74232,Östhammar,,,,"Uppsala län"
74241,Öregrund,,,,"Uppsala län"
74242,Öregrund,,,,"Uppsala län"
74296,Gräsö,,,,"Uppsala län"
74297,Gräsö,,,,"Uppsala län"
74319,Vattholma,,,,"Uppsala län"
74320,Storvreta,,,,"Uppsala län"
74520,Enköping,,,,"Uppsala län"
74581,Enköping,,,,"Uppsala län"
74583,Enköping,,,,"Uppsala län"
74586,Enköping,,,,"Uppsala län"
74620,Bålsta,,,,"Uppsala län"
74719,Gimo,,,,"Uppsala län"
74720,Alunda,,,,"Uppsala län"
74818,Tobo,,,,"Uppsala län"
74819,Örbyhus,,,,"Uppsala län"
74820,Österbybruk,,,,"Uppsala län"
74900,Enköping,,,,"Uppsala län"
74906,Örsundsbro,,,,"Uppsala län"
74935,Enköping,,,,"Uppsala län"
74940,Enköping,,,,"Uppsala län"
74941,Enköping,,,,"Uppsala län"
74942,Enköping,,,,"Uppsala län"
74943,Enköping,,,,"Uppsala län"
74944,Enköping,,,,"Uppsala län"
74945,Enköping,,,,"Uppsala län"
74946,Enköping,,,,"Uppsala län"
74947,Enköping,,,,"Uppsala län"
74948,Enköping,,,,"Uppsala län"
74949,Enköping,,,,"Uppsala län"
74951,Grillby,,,,"Uppsala län"
74952,Grillby,,,,"Uppsala län"
74959,Enköping,,,,"Uppsala län"
74960,Örsundsbro,,,,"Uppsala län"
74961,Örsundsbro,,,,"Uppsala län"
74962,Örsundsbro,,,,"Uppsala län"
74963,Örsundsbro,,,,"Uppsala län"
74981,Enköping,,,,"Uppsala län"
75004,Uppsala,,,,"Uppsala län"
75219,Uppsala,,,,"Uppsala län"
75220,Uppsala,,,,"Uppsala län"
75265,Uppsala,,,,"Uppsala län"
75268,Uppsala,,,,"Uppsala län"
75271,Uppsala,,,,"Uppsala län"
75308,Uppsala,,,,"Uppsala län"
75316,Uppsala,,,,"Uppsala län"
75317,Uppsala,,,,"Uppsala län"
75418,Uppsala,,,,"Uppsala län"
75443,Uppsala,,,,"Uppsala län"
75453,Uppsala,,,,"Uppsala län"
75454,Uppsala,,,,"Uppsala län"
75642,Uppsala,,,,"Uppsala län"
75800,Uppsala,,,,"Uppsala län"
75801,Uppsala,,,,"Uppsala län"
75802,Uppsala,,,,"Uppsala län"
75803,Uppsala,,,,"Uppsala län"
75804,Uppsala,,,,"Uppsala län"
75806,Uppsala,,,,"Uppsala län"
75808,Uppsala,,,,"Uppsala län"
75809,Uppsala,,,,"Uppsala län"
75810,Uppsala,,,,"Uppsala län"
75813,Uppsala,,,,"Uppsala län"
75815,Uppsala,,,,"Uppsala län"
75816,Uppsala,,,,"Uppsala län"
75822,Uppsala,,,,"Uppsala län"
75823,Uppsala,,,,"Uppsala län"
75824,Uppsala,,,,"Uppsala län"
75825,Uppsala,,,,"Uppsala län"
75826,Uppsala,,,,"Uppsala län"
75852,Uppsala,,,,"Uppsala län"
75853,Uppsala,,,,"Uppsala län"
75854,Uppsala,,,,"Uppsala län"
75855,Uppsala,,,,"Uppsala län"
75856,Uppsala,,,,"Uppsala län"
75857,Uppsala,,,,"Uppsala län"
75871,Uppsala,,,,"Uppsala län"
75872,Uppsala,,,,"Uppsala län"
75873,Uppsala,,,,"Uppsala län"
81420,Skutskär,,,,"Uppsala län"
81519,Söderfors,,,,"Uppsala län"
81520,Tierp,,,,"Uppsala län"
81535,Tierp,,,,"Uppsala län"
81581,Tierp,,,,"Uppsala län"
64301,Vingåker,,,,"Södermanlands län"
64321,Vingåker,,,,"Södermanlands län"
64322,Vingåker,,,,"Södermanlands län"
64330,Vingåker,,,,"Södermanlands län"
64331,Vingåker,,,,"Södermanlands län"
64332,Vingåker,,,,"Södermanlands län"
64333,Vingåker,,,,"Södermanlands län"
64380,Vingåker,,,,"Södermanlands län"
64391,Vingåker,,,,"Södermanlands län"
64392,Vingåker,,,,"Södermanlands län"
64393,Vingåker,,,,"Södermanlands län"
64394,Vingåker,,,,"Södermanlands län"
64395,Vingåker,,,,"Södermanlands län"
64601,Gnesta,,,,"Södermanlands län"
64621,Gnesta,,,,"Södermanlands län"
64622,Gnesta,,,,"Södermanlands län"
64623,Gnesta,,,,"Södermanlands län"
64630,Gnesta,,,,"Södermanlands län"
64631,Gnesta,,,,"Södermanlands län"
64632,Gnesta,,,,"Södermanlands län"
64633,Gnesta,,,,"Södermanlands län"
64634,Gnesta,,,,"Södermanlands län"
64635,Gnesta,,,,"Södermanlands län"
64680,Gnesta,,,,"Södermanlands län"
64691,Gnesta,,,,"Södermanlands län"
64692,Gnesta,,,,"Södermanlands län"
64693,Gnesta,,,,"Södermanlands län"
61053,Enstaberga,,,,"Södermanlands län"
61054,Nävekvarn,,,,"Södermanlands län"
61055,Stigtomta,,,,"Södermanlands län"
61056,Vrena,,,,"Södermanlands län"
61100,Nyköping,,,,"Södermanlands län"
61101,Nyköping,,,,"Södermanlands län"
61102,Nyköping,,,,"Södermanlands län"
61103,Nyköping,,,,"Södermanlands län"
61104,Nyköping,,,,"Södermanlands län"
61105,Nyköping,,,,"Södermanlands län"
61107,Nyköping,,,,"Södermanlands län"
61108,Nyköping,,,,"Södermanlands län"
61110,Nyköping,,,,"Södermanlands län"
61112,Stigtomta,,,,"Södermanlands län"
61115,Enstaberga,,,,"Södermanlands län"
61116,Nävekvarn,,,,"Södermanlands län"
61122,Nyköping,,,,"Södermanlands län"
61123,Nyköping,,,,"Södermanlands län"
61124,Nyköping,,,,"Södermanlands län"
61125,Nyköping,,,,"Södermanlands län"
61126,Nyköping,,,,"Södermanlands län"
61127,Nyköping,,,,"Södermanlands län"
61129,Nyköping,,,,"Södermanlands län"
61130,Nyköping,,,,"Södermanlands län"
61131,Nyköping,,,,"Södermanlands län"
61132,Nyköping,,,,"Södermanlands län"
61133,Nyköping,,,,"Södermanlands län"
61134,Nyköping,,,,"Södermanlands län"
61135,Nyköping,,,,"Södermanlands län"
61136,Nyköping,,,,"Södermanlands län"
61137,Nyköping,,,,"Södermanlands län"
61138,Nyköping,,,,"Södermanlands län"
61139,Nyköping,,,,"Södermanlands län"
61144,Nyköping,,,,"Södermanlands län"
61145,Nyköping,,,,"Södermanlands län"
61146,Nyköping,,,,"Södermanlands län"
61147,Nyköping,,,,"Södermanlands län"
61150,Nyköping,,,,"Södermanlands län"
61155,Nyköping,,,,"Södermanlands län"
61156,Nyköping,,,,"Södermanlands län"
61157,Nyköping,,,,"Södermanlands län"
61160,Nyköping,,,,"Södermanlands län"
61161,Nyköping,,,,"Södermanlands län"
61162,Nyköping,,,,"Södermanlands län"
61163,Nyköping,,,,"Södermanlands län"
61164,Nyköping,,,,"Södermanlands län"
61165,Nyköping,,,,"Södermanlands län"
61166,Nyköping,,,,"Södermanlands län"
61167,Nyköping,,,,"Södermanlands län"
61168,Nyköping,,,,"Södermanlands län"
61172,Stigtomta,,,,"Södermanlands län"
61173,Vrena,,,,"Södermanlands län"
61175,Enstaberga,,,,"Södermanlands län"
61176,Nävekvarn,,,,"Södermanlands län"
61179,Nyköping,,,,"Södermanlands län"
61180,Nyköping,,,,"Södermanlands län"
61181,Nyköping,,,,"Södermanlands län"
61182,Nyköping,,,,"Södermanlands län"
61183,Nyköping,,,,"Södermanlands län"
61184,Nyköping,,,,"Södermanlands län"
61185,Nyköping,,,,"Södermanlands län"
61186,Nyköping,,,,"Södermanlands län"
61188,Nyköping,,,,"Södermanlands län"
61189,Nyköping,,,,"Södermanlands län"
61190,Ålberga,,,,"Södermanlands län"
61191,Nyköping,,,,"Södermanlands län"
61192,Nyköping,,,,"Södermanlands län"
61193,Nyköping,,,,"Södermanlands län"
61194,Nyköping,,,,"Södermanlands län"
61195,Nyköping,,,,"Södermanlands län"
61197,Stigtomta,,,,"Södermanlands län"
61198,Vrena,,,,"Södermanlands län"
64050,Björnlunda,,,,"Södermanlands län"
64602,Björnlunda,,,,"Södermanlands län"
64650,Björnlunda,,,,"Södermanlands län"
64694,Björnlunda,,,,"Södermanlands län"
64695,Björnlunda,,,,"Södermanlands län"
61300,Oxelösund,,,,"Södermanlands län"
61310,Oxelösund,,,,"Södermanlands län"
61311,Oxelösund,,,,"Södermanlands län"
61321,Oxelösund,,,,"Södermanlands län"
61322,Oxelösund,,,,"Södermanlands län"
61323,Oxelösund,,,,"Södermanlands län"
61324,Oxelösund,,,,"Södermanlands län"
61330,Oxelösund,,,,"Södermanlands län"
61331,Oxelösund,,,,"Södermanlands län"
61332,Oxelösund,,,,"Södermanlands län"
61333,Oxelösund,,,,"Södermanlands län"
61335,Oxelösund,,,,"Södermanlands län"
61336,Oxelösund,,,,"Södermanlands län"
61337,Oxelösund,,,,"Södermanlands län"
61338,Oxelösund,,,,"Södermanlands län"
61340,Oxelösund,,,,"Södermanlands län"
61341,Oxelösund,,,,"Södermanlands län"
61351,Oxelösund,,,,"Södermanlands län"
61380,Oxelösund,,,,"Södermanlands län"
61381,Oxelösund,,,,"Södermanlands län"
64031,Mellösa,,,,"Södermanlands län"
64034,Sparreholm,,,,"Södermanlands län"
64051,Stjärnhov,,,,"Södermanlands län"
64201,Flen,,,,"Södermanlands län"
64221,Flen,,,,"Södermanlands län"
64222,Flen,,,,"Södermanlands län"
64223,Flen,,,,"Södermanlands län"
64224,Flen,,,,"Södermanlands län"
64228,Flen,,,,"Södermanlands län"
64231,Flen,,,,"Södermanlands län"
64232,Flen,,,,"Södermanlands län"
64233,Flen,,,,"Södermanlands län"
64234,Flen,,,,"Södermanlands län"
64235,Flen,,,,"Södermanlands län"
64236,Flen,,,,"Södermanlands län"
64237,Flen,,,,"Södermanlands län"
64263,Mellösa,,,,"Södermanlands län"
64281,Flen,,,,"Södermanlands län"
64282,Flen,,,,"Södermanlands län"
64283,Flen,,,,"Södermanlands län"
64284,Flen,,,,"Södermanlands län"
64291,Flen,,,,"Södermanlands län"
64292,Flen,,,,"Södermanlands län"
64293,Flen,,,,"Södermanlands län"
64294,Flen,,,,"Södermanlands län"
64295,Flen,,,,"Södermanlands län"
64603,Stjärnhov,,,,"Södermanlands län"
64651,Stjärnhov,,,,"Södermanlands län"
64696,Stjärnhov,,,,"Södermanlands län"
64930,Sparreholm,,,,"Södermanlands län"
64991,Sparreholm,,,,"Södermanlands län"
61895,Stavsjö,,,,"Södermanlands län"
64020,Björkvik,,,,"Södermanlands län"
64023,Valla,,,,"Södermanlands län"
64024,Sköldinge,,,,"Södermanlands län"
64030,Hälleforsnäs,,,,"Södermanlands län"
64033,Bettna,,,,"Södermanlands län"
64101,Katrineholm,,,,"Södermanlands län"
64102,Katrineholm,,,,"Södermanlands län"
64103,Katrineholm,,,,"Södermanlands län"
64105,Valla,,,,"Södermanlands län"
64121,Katrineholm,,,,"Södermanlands län"
64122,Katrineholm,,,,"Södermanlands län"
64123,Katrineholm,,,,"Södermanlands län"
64127,Katrineholm,,,,"Södermanlands län"
64129,Katrineholm,,,,"Södermanlands län"
64130,Katrineholm,,,,"Södermanlands län"
64131,Katrineholm,,,,"Södermanlands län"
64132,Katrineholm,,,,"Södermanlands län"
64133,Katrineholm,,,,"Södermanlands län"
64134,Katrineholm,,,,"Södermanlands län"
64135,Katrineholm,,,,"Södermanlands län"
64136,Katrineholm,,,,"Södermanlands län"
64137,Katrineholm,,,,"Södermanlands län"
64138,Katrineholm,,,,"Södermanlands län"
64139,Katrineholm,,,,"Södermanlands län"
64145,Katrineholm,,,,"Södermanlands län"
64146,Katrineholm,,,,"Södermanlands län"
64147,Katrineholm,,,,"Södermanlands län"
64148,Katrineholm,,,,"Södermanlands län"
64149,Katrineholm,,,,"Södermanlands län"
64150,Katrineholm,,,,"Södermanlands län"
64151,Katrineholm,,,,"Södermanlands län"
64152,Katrineholm,,,,"Södermanlands län"
64153,Katrineholm,,,,"Södermanlands län"
64161,Valla,,,,"Södermanlands län"
64162,Valla,,,,"Södermanlands län"
64163,Björkvik,,,,"Södermanlands län"
64164,Sköldinge,,,,"Södermanlands län"
64180,Katrineholm,,,,"Södermanlands län"
64181,Katrineholm,,,,"Södermanlands län"
64182,Katrineholm,,,,"Södermanlands län"
64191,Katrineholm,,,,"Södermanlands län"
64192,Katrineholm,,,,"Södermanlands län"
64193,Katrineholm,,,,"Södermanlands län"
64194,Katrineholm,,,,"Södermanlands län"
64195,Katrineholm,,,,"Södermanlands län"
64196,Katrineholm,,,,"Södermanlands län"
64197,Katrineholm,,,,"Södermanlands län"
64198,Björkvik,,,,"Södermanlands län"
64199,Sköldinge,,,,"Södermanlands län"
64262,Bettna,,,,"Södermanlands län"
64297,Bettna,,,,"Södermanlands län"
64298,Bettna,,,,"Södermanlands län"
64806,Hälleforsnäs,,,,"Södermanlands län"
64830,Hälleforsnäs,,,,"Södermanlands län"
64831,Hälleforsnäs,,,,"Södermanlands län"
63003,Eskilstuna,,,,"Södermanlands län"
63004,Eskilstuna,,,,"Södermanlands län"
63005,Eskilstuna,,,,"Södermanlands län"
63006,Eskilstuna,,,,"Södermanlands län"
63007,Eskilstuna,,,,"Södermanlands län"
63008,Eskilstuna,,,,"Södermanlands län"
63009,Skogstorp,,,,"Södermanlands län"
63012,Eskilstuna,,,,"Södermanlands län"
63014,Eskilstuna,,,,"Södermanlands län"
63101,Eskilstuna,,,,"Södermanlands län"
63102,Eskilstuna,,,,"Södermanlands län"
63103,Eskilstuna,,,,"Södermanlands län"
63104,Eskilstuna,,,,"Södermanlands län"
63105,Eskilstuna,,,,"Södermanlands län"
63106,Eskilstuna,,,,"Södermanlands län"
63107,Eskilstuna,,,,"Södermanlands län"
63108,Eskilstuna,,,,"Södermanlands län"
63180,Eskilstuna,,,,"Södermanlands län"
63181,Eskilstuna,,,,"Södermanlands län"
63184,Eskilstuna,,,,"Södermanlands län"
63185,Eskilstuna,,,,"Södermanlands län"
63186,Eskilstuna,,,,"Södermanlands län"
63187,Eskilstuna,,,,"Södermanlands län"
63188,Eskilstuna,,,,"Södermanlands län"
63189,Eskilstuna,,,,"Södermanlands län"
63193,Eskilstuna,,,,"Södermanlands län"
63194,Eskilstuna,,,,"Södermanlands län"
63201,Eskilstuna,,,,"Södermanlands län"
63217,Eskilstuna,,,,"Södermanlands län"
63218,Eskilstuna,,,,"Södermanlands län"
63219,Eskilstuna,,,,"Södermanlands län"
63220,Eskilstuna,,,,"Södermanlands län"
63221,Eskilstuna,,,,"Södermanlands län"
63222,Eskilstuna,,,,"Södermanlands län"
63223,Eskilstuna,,,,"Södermanlands län"
63224,Eskilstuna,,,,"Södermanlands län"
63225,Eskilstuna,,,,"Södermanlands län"
63226,Eskilstuna,,,,"Södermanlands län"
63227,Eskilstuna,,,,"Södermanlands län"
63228,Eskilstuna,,,,"Södermanlands län"
63229,Eskilstuna,,,,"Södermanlands län"
63230,Eskilstuna,,,,"Södermanlands län"
63231,Eskilstuna,,,,"Södermanlands län"
63232,Eskilstuna,,,,"Södermanlands län"
63233,Eskilstuna,,,,"Södermanlands län"
63234,Eskilstuna,,,,"Södermanlands län"
63235,Eskilstuna,,,,"Södermanlands län"
63236,Eskilstuna,,,,"Södermanlands län"
63237,Eskilstuna,,,,"Södermanlands län"
63239,Eskilstuna,,,,"Södermanlands län"
63301,Eskilstuna,,,,"Södermanlands län"
63302,Eskilstuna,,,,"Södermanlands län"
63340,Eskilstuna,,,,"Södermanlands län"
63341,Eskilstuna,,,,"Södermanlands län"
63342,Eskilstuna,,,,"Södermanlands län"
63343,Eskilstuna,,,,"Södermanlands län"
63344,Eskilstuna,,,,"Södermanlands län"
63345,Eskilstuna,,,,"Södermanlands län"
63346,Eskilstuna,,,,"Södermanlands län"
63347,Eskilstuna,,,,"Södermanlands län"
63348,Eskilstuna,,,,"Södermanlands län"
63349,Eskilstuna,,,,"Södermanlands län"
63350,Eskilstuna,,,,"Södermanlands län"
63351,Eskilstuna,,,,"Södermanlands län"
63352,Eskilstuna,,,,"Södermanlands län"
63353,Eskilstuna,,,,"Södermanlands län"
63354,Eskilstuna,,,,"Södermanlands län"
63355,Eskilstuna,,,,"Södermanlands län"
63356,Eskilstuna,,,,"Södermanlands län"
63357,Eskilstuna,,,,"Södermanlands län"
63358,Eskilstuna,,,,"Södermanlands län"
63359,Eskilstuna,,,,"Södermanlands län"
63360,Eskilstuna,,,,"Södermanlands län"
63361,Eskilstuna,,,,"Södermanlands län"
63362,Eskilstuna,,,,"Södermanlands län"
63363,Eskilstuna,,,,"Södermanlands län"
63369,Skogstorp,,,,"Södermanlands län"
63370,Hållsta,,,,"Södermanlands län"
63401,Eskilstuna,,,,"Södermanlands län"
63501,Eskilstuna,,,,"Södermanlands län"
63502,Eskilstuna,,,,"Södermanlands län"
63503,Eskilstuna,,,,"Södermanlands län"
63504,Eskilstuna,,,,"Södermanlands län"
63505,Eskilstuna,,,,"Södermanlands län"
63506,Eskilstuna,,,,"Södermanlands län"
63507,Eskilstuna,,,,"Södermanlands län"
63508,Eskilstuna,,,,"Södermanlands län"
63509,Eskilstuna,,,,"Södermanlands län"
63510,Eskilstuna,,,,"Södermanlands län"
63511,Eskilstuna,,,,"Södermanlands län"
63512,Eskilstuna,,,,"Södermanlands län"
63513,Eskilstuna,,,,"Södermanlands län"
63514,Eskilstuna,,,,"Södermanlands län"
63517,Näshulta,,,,"Södermanlands län"
63518,Husby-Rekarne,,,,"Södermanlands län"
63519,Eskilstuna,,,,"Södermanlands län"
63520,Eskilstuna,,,,"Södermanlands län"
63530,Kvicksund,,,,"Södermanlands län"
63531,Kvicksund,,,,"Södermanlands län"
63532,Kvicksund,,,,"Södermanlands län"
63533,"Stora Sundby",,,,"Södermanlands län"
63534,"Stora Sundby",,,,"Södermanlands län"
63535,"Stora Sundby",,,,"Södermanlands län"
63536,Ärla,,,,"Södermanlands län"
63537,Ärla,,,,"Södermanlands län"
63538,Ärla,,,,"Södermanlands län"
64025,Julita,,,,"Södermanlands län"
64040,"Stora Sundby",,,,"Södermanlands län"
64043,Ärla,,,,"Södermanlands län"
64306,Julita,,,,"Södermanlands län"
64360,Julita,,,,"Södermanlands län"
64396,Julita,,,,"Södermanlands län"
64397,"Västra Näshulta",,,,"Södermanlands län"
64398,Julita,,,,"Södermanlands län"
64401,Torshälla,,,,"Södermanlands län"
64421,Torshälla,,,,"Södermanlands län"
64422,Torshälla,,,,"Södermanlands län"
64430,Torshälla,,,,"Södermanlands län"
64431,Torshälla,,,,"Södermanlands län"
64432,Torshälla,,,,"Södermanlands län"
64433,Torshälla,,,,"Södermanlands län"
64434,Torshälla,,,,"Södermanlands län"
64435,Torshälla,,,,"Södermanlands län"
64436,Torshälla,,,,"Södermanlands län"
64480,Torshälla,,,,"Södermanlands län"
64032,Malmköping,,,,"Södermanlands län"
64060,"Åkers Styckebruk",,,,"Södermanlands län"
64061,Stallarholmen,,,,"Södermanlands län"
64206,Malmköping,,,,"Södermanlands län"
64260,Malmköping,,,,"Södermanlands län"
64261,Malmköping,,,,"Södermanlands län"
64296,Malmköping,,,,"Södermanlands län"
64500,Strängnäs,,,,"Södermanlands län"
64501,Strängnäs,,,,"Södermanlands län"
64502,Strängnäs,,,,"Södermanlands län"
64506,Stallarholmen,,,,"Södermanlands län"
64510,Strängnäs,,,,"Södermanlands län"
64521,Strängnäs,,,,"Södermanlands län"
64522,Strängnäs,,,,"Södermanlands län"
64523,Strängnäs,,,,"Södermanlands län"
64524,Strängnäs,,,,"Södermanlands län"
64525,Strängnäs,,,,"Södermanlands län"
64530,Strängnäs,,,,"Södermanlands län"
64531,Strängnäs,,,,"Södermanlands län"
64532,Strängnäs,,,,"Södermanlands län"
64533,Strängnäs,,,,"Södermanlands län"
64534,Strängnäs,,,,"Södermanlands län"
64540,Strängnäs,,,,"Södermanlands län"
64541,Strängnäs,,,,"Södermanlands län"
64542,Strängnäs,,,,"Södermanlands län"
64543,Strängnäs,,,,"Södermanlands län"
64544,Strängnäs,,,,"Södermanlands län"
64545,Strängnäs,,,,"Södermanlands län"
64547,Strängnäs,,,,"Södermanlands län"
64550,Strängnäs,,,,"Södermanlands län"
64551,Strängnäs,,,,"Södermanlands län"
64552,Strängnäs,,,,"Södermanlands län"
64559,Strängnäs,,,,"Södermanlands län"
64561,Stallarholmen,,,,"Södermanlands län"
64562,Stallarholmen,,,,"Södermanlands län"
64571,Strängnäs,,,,"Södermanlands län"
64580,Strängnäs,,,,"Södermanlands län"
64582,Strängnäs,,,,"Södermanlands län"
64583,Strängnäs,,,,"Södermanlands län"
64584,Strängnäs,,,,"Södermanlands län"
64587,Strängnäs,,,,"Södermanlands län"
64588,Strängnäs,,,,"Södermanlands län"
64591,Strängnäs,,,,"Södermanlands län"
64592,Strängnäs,,,,"Södermanlands län"
64593,Strängnäs,,,,"Södermanlands län"
64594,Strängnäs,,,,"Södermanlands län"
64596,Stallarholmen,,,,"Södermanlands län"
64597,Stallarholmen,,,,"Södermanlands län"
64701,Mariefred,,,,"Södermanlands län"
64705,"Åkers Styckebruk",,,,"Södermanlands län"
64721,Mariefred,,,,"Södermanlands län"
64722,Mariefred,,,,"Södermanlands län"
64723,Mariefred,,,,"Södermanlands län"
64724,Mariefred,,,,"Södermanlands län"
64730,Mariefred,,,,"Södermanlands län"
64731,Mariefred,,,,"Södermanlands län"
64732,Mariefred,,,,"Södermanlands län"
64733,Mariefred,,,,"Södermanlands län"
64735,Mariefred,,,,"Södermanlands län"
64750,"Åkers Styckebruk",,,,"Södermanlands län"
64751,"Åkers Styckebruk",,,,"Södermanlands län"
64752,"Åkers Styckebruk",,,,"Södermanlands län"
64781,Mariefred,,,,"Södermanlands län"
64783,"Åkers Styckebruk",,,,"Södermanlands län"
64791,Mariefred,,,,"Södermanlands län"
64792,Mariefred,,,,"Södermanlands län"
64793,Mariefred,,,,"Södermanlands län"
64795,"Åkers Styckebruk",,,,"Södermanlands län"
61060,Tystberga,,,,"Södermanlands län"
61070,Vagnhärad,,,,"Södermanlands län"
61071,Vagnhärad,,,,"Södermanlands län"
61072,Vagnhärad,,,,"Södermanlands län"
61073,Vagnhärad,,,,"Södermanlands län"
61074,Vagnhärad,,,,"Södermanlands län"
61075,Västerljung,,,,"Södermanlands län"
61114,Tystberga,,,,"Södermanlands län"
61174,Tystberga,,,,"Södermanlands län"
61199,Tystberga,,,,"Södermanlands län"
61901,Trosa,,,,"Södermanlands län"
61902,Vagnhärad,,,,"Södermanlands län"
61921,Trosa,,,,"Södermanlands län"
61922,Trosa,,,,"Södermanlands län"
61923,Trosa,,,,"Södermanlands län"
61930,Trosa,,,,"Södermanlands län"
61931,Trosa,,,,"Södermanlands län"
61932,Trosa,,,,"Södermanlands län"
61933,Trosa,,,,"Södermanlands län"
61934,Trosa,,,,"Södermanlands län"
61935,Trosa,,,,"Södermanlands län"
61936,Trosa,,,,"Södermanlands län"
61971,Vagnhärad,,,,"Södermanlands län"
61972,Vagnhärad,,,,"Södermanlands län"
61973,Vagnhärad,,,,"Södermanlands län"
61980,Trosa,,,,"Södermanlands län"
61991,Trosa,,,,"Södermanlands län"
61992,Trosa,,,,"Södermanlands län"
61994,Vagnhärad,,,,"Södermanlands län"
61995,Västerljung,,,,"Södermanlands län"
61120,Nyköping,,,,"Södermanlands län"
61320,Oxelösund,,,,"Södermanlands län"
61920,Trosa,,,,"Södermanlands län"
63100,Eskilstuna,,,,"Södermanlands län"
63192,Eskilstuna,,,,"Södermanlands län"
63801,Eskilstuna,,,,"Södermanlands län"
63802,Eskilstuna,,,,"Södermanlands län"
63803,Eskilstuna,,,,"Södermanlands län"
63805,Eskilstuna,,,,"Södermanlands län"
63807,Eskilstuna,,,,"Södermanlands län"
63808,Eskilstuna,,,,"Södermanlands län"
63809,Eskilstuna,,,,"Södermanlands län"
63810,Eskilstuna,,,,"Södermanlands län"
63811,Eskilstuna,,,,"Södermanlands län"
63812,Eskilstuna,,,,"Södermanlands län"
63814,Eskilstuna,,,,"Södermanlands län"
63821,Eskilstuna,,,,"Södermanlands län"
64120,Katrineholm,,,,"Södermanlands län"
64220,Flen,,,,"Södermanlands län"
64320,Vingåker,,,,"Södermanlands län"
64420,Torshälla,,,,"Södermanlands län"
64520,Strängnäs,,,,"Södermanlands län"
64535,Strängnäs,,,,"Södermanlands län"
64620,Gnesta,,,,"Södermanlands län"
64720,Mariefred,,,,"Södermanlands län"
59901,Ödeshög,,,,"Östergötlands län"
59921,Ödeshög,,,,"Östergötlands län"
59922,Ödeshög,,,,"Östergötlands län"
59923,Ödeshög,,,,"Östergötlands län"
59931,Ödeshög,,,,"Östergötlands län"
59932,Ödeshög,,,,"Östergötlands län"
59933,Ödeshög,,,,"Östergötlands län"
59980,Ödeshög,,,,"Östergötlands län"
59991,Ödeshög,,,,"Östergötlands län"
59992,Ödeshög,,,,"Östergötlands län"
59993,Ödeshög,,,,"Östergötlands län"
59994,Ödeshög,,,,"Östergötlands län"
57060,Österbymo,,,,"Östergötlands län"
59010,Boxholm,,,,"Östergötlands län"
59011,Boxholm,,,,"Östergötlands län"
59012,Boxholm,,,,"Östergötlands län"
59013,Boxholm,,,,"Östergötlands län"
59014,Boxholm,,,,"Östergötlands län"
59015,Boxholm,,,,"Östergötlands län"
59016,Boxholm,,,,"Östergötlands län"
59503,Boxholm,,,,"Östergötlands län"
59570,Boxholm,,,,"Östergötlands län"
59571,Boxholm,,,,"Östergötlands län"
59572,Boxholm,,,,"Östergötlands län"
59573,Boxholm,,,,"Östergötlands län"
59575,Boxholm,,,,"Östergötlands län"
59576,Boxholm,,,,"Östergötlands län"
59700,Åtvidaberg,,,,"Östergötlands län"
59721,Åtvidaberg,,,,"Östergötlands län"
59722,Åtvidaberg,,,,"Östergötlands län"
59723,Åtvidaberg,,,,"Östergötlands län"
59724,Åtvidaberg,,,,"Östergötlands län"
59725,Åtvidaberg,,,,"Östergötlands län"
59726,Åtvidaberg,,,,"Östergötlands län"
59730,Åtvidaberg,,,,"Östergötlands län"
59731,Åtvidaberg,,,,"Östergötlands län"
59732,Åtvidaberg,,,,"Östergötlands län"
59740,Åtvidaberg,,,,"Östergötlands län"
59741,Åtvidaberg,,,,"Östergötlands län"
59742,Åtvidaberg,,,,"Östergötlands län"
59743,Åtvidaberg,,,,"Östergötlands län"
59750,Åtvidaberg,,,,"Östergötlands län"
59751,Åtvidaberg,,,,"Östergötlands län"
59752,Åtvidaberg,,,,"Östergötlands län"
59753,Åtvidaberg,,,,"Östergötlands län"
59755,Åtvidaberg,,,,"Östergötlands län"
59780,Åtvidaberg,,,,"Östergötlands län"
59791,Åtvidaberg,,,,"Östergötlands län"
59792,Åtvidaberg,,,,"Östergötlands län"
59793,Åtvidaberg,,,,"Östergötlands län"
59794,Åtvidaberg,,,,"Östergötlands län"
59795,Åtvidaberg,,,,"Östergötlands län"
59796,Åtvidaberg,,,,"Östergötlands län"
59797,Åtvidaberg,,,,"Östergötlands län"
61011,Grytgöl,,,,"Östergötlands län"
61012,Hällestad,,,,"Östergötlands län"
61013,Lotorp,,,,"Östergötlands län"
61014,Rejmyre,,,,"Östergötlands län"
61201,Finspång,,,,"Östergötlands län"
61202,Finspång,,,,"Östergötlands län"
61203,Rejmyre,,,,"Östergötlands län"
61221,Finspång,,,,"Östergötlands län"
61222,Finspång,,,,"Östergötlands län"
61223,Finspång,,,,"Östergötlands län"
61224,Finspång,,,,"Östergötlands län"
61225,Finspång,,,,"Östergötlands län"
61230,Finspång,,,,"Östergötlands län"
61231,Finspång,,,,"Östergötlands län"
61232,Finspång,,,,"Östergötlands län"
61233,Finspång,,,,"Östergötlands län"
61234,Finspång,,,,"Östergötlands län"
61235,Finspång,,,,"Östergötlands län"
61236,Finspång,,,,"Östergötlands län"
61237,Finspång,,,,"Östergötlands län"
61238,Finspång,,,,"Östergötlands län"
61240,Finspång,,,,"Östergötlands län"
61241,Finspång,,,,"Östergötlands län"
61242,Finspång,,,,"Östergötlands län"
61243,Finspång,,,,"Östergötlands län"
61244,Finspång,,,,"Östergötlands län"
61245,Finspång,,,,"Östergötlands län"
61246,Finspång,,,,"Östergötlands län"
61247,Finspång,,,,"Östergötlands län"
61271,Rejmyre,,,,"Östergötlands län"
61272,Rejmyre,,,,"Östergötlands län"
61274,Grytgöl,,,,"Östergötlands län"
61275,Hällestad,,,,"Östergötlands län"
61276,Lotorp,,,,"Östergötlands län"
61280,Finspång,,,,"Östergötlands län"
61281,Finspång,,,,"Östergötlands län"
61282,Finspång,,,,"Östergötlands län"
61291,Finspång,,,,"Östergötlands län"
61292,Finspång,,,,"Östergötlands län"
61293,Finspång,,,,"Östergötlands län"
61294,Finspång,,,,"Östergötlands län"
61295,Finspång,,,,"Östergötlands län"
61296,Finspång,,,,"Östergötlands län"
61042,Gryt,,,,"Östergötlands län"
61501,Valdemarsvik,,,,"Östergötlands län"
61521,Valdemarsvik,,,,"Östergötlands län"
61522,Valdemarsvik,,,,"Östergötlands län"
61523,Valdemarsvik,,,,"Östergötlands län"
61524,Valdemarsvik,,,,"Östergötlands län"
61530,Valdemarsvik,,,,"Östergötlands län"
61531,Valdemarsvik,,,,"Östergötlands län"
61532,Valdemarsvik,,,,"Östergötlands län"
61533,Valdemarsvik,,,,"Östergötlands län"
61580,Valdemarsvik,,,,"Östergötlands län"
61591,Valdemarsvik,,,,"Östergötlands län"
61592,Valdemarsvik,,,,"Östergötlands län"
61593,Valdemarsvik,,,,"Östergötlands län"
61594,Valdemarsvik,,,,"Östergötlands län"
61595,Valdemarsvik,,,,"Östergötlands län"
61596,Gryt,,,,"Östergötlands län"
58002,Linköping,,,,"Östergötlands län"
58003,Linköping,,,,"Östergötlands län"
58005,Linköping,,,,"Östergötlands län"
58006,Linköping,,,,"Östergötlands län"
58007,Linköping,,,,"Östergötlands län"
58008,Linköping,,,,"Östergötlands län"
58009,Linköping,,,,"Östergötlands län"
58010,Linköping,,,,"Östergötlands län"
58011,Linköping,,,,"Östergötlands län"
58013,Linköping,,,,"Östergötlands län"
58015,Linköping,,,,"Östergötlands län"
58100,Linköping,,,,"Östergötlands län"
58101,Linköping,,,,"Östergötlands län"
58102,Linköping,,,,"Östergötlands län"
58103,Linköping,,,,"Östergötlands län"
58104,Linköping,,,,"Östergötlands län"
58105,Linköping,,,,"Östergötlands län"
58106,Linköping,,,,"Östergötlands län"
58107,Linköping,,,,"Östergötlands län"
58110,Linköping,,,,"Östergötlands län"
58111,Linköping,,,,"Östergötlands län"
58112,Linköping,,,,"Östergötlands län"
58113,Linköping,,,,"Östergötlands län"
58114,Linköping,,,,"Östergötlands län"
58115,Linköping,,,,"Östergötlands län"
58116,Linköping,,,,"Östergötlands län"
58117,Linköping,,,,"Östergötlands län"
58118,Linköping,,,,"Östergötlands län"
58119,Linköping,,,,"Östergötlands län"
58121,Linköping,,,,"Östergötlands län"
58128,Linköping,,,,"Östergötlands län"
58131,Linköping,,,,"Östergötlands län"
58133,Linköping,,,,"Östergötlands län"
58150,Motala,,,,"Östergötlands län"
58180,Linköping,,,,"Östergötlands län"
58181,Linköping,,,,"Östergötlands län"
58182,Linköping,,,,"Östergötlands län"
58183,Linköping,,,,"Östergötlands län"
58184,Linköping,,,,"Östergötlands län"
58185,Linköping,,,,"Östergötlands län"
58186,Linköping,,,,"Östergötlands län"
58187,Linköping,,,,"Östergötlands län"
58188,Linköping,,,,"Östergötlands län"
58189,Linköping,,,,"Östergötlands län"
58190,Linköping,,,,"Östergötlands län"
58191,Linköping,,,,"Östergötlands län"
58192,Linköping,,,,"Östergötlands län"
58193,Linköping,,,,"Östergötlands län"
58194,Linköping,,,,"Östergötlands län"
58195,Linköping,,,,"Östergötlands län"
58196,Linköping,,,,"Östergötlands län"
58197,Linköping,,,,"Östergötlands län"
58198,Linköping,,,,"Östergötlands län"
58200,Linköping,,,,"Östergötlands län"
58201,Linköping,,,,"Östergötlands län"
58202,Linköping,,,,"Östergötlands län"
58203,Linköping,,,,"Östergötlands län"
58210,Linköping,,,,"Östergötlands län"
58212,Linköping,,,,"Östergötlands län"
58213,Linköping,,,,"Östergötlands län"
58214,Linköping,,,,"Östergötlands län"
58215,Linköping,,,,"Östergötlands län"
58216,Linköping,,,,"Östergötlands län"
58217,Linköping,,,,"Östergötlands län"
58218,Linköping,,,,"Östergötlands län"
58219,Linköping,,,,"Östergötlands län"
58220,Linköping,,,,"Östergötlands län"
58221,Linköping,,,,"Östergötlands län"
58222,Linköping,,,,"Östergötlands län"
58223,Linköping,,,,"Östergötlands län"
58224,Linköping,,,,"Östergötlands län"
58225,Linköping,,,,"Östergötlands län"
58226,Linköping,,,,"Östergötlands län"
58227,Linköping,,,,"Östergötlands län"
58228,Linköping,,,,"Östergötlands län"
58229,Linköping,,,,"Östergötlands län"
58230,Linköping,,,,"Östergötlands län"
58231,Linköping,,,,"Östergötlands län"
58232,Linköping,,,,"Östergötlands län"
58233,Linköping,,,,"Östergötlands län"
58234,Linköping,,,,"Östergötlands län"
58235,Linköping,,,,"Östergötlands län"
58236,Linköping,,,,"Östergötlands län"
58237,Linköping,,,,"Östergötlands län"
58238,Linköping,,,,"Östergötlands län"
58239,Linköping,,,,"Östergötlands län"
58240,Linköping,,,,"Östergötlands län"
58241,Linköping,,,,"Östergötlands län"
58242,Linköping,,,,"Östergötlands län"
58243,Linköping,,,,"Östergötlands län"
58244,LINKÖPING,,,,"Östergötlands län"
58245,Linköping,,,,"Östergötlands län"
58246,Linköping,,,,"Östergötlands län"
58247,Linköping,,,,"Östergötlands län"
58248,Linköping,,,,"Östergötlands län"
58249,Linköping,,,,"Östergötlands län"
58252,Linköping,,,,"Östergötlands län"
58253,Linköping,,,,"Östergötlands län"
58254,Linköping,,,,"Östergötlands län"
58255,Linköping,,,,"Östergötlands län"
58256,Linköping,,,,"Östergötlands län"
58272,Linköping,,,,"Östergötlands län"
58273,Linköping,,,,"Östergötlands län"
58274,Linköping,,,,"Östergötlands län"
58275,Linköping,,,,"Östergötlands län"
58276,Linköping,,,,"Östergötlands län"
58277,Linköping,,,,"Östergötlands län"
58278,Linköping,,,,"Östergötlands län"
58300,Linköping,,,,"Östergötlands län"
58327,Linköping,,,,"Östergötlands län"
58328,Linköping,,,,"Östergötlands län"
58330,Linköping,,,,"Östergötlands län"
58331,Linköping,,,,"Östergötlands län"
58332,Linköping,,,,"Östergötlands län"
58333,Linköping,,,,"Östergötlands län"
58334,Linköping,,,,"Östergötlands län"
58335,Linköping,,,,"Östergötlands län"
58336,Linköping,,,,"Östergötlands län"
58337,Linköping,,,,"Östergötlands län"
58338,Linköping,,,,"Östergötlands län"
58360,Gammalkil,,,,"Östergötlands län"
58394,Nykil,,,,"Östergötlands län"
58400,Linköping,,,,"Östergötlands län"
58422,Linköping,,,,"Östergötlands län"
58431,Linköping,,,,"Östergötlands län"
58432,Linköping,,,,"Östergötlands län"
58434,Linköping,,,,"Östergötlands län"
58435,Linköping,,,,"Östergötlands län"
58436,Linköping,,,,"Östergötlands län"
58437,Linköping,,,,"Östergötlands län"
58439,Linköping,,,,"Östergötlands län"
58500,Linköping,,,,"Östergötlands län"
58506,Linghem,,,,"Östergötlands län"
58507,Ljungsbro,,,,"Östergötlands län"
58561,Linghem,,,,"Östergötlands län"
58562,LINGHEM,,,,"Östergötlands län"
58563,Linghem,,,,"Östergötlands län"
58564,Lindhem,,,,"Östergötlands län"
58565,Linghem,,,,"Östergötlands län"
58571,Ljungsbro,,,,"Östergötlands län"
58572,Ljungsbro,,,,"Östergötlands län"
58573,Ljungsbro,,,,"Östergötlands län"
58574,Ljungsbro,,,,"Östergötlands län"
58575,Ljungsbro,,,,"Östergötlands län"
58580,Ljungsbro,,,,"Östergötlands län"
58591,Linköping,,,,"Östergötlands län"
58592,Linköping,,,,"Östergötlands län"
58593,Linköping,,,,"Östergötlands län"
58594,Linköping,,,,"Östergötlands län"
58595,Linköping,,,,"Östergötlands län"
58596,Linköping,,,,"Östergötlands län"
58597,Linköping,,,,"Östergötlands län"
58598,Linköping,,,,"Östergötlands län"
58599,Linköping,,,,"Östergötlands län"
58600,Linköping,,,,"Östergötlands län"
58642,Linköping,,,,"Östergötlands län"
58643,Linköping,,,,"Östergötlands län"
58644,Linköping,,,,"Östergötlands län"
58645,Linköping,,,,"Östergötlands län"
58646,Linköping,,,,"Östergötlands län"
58647,Linköping,,,,"Östergötlands län"
58648,Linköping,,,,"Östergötlands län"
58649,Linköping,,,,"Östergötlands län"
58662,Linköping,,,,"Östergötlands län"
58663,Linköping,,,,"Östergötlands län"
58665,Linköping,,,,"Östergötlands län"
58666,Linköping,,,,"Östergötlands län"
58700,Linköping,,,,"Östergötlands län"
58721,Linköping,,,,"Östergötlands län"
58723,Linköping,,,,"Östergötlands län"
58724,Linköping,,,,"Östergötlands län"
58725,Linköping,,,,"Östergötlands län"
58726,Linköping,,,,"Östergötlands län"
58727,Linköping,,,,"Östergötlands län"
58729,Linköping,,,,"Östergötlands län"
58731,Linköping,,,,"Östergötlands län"
58732,Linköping,,,,"Östergötlands län"
58733,Linköping,,,,"Östergötlands län"
58734,Linköping,,,,"Östergötlands län"
58735,Linköping,,,,"Östergötlands län"
58736,Linköping,,,,"Östergötlands län"
58737,Linköping,,,,"Östergötlands län"
58738,Linköping,,,,"Östergötlands län"
58739,Linköping,,,,"Östergötlands län"
58752,Linköping,,,,"Östergötlands län"
58900,Linköping,,,,"Östergötlands län"
58921,Linköping,,,,"Östergötlands län"
58923,Linköping,,,,"Östergötlands län"
58925,Linköping,,,,"Östergötlands län"
58927,Linköping,,,,"Östergötlands län"
58929,Linköping,,,,"Östergötlands län"
58931,Linköping,,,,"Östergötlands län"
58933,Linköping,,,,"Östergötlands län"
58935,Linköping,,,,"Östergötlands län"
58937,Linköping,,,,"Östergötlands län"
58939,Linköping,,,,"Östergötlands län"
58941,Linköping,,,,"Östergötlands län"
58943,Linköping,,,,"Östergötlands län"
58950,Linköping,,,,"Östergötlands län"
58951,Linköping,,,,"Östergötlands län"
58952,Linköping,,,,"Östergötlands län"
58953,Linköping,,,,"Östergötlands län"
58955,Linköping,,,,"Östergötlands län"
58957,Linköping,,,,"Östergötlands län"
58961,Sturefors,,,,"Östergötlands län"
58963,Sturefors,,,,"Östergötlands län"
58964,Sturefors,,,,"Östergötlands län"
58965,Bestorp,,,,"Östergötlands län"
59036,Kisa,,,,"Östergötlands län"
59037,Kisa,,,,"Östergötlands län"
59038,Kisa,,,,"Östergötlands län"
59039,Kisa,,,,"Östergötlands län"
59040,Kisa,,,,"Östergötlands län"
59049,Vikingstad,,,,"Östergötlands län"
59050,Vikingstad,,,,"Östergötlands län"
59051,Vikingstad,,,,"Östergötlands län"
59052,Nykil,,,,"Östergötlands län"
59053,Ulrika,,,,"Östergötlands län"
59054,Sturefors,,,,"Östergötlands län"
59055,Sturefors,,,,"Östergötlands län"
59069,Ljungsbro,,,,"Östergötlands län"
59070,Ljungsbro,,,,"Östergötlands län"
59071,Ljungsbro,,,,"Östergötlands län"
59072,Ljungsbro,,,,"Östergötlands län"
59073,Ljungsbro,,,,"Östergötlands län"
59074,Ljungsbro,,,,"Östergötlands län"
59077,"Vreta Kloster",,,,"Östergötlands län"
59079,"Vreta Kloster",,,,"Östergötlands län"
59062,Linghem,,,,"Östergötlands län"
59078,"Vreta Kloster",,,,"Östergötlands län"
60000,Norrköping,,,,"Östergötlands län"
60002,Norrköping,,,,"Östergötlands län"
60003,Norrköping,,,,"Östergötlands län"
60004,Norrköping,,,,"Östergötlands län"
60005,Norrköping,,,,"Östergötlands län"
60006,Norrköping,,,,"Östergötlands län"
60007,Norrköping,,,,"Östergötlands län"
60011,Norrköping,,,,"Östergötlands län"
60012,Norrköping,,,,"Östergötlands län"
60013,Norrköping,,,,"Östergötlands län"
60014,Norrköping,,,,"Östergötlands län"
60040,Norrköping,,,,"Östergötlands län"
60041,Norrköping,,,,"Östergötlands län"
60042,Norrköping,,,,"Östergötlands län"
60043,Norrköping,,,,"Östergötlands län"
60044,Norrköping,,,,"Östergötlands län"
60045,Norrköping,,,,"Östergötlands län"
60046,Norrköping,,,,"Östergötlands län"
60047,Norrköping,,,,"Östergötlands län"
60100,Norrköping,,,,"Östergötlands län"
60102,Norrköping,,,,"Östergötlands län"
60103,Norrköping,,,,"Östergötlands län"
60104,Norrköping,,,,"Östergötlands län"
60105,Norrköping,,,,"Östergötlands län"
60107,Norrköping,,,,"Östergötlands län"
60110,Norrköping,,,,"Östergötlands län"
60114,Norrköping,,,,"Östergötlands län"
60115,Norrköping,,,,"Östergötlands län"
60116,Norrköping,,,,"Östergötlands län"
60117,Norrköping,,,,"Östergötlands län"
60119,Norrköping,,,,"Östergötlands län"
60160,Norrköping,,,,"Östergötlands län"
60170,Norrköping,,,,"Östergötlands län"
60171,Norrköping,,,,"Östergötlands län"
60172,Norrköping,,,,"Östergötlands län"
60174,Norrköping,,,,"Östergötlands län"
60175,Norrköping,,,,"Östergötlands län"
60176,Norrköping,,,,"Östergötlands län"
60177,Norrköping,,,,"Östergötlands län"
60178,Norrköping,,,,"Östergötlands län"
60179,Norrköping,,,,"Östergötlands län"
60180,Norrköping,,,,"Östergötlands län"
60181,Norrköping,,,,"Östergötlands län"
60182,Norrköping,,,,"Östergötlands län"
60183,Norrköping,,,,"Östergötlands län"
60184,Norrköping,,,,"Östergötlands län"
60185,Norrköping,,,,"Östergötlands län"
60186,Norrköping,,,,"Östergötlands län"
60188,Norrköping,,,,"Östergötlands län"
60189,Norrköping,,,,"Östergötlands län"
60200,Norrköping,,,,"Östergötlands län"
60201,Norrköping,,,,"Östergötlands län"
60202,Norrköping,,,,"Östergötlands län"
60203,Norrköping,,,,"Östergötlands län"
60204,Norrköping,,,,"Östergötlands län"
60205,Norrköping,,,,"Östergötlands län"
60206,Norrköping,,,,"Östergötlands län"
60208,Norrköping,,,,"Östergötlands län"
60209,Norrköping,,,,"Östergötlands län"
60210,Norrköping,,,,"Östergötlands län"
60211,Norrköping,,,,"Östergötlands län"
60212,Norrköping,,,,"Östergötlands län"
60213,Norrköping,,,,"Östergötlands län"
60214,Norrköping,,,,"Östergötlands län"
60215,Norrköping,,,,"Östergötlands län"
60216,Norrköping,,,,"Östergötlands län"
60217,Norrköping,,,,"Östergötlands län"
60218,Norrköping,,,,"Östergötlands län"
60219,Norrköping,,,,"Östergötlands län"
60220,Norrköping,,,,"Östergötlands län"
60221,Norrköping,,,,"Östergötlands län"
60222,Norrköping,,,,"Östergötlands län"
60223,Norrköping,,,,"Östergötlands län"
60224,Norrköping,,,,"Östergötlands län"
60225,Norrköping,,,,"Östergötlands län"
60226,Norrköping,,,,"Östergötlands län"
60227,Norrköping,,,,"Östergötlands län"
60228,Norrköping,,,,"Östergötlands län"
60229,Norrköping,,,,"Östergötlands län"
60230,Norrköping,,,,"Östergötlands län"
60231,Norrköping,,,,"Östergötlands län"
60232,Norrköping,,,,"Östergötlands län"
60233,Norrköping,,,,"Östergötlands län"
60234,Norrköping,,,,"Östergötlands län"
60235,Norrköping,,,,"Östergötlands län"
60236,Norrköping,,,,"Östergötlands län"
60237,Norrköping,,,,"Östergötlands län"
60238,Norrköping,,,,"Östergötlands län"
60239,Norrköping,,,,"Östergötlands län"
60240,Norrköping,,,,"Östergötlands län"
60241,Norrköping,,,,"Östergötlands län"
60242,Norrköping,,,,"Östergötlands län"
60243,Norrköping,,,,"Östergötlands län"
60244,Norrköping,,,,"Östergötlands län"
60245,Norrköping,,,,"Östergötlands län"
60246,Norrköping,,,,"Östergötlands län"
60247,Norrköping,,,,"Östergötlands län"
60251,Norrköping,,,,"Östergötlands län"
60300,Norrköping,,,,"Östergötlands län"
60301,Norrköping,,,,"Östergötlands län"
60302,Norrköping,,,,"Östergötlands län"
60336,Norrköping,,,,"Östergötlands län"
60337,Norrköping,,,,"Östergötlands län"
60345,Norrköping,,,,"Östergötlands län"
60347,Norrköping,,,,"Östergötlands län"
60348,Norrköping,,,,"Östergötlands län"
60349,Norrköping,,,,"Östergötlands län"
60350,Norrköping,,,,"Östergötlands län"
60351,Norrköping,,,,"Östergötlands län"
60352,Norrköping,,,,"Östergötlands län"
60353,Norrköping,,,,"Östergötlands län"
60354,Norrköping,,,,"Östergötlands län"
60355,Norrköping,,,,"Östergötlands län"
60356,Norrköping,,,,"Östergötlands län"
60357,Norrköping,,,,"Östergötlands län"
60358,Norrköping,,,,"Östergötlands län"
60359,Norrköping,,,,"Östergötlands län"
60360,Norrköping,,,,"Östergötlands län"
60361,Norrköping,,,,"Östergötlands län"
60362,Norrköping,,,,"Östergötlands län"
60363,Norrköping,,,,"Östergötlands län"
60364,Norrköping,,,,"Östergötlands län"
60365,Norrköping,,,,"Östergötlands län"
60366,Norrköping,,,,"Östergötlands län"
60367,Norrköping,,,,"Östergötlands län"
60368,Norrköping,,,,"Östergötlands län"
60369,Norrköping,,,,"Östergötlands län"
60370,Norrköping,,,,"Östergötlands län"
60371,Norrköping,,,,"Östergötlands län"
60372,Norrköping,,,,"Östergötlands län"
60373,Norrköping,,,,"Östergötlands län"
60374,Norrköping,,,,"Östergötlands län"
60375,Norrköping,,,,"Östergötlands län"
60376,Norrköping,,,,"Östergötlands län"
60377,Norrköping,,,,"Östergötlands län"
60378,Norrköping,,,,"Östergötlands län"
60379,Norrköping,,,,"Östergötlands län"
60380,Norrköping,,,,"Östergötlands län"
60381,Norrköping,,,,"Östergötlands län"
60383,Norrköping,,,,"Östergötlands län"
60385,Norrköping,,,,"Östergötlands län"
60386,Norrköping,,,,"Östergötlands län"
60387,Norrköping,,,,"Östergötlands län"
60400,Norrköping,,,,"Östergötlands län"
60500,Norrköping,,,,"Östergötlands län"
60560,Svärtinge,,,,"Östergötlands län"
60570,Svärtinge,,,,"Östergötlands län"
60580,Svärtinge,,,,"Östergötlands län"
60584,Svärtinge,,,,"Östergötlands län"
60591,Norrköping,,,,"Östergötlands län"
60592,Norrköping,,,,"Östergötlands län"
60593,Norrköping,,,,"Östergötlands län"
60594,Norrköping,,,,"Östergötlands län"
60595,Norrköping,,,,"Östergötlands län"
60596,Norrköping,,,,"Östergötlands län"
60597,Norrköping,,,,"Östergötlands län"
60598,Norrköping,,,,"Östergötlands län"
60599,Norrköping,,,,"Östergötlands län"
60600,Norrköping,,,,"Östergötlands län"
60700,Norrköping,,,,"Östergötlands län"
60800,Norrköping,,,,"Östergötlands län"
60910,Norrköping,,,,"Östergötlands län"
60911,Norrköping,,,,"Östergötlands län"
61020,Kimstad,,,,"Östergötlands län"
61024,Vikbolandet,,,,"Östergötlands län"
61026,Vikbolandet,,,,"Östergötlands län"
61027,Vikbolandet,,,,"Östergötlands län"
61028,Vikbolandet,,,,"Östergötlands län"
61029,Vikbolandet,,,,"Östergötlands län"
61030,Vikbolandet,,,,"Östergötlands län"
61031,Vikbolandet,,,,"Östergötlands län"
61032,Vikbolandet,,,,"Östergötlands län"
61033,Vikbolandet,,,,"Östergötlands län"
61050,Jönåker,,,,"Östergötlands län"
61111,Jönåker,,,,"Östergötlands län"
61170,Jönåker,,,,"Östergötlands län"
61196,Jönåker,,,,"Östergötlands län"
61600,Åby,,,,"Östergötlands län"
61621,Åby,,,,"Östergötlands län"
61622,Åby,,,,"Östergötlands län"
61630,Åby,,,,"Östergötlands län"
61631,Åby,,,,"Östergötlands län"
61632,Åby,,,,"Östergötlands län"
61633,Åby,,,,"Östergötlands län"
61634,Åby,,,,"Östergötlands län"
61690,Åby,,,,"Östergötlands län"
61691,Åby,,,,"Östergötlands län"
61700,Skärblacka,,,,"Östergötlands län"
61701,Skärblacka,,,,"Östergötlands län"
61710,Skärblacka,,,,"Östergötlands län"
61721,Skärblacka,,,,"Östergötlands län"
61722,Skärblacka,,,,"Östergötlands län"
61730,Skärblacka,,,,"Östergötlands län"
61731,Skärblacka,,,,"Östergötlands län"
61732,Skärblacka,,,,"Östergötlands län"
61734,Skärblacka,,,,"Östergötlands län"
61771,Kimstad,,,,"Östergötlands län"
61790,Skärblacka,,,,"Östergötlands län"
61791,Kimstad,,,,"Östergötlands län"
61800,Kolmården,,,,"Östergötlands län"
61801,Kolmården,,,,"Östergötlands län"
61821,Kolmården,,,,"Östergötlands län"
61822,Kolmården,,,,"Östergötlands län"
61823,Kolmården,,,,"Östergötlands län"
61830,Kolmården,,,,"Östergötlands län"
61831,Kolmården,,,,"Östergötlands län"
61832,Kolmården,,,,"Östergötlands län"
61833,Kolmården,,,,"Östergötlands län"
61834,Kolmården,,,,"Östergötlands län"
61835,Kolmården,,,,"Östergötlands län"
61892,Kolmården,,,,"Östergötlands län"
61893,Kolmården,,,,"Östergötlands län"
61021,Norsholm,,,,"Östergötlands län"
61025,Vikbolandet,,,,"Östergötlands län"
61040,Gusum,,,,"Östergötlands län"
61041,Ringarum,,,,"Östergötlands län"
61401,Söderköping,,,,"Östergötlands län"
61421,Söderköping,,,,"Östergötlands län"
61422,Söderköping,,,,"Östergötlands län"
61430,Söderköping,,,,"Östergötlands län"
61431,Söderköping,,,,"Östergötlands län"
61432,Söderköping,,,,"Östergötlands län"
61433,Söderköping,,,,"Östergötlands län"
61434,Söderköping,,,,"Östergötlands län"
61480,Söderköping,,,,"Östergötlands län"
61481,Söderköping,,,,"Östergötlands län"
61482,Söderköping,,,,"Östergötlands län"
61490,Söderköping,,,,"Östergötlands län"
61492,Söderköping,,,,"Östergötlands län"
61493,Söderköping,,,,"Östergötlands län"
61494,Söderköping,,,,"Östergötlands län"
61495,Söderköping,,,,"Östergötlands län"
61496,"Östra Ryd",,,,"Östergötlands län"
61497,Söderköping,,,,"Östergötlands län"
61498,"Sankt Anna",,,,"Östergötlands län"
61499,Söderköping,,,,"Östergötlands län"
61502,Gusum,,,,"Östergötlands län"
61571,Gusum,,,,"Östergötlands län"
61572,Gusum,,,,"Östergötlands län"
61573,Gusum,,,,"Östergötlands län"
61574,Ringarum,,,,"Östergötlands län"
61575,Ringarum,,,,"Östergötlands län"
61792,Norsholm,,,,"Östergötlands län"
58576,"Vreta Kloster",,,,"Östergötlands län"
58577,"Vreta Kloster",,,,"Östergötlands län"
58578,"Vreta Kloster",,,,"Östergötlands län"
59030,Borensberg,,,,"Östergötlands län"
59031,Borensberg,,,,"Östergötlands län"
59032,Borensberg,,,,"Östergötlands län"
59034,Tjällmo,,,,"Östergötlands län"
59075,Ljungsbro,,,,"Östergötlands län"
59076,"Vreta Kloster",,,,"Östergötlands län"
59100,Motala,,,,"Östergötlands län"
59101,Motala,,,,"Östergötlands län"
59102,Motala,,,,"Östergötlands län"
59104,Motala,,,,"Östergötlands län"
59105,Motala,,,,"Östergötlands län"
59121,Motala,,,,"Östergötlands län"
59122,Motala,,,,"Östergötlands län"
59123,Motala,,,,"Östergötlands län"
59124,Motala,,,,"Östergötlands län"
59126,Motala,,,,"Östergötlands län"
59127,Motala,,,,"Östergötlands län"
59129,Motala,,,,"Östergötlands län"
59130,Motala,,,,"Östergötlands län"
59131,Motala,,,,"Östergötlands län"
59132,Motala,,,,"Östergötlands län"
59133,Motala,,,,"Östergötlands län"
59134,Motala,,,,"Östergötlands län"
59135,Motala,,,,"Östergötlands län"
59136,Motala,,,,"Östergötlands län"
59137,Motala,,,,"Östergötlands län"
59138,Motala,,,,"Östergötlands län"
59139,Motala,,,,"Östergötlands län"
59145,Motala,,,,"Östergötlands län"
59146,Motala,,,,"Östergötlands län"
59147,Motala,,,,"Östergötlands län"
59150,Motala,,,,"Östergötlands län"
59151,Motala,,,,"Östergötlands län"
59152,Motala,,,,"Östergötlands län"
59153,Motala,,,,"Östergötlands län"
59154,Motala,,,,"Östergötlands län"
59155,Motala,,,,"Östergötlands län"
59160,Motala,,,,"Östergötlands län"
59161,Motala,,,,"Östergötlands län"
59162,Motala,,,,"Östergötlands län"
59170,Motala,,,,"Östergötlands län"
59171,Motala,,,,"Östergötlands län"
59172,Motala,,,,"Östergötlands län"
59178,Klockrike,,,,"Östergötlands län"
59181,Motala,,,,"Östergötlands län"
59182,Motala,,,,"Östergötlands län"
59184,Motala,,,,"Östergötlands län"
59185,Motala,,,,"Östergötlands län"
59186,Motala,,,,"Östergötlands län"
59190,Tjällmo,,,,"Östergötlands län"
59191,Motala,,,,"Östergötlands län"
59192,Motala,,,,"Östergötlands län"
59193,Motala,,,,"Östergötlands län"
59194,Motala,,,,"Östergötlands län"
59195,Motala,,,,"Östergötlands län"
59196,Motala,,,,"Östergötlands län"
59197,Motala,,,,"Östergötlands län"
59198,Motala,,,,"Östergötlands län"
59199,Motala,,,,"Östergötlands län"
59201,Vadstena,,,,"Östergötlands län"
59221,Vadstena,,,,"Östergötlands län"
59222,Vadstena,,,,"Östergötlands län"
59223,Vadstena,,,,"Östergötlands län"
59224,Vadstena,,,,"Östergötlands län"
59229,Vadstena,,,,"Östergötlands län"
59230,Vadstena,,,,"Östergötlands län"
59231,Vadstena,,,,"Östergötlands län"
59232,Vadstena,,,,"Östergötlands län"
59240,Vadstena,,,,"Östergötlands län"
59241,Vadstena,,,,"Östergötlands län"
59242,Vadstena,,,,"Östergötlands län"
59280,Vadstena,,,,"Östergötlands län"
59281,Vadstena,,,,"Östergötlands län"
59291,Vadstena,,,,"Östergötlands län"
59292,Vadstena,,,,"Östergötlands län"
59293,Borghamn,,,,"Östergötlands län"
59294,Vadstena,,,,"Östergötlands län"
58302,Vikingstad,,,,"Östergötlands län"
58371,Vikingstad,,,,"Östergötlands län"
58372,Vikingstad,,,,"Östergötlands län"
58391,Vikingstad,,,,"Östergötlands län"
58392,Vikingstad,,,,"Östergötlands län"
58393,Vikingstad,,,,"Östergötlands län"
59017,Mantorp,,,,"Östergötlands län"
59018,Mantorp,,,,"Östergötlands län"
59019,Mantorp,,,,"Östergötlands län"
59020,Mantorp,,,,"Östergötlands län"
59021,Väderstad,,,,"Östergötlands län"
59023,Mantorp,,,,"Östergötlands län"
59033,Borensberg,,,,"Östergötlands län"
59047,Vikingstad,,,,"Östergötlands län"
59048,Vikingstad,,,,"Östergötlands län"
59106,Borensberg,,,,"Östergötlands län"
59173,MOTALA,,,,"Östergötlands län"
59174,Borensberg,,,,"Östergötlands län"
59175,Borensberg,,,,"Östergötlands län"
59176,Borensberg,,,,"Östergötlands län"
59177,Borensberg,,,,"Östergötlands län"
59179,Fornåsa,,,,"Östergötlands län"
59501,Mjölby,,,,"Östergötlands län"
59504,Mantorp,,,,"Östergötlands län"
59521,Mjölby,,,,"Östergötlands län"
59522,Mjölby,,,,"Östergötlands län"
59523,Mjölby,,,,"Östergötlands län"
59524,Mjölby,,,,"Östergötlands län"
59529,Mjölby,,,,"Östergötlands län"
59530,Mjölby,,,,"Östergötlands län"
59531,Mjölby,,,,"Östergötlands län"
59532,Mjölby,,,,"Östergötlands län"
59533,Mjölby,,,,"Östergötlands län"
59534,Mjölby,,,,"Östergötlands län"
59535,Mjölby,,,,"Östergötlands län"
59540,Mjölby,,,,"Östergötlands län"
59541,Mjölby,,,,"Östergötlands län"
59542,Mjölby,,,,"Östergötlands län"
59543,Mjölby,,,,"Östergötlands län"
59544,Mjölby,,,,"Östergötlands län"
59550,Mjölby,,,,"Östergötlands län"
59551,Mjölby,,,,"Östergötlands län"
59552,Mjölby,,,,"Östergötlands län"
59553,Mjölby,,,,"Östergötlands län"
59554,Mjölby,,,,"Östergötlands län"
59557,Mantorp,,,,"Östergötlands län"
59558,Mantorp,,,,"Östergötlands län"
59559,Mantorp,,,,"Östergötlands län"
59580,Mjölby,,,,"Östergötlands län"
59581,Mjölby,,,,"Östergötlands län"
59582,Mjölby,,,,"Östergötlands län"
59583,Mjölby,,,,"Östergötlands län"
59591,Mjölby,,,,"Östergötlands län"
59592,Mjölby,,,,"Östergötlands län"
59593,Mjölby,,,,"Östergötlands län"
59594,Mjölby,,,,"Östergötlands län"
59595,Mjölby,,,,"Östergötlands län"
59596,Mjölby,,,,"Östergötlands län"
59597,Mantorp,,,,"Östergötlands län"
59600,Skänninge,,,,"Östergötlands län"
59601,Skänninge,,,,"Östergötlands län"
59621,Skänninge,,,,"Östergötlands län"
59622,Skänninge,,,,"Östergötlands län"
59623,Skänninge,,,,"Östergötlands län"
59631,Skänninge,,,,"Östergötlands län"
59632,Skänninge,,,,"Östergötlands län"
59633,Skänninge,,,,"Östergötlands län"
59634,Skänninge,,,,"Östergötlands län"
59636,Väderstad,,,,"Östergötlands län"
59691,Skänninge,,,,"Östergötlands län"
59692,Skänninge,,,,"Östergötlands län"
59693,Skänninge,,,,"Östergötlands län"
59695,Väderstad,,,,"Östergötlands län"
58199,Linköping,,,,"Östergötlands län"
58329,Linköping,,,,"Östergötlands län"
58750,Linköping,,,,"Östergötlands län"
58758,Linköping,,,,"Östergötlands län"
58801,Linköping,,,,"Östergötlands län"
58802,Linköping,,,,"Östergötlands län"
58803,Linköping,,,,"Östergötlands län"
58805,Linköping,,,,"Östergötlands län"
58806,Linköping,,,,"Östergötlands län"
58807,Linköping,,,,"Östergötlands län"
58808,Linköping,,,,"Östergötlands län"
58809,Linköping,,,,"Östergötlands län"
58810,Linköping,,,,"Östergötlands län"
58811,Linköping,,,,"Östergötlands län"
58813,Linköping,,,,"Östergötlands län"
58815,Linköping,,,,"Östergötlands län"
58818,Linköping,,,,"Östergötlands län"
58820,Linköping,,,,"Östergötlands län"
59120,Motala,,,,"Östergötlands län"
59220,Vadstena,,,,"Östergötlands län"
59282,Vadstena,,,,"Östergötlands län"
59520,Mjölby,,,,"Östergötlands län"
59620,Skänninge,,,,"Östergötlands län"
59720,Åtvidaberg,,,,"Östergötlands län"
59920,Ödeshög,,,,"Östergötlands län"
60169,Norrköping,,,,"Östergötlands län"
60173,Norrköping,,,,"Östergötlands län"
60187,Norrköping,,,,"Östergötlands län"
60801,Norrköping,,,,"Östergötlands län"
60802,Norrköping,,,,"Östergötlands län"
60803,Norrköping,,,,"Östergötlands län"
60804,Norrköping,,,,"Östergötlands län"
60806,Norrköping,,,,"Östergötlands län"
60807,Norrköping,,,,"Östergötlands län"
60810,Norrköping,,,,"Östergötlands län"
60811,Norrköping,,,,"Östergötlands län"
60812,Norrköping,,,,"Östergötlands län"
60813,Norrköping,,,,"Östergötlands län"
60814,Norrköping,,,,"Östergötlands län"
60815,Norrköping,,,,"Östergötlands län"
60849,Norrköping,,,,"Östergötlands län"
61220,Finspång,,,,"Östergötlands län"
61283,Finspång,,,,"Östergötlands län"
61420,Söderköping,,,,"Östergötlands län"
61520,Valdemarsvik,,,,"Östergötlands län"
61620,Åby,,,,"Östergötlands län"
61635,Åby,,,,"Östergötlands län"
61720,Skärblacka,,,,"Östergötlands län"
61820,Kolmården,,,,"Östergötlands län"
57373,Sunhultsbrunn,,,,"Jönköpings län"
57801,Aneby,,,,"Jönköpings län"
57821,Aneby,,,,"Jönköpings län"
57822,Aneby,,,,"Jönköpings län"
57823,Aneby,,,,"Jönköpings län"
57824,Aneby,,,,"Jönköpings län"
57825,Aneby,,,,"Jönköpings län"
57831,Aneby,,,,"Jönköpings län"
57832,Aneby,,,,"Jönköpings län"
57833,Aneby,,,,"Jönköpings län"
57874,Frinnaryd,,,,"Jönköpings län"
57891,Aneby,,,,"Jönköpings län"
57892,Aneby,,,,"Jönköpings län"
57893,Aneby,,,,"Jönköpings län"
57894,Aneby,,,,"Jönköpings län"
33033,Hillerstorp,,,,"Jönköpings län"
33501,Gnosjö,,,,"Jönköpings län"
33504,Hillerstorp,,,,"Jönköpings län"
33521,Gnosjö,,,,"Jönköpings län"
33522,Gnosjö,,,,"Jönköpings län"
33523,Gnosjö,,,,"Jönköpings län"
33524,Gnosjö,,,,"Jönköpings län"
33525,Gnosjö,,,,"Jönköpings län"
33528,Gnosjö,,,,"Jönköpings län"
33530,Gnosjö,,,,"Jönköpings län"
33531,Gnosjö,,,,"Jönköpings län"
33532,Gnosjö,,,,"Jönköpings län"
33533,Gnosjö,,,,"Jönköpings län"
33573,Hillerstorp,,,,"Jönköpings län"
33574,Hillerstorp,,,,"Jönköpings län"
33580,Gnosjö,,,,"Jönköpings län"
33591,Gnosjö,,,,"Jönköpings län"
33592,Nissafors,,,,"Jönköpings län"
33593,Åsenhöga,,,,"Jönköpings län"
33594,Marieholmsbruk,,,,"Jönköpings län"
33595,Strandudden,,,,"Jönköpings län"
56501,Mullsjö,,,,"Jönköpings län"
56518,Mullsjö,,,,"Jönköpings län"
56521,Mullsjö,,,,"Jönköpings län"
56522,Mullsjö,,,,"Jönköpings län"
56523,Mullsjö,,,,"Jönköpings län"
56524,Mullsjö,,,,"Jönköpings län"
56525,Mullsjö,,,,"Jönköpings län"
56528,Mullsjö,,,,"Jönköpings län"
56529,Mullsjö,,,,"Jönköpings län"
56531,Mullsjö,,,,"Jönköpings län"
56532,Mullsjö,,,,"Jönköpings län"
56533,Mullsjö,,,,"Jönköpings län"
56534,Mullsjö,,,,"Jönköpings län"
56591,Mullsjö,,,,"Jönköpings län"
56592,Mullsjö,,,,"Jönköpings län"
56593,Mullsjö,,,,"Jönköpings län"
56600,Habo,,,,"Jönköpings län"
56601,Habo,,,,"Jönköpings län"
56621,Habo,,,,"Jönköpings län"
56622,Habo,,,,"Jönköpings län"
56623,Habo,,,,"Jönköpings län"
56624,Habo,,,,"Jönköpings län"
56628,Habo,,,,"Jönköpings län"
56631,Habo,,,,"Jönköpings län"
56632,Habo,,,,"Jönköpings län"
56633,Habo,,,,"Jönköpings län"
56634,Habo,,,,"Jönköpings län"
56636,Habo,,,,"Jönköpings län"
56637,Habo,,,,"Jönköpings län"
56680,Habo,,,,"Jönköpings län"
56691,Habo,,,,"Jönköpings län"
56692,Habo,,,,"Jönköpings län"
56693,Brandstorp,,,,"Jönköpings län"
33021,Reftele,,,,"Jönköpings län"
33026,Burseryd,,,,"Jönköpings län"
33201,Gislaved,,,,"Jönköpings län"
33221,Gislaved,,,,"Jönköpings län"
33222,Gislaved,,,,"Jönköpings län"
33223,Gislaved,,,,"Jönköpings län"
33224,Gislaved,,,,"Jönköpings län"
33225,Gislaved,,,,"Jönköpings län"
33228,Gislaved,,,,"Jönköpings län"
33230,Gislaved,,,,"Jönköpings län"
33231,Gislaved,,,,"Jönköpings län"
33232,Gislaved,,,,"Jönköpings län"
33233,Gislaved,,,,"Jönköpings län"
33234,Gislaved,,,,"Jönköpings län"
33235,Gislaved,,,,"Jönköpings län"
33236,Gislaved,,,,"Jönköpings län"
33237,Gislaved,,,,"Jönköpings län"
33238,Gislaved,,,,"Jönköpings län"
33280,Gislaved,,,,"Jönköpings län"
33281,Gislaved,,,,"Jönköpings län"
33291,Gislaved,,,,"Jönköpings län"
33292,Gislaved,,,,"Jönköpings län"
33301,Smålandsstenar,,,,"Jönköpings län"
33303,Reftele,,,,"Jönköpings län"
33304,Burseryd,,,,"Jönköpings län"
33321,Smålandsstenar,,,,"Jönköpings län"
33322,Smålandsstenar,,,,"Jönköpings län"
33323,Smålandsstenar,,,,"Jönköpings län"
33324,Smålandsstenar,,,,"Jönköpings län"
33328,Smålandsstenar,,,,"Jönköpings län"
33330,Smålandsstenar,,,,"Jönköpings län"
33331,Smålandsstenar,,,,"Jönköpings län"
33332,Smålandsstenar,,,,"Jönköpings län"
33333,Smålandsstenar,,,,"Jönköpings län"
33375,Reftele,,,,"Jönköpings län"
33376,Reftele,,,,"Jönköpings län"
33377,Burseryd,,,,"Jönköpings län"
33378,Bruseryd,,,,"Jönköpings län"
33391,Smålandsstenar,,,,"Jönköpings län"
33392,Broaryd,,,,"Jönköpings län"
33401,Anderstorp,,,,"Jönköpings län"
33421,Anderstorp,,,,"Jönköpings län"
33422,Anderstorp,,,,"Jönköpings län"
33423,Anderstorp,,,,"Jönköpings län"
33424,Anderstorp,,,,"Jönköpings län"
33425,Anderstorp,,,,"Jönköpings län"
33431,Anderstorp,,,,"Jönköpings län"
33432,Anderstorp,,,,"Jönköpings län"
33433,Anderstorp,,,,"Jönköpings län"
33435,Anderstorp,,,,"Jönköpings län"
33480,Anderstorp,,,,"Jönköpings län"
33491,Anderstorp,,,,"Jönköpings län"
56701,Vaggeryd,,,,"Jönköpings län"
56721,Vaggeryd,,,,"Jönköpings län"
56722,Vaggeryd,,,,"Jönköpings län"
56723,Vaggeryd,,,,"Jönköpings län"
56724,Vaggeryd,,,,"Jönköpings län"
56730,Vaggeryd,,,,"Jönköpings län"
56731,Vaggeryd,,,,"Jönköpings län"
56732,Vaggeryd,,,,"Jönköpings län"
56733,Vaggeryd,,,,"Jönköpings län"
56791,Vaggeryd,,,,"Jönköpings län"
56792,Vaggeryd,,,,"Jönköpings län"
56821,Skillingaryd,,,,"Jönköpings län"
56822,Skillingaryd,,,,"Jönköpings län"
56823,Skillingaryd,,,,"Jönköpings län"
56824,Skillingaryd,,,,"Jönköpings län"
56830,Skillingaryd,,,,"Jönköpings län"
56831,Skillingaryd,,,,"Jönköpings län"
56832,Skillingaryd,,,,"Jönköpings län"
56891,Skillingaryd,,,,"Jönköpings län"
56893,Skillingaryd,,,,"Jönköpings län"
55001,Jönköping,,,,"Jönköpings län"
55002,Jönköping,,,,"Jönköpings län"
55003,Jönköping,,,,"Jönköpings län"
55004,Jönköping,,,,"Jönköpings län"
55005,Jönköping,,,,"Jönköpings län"
55006,Jönköping,,,,"Jönköpings län"
55008,Jönköping,,,,"Jönköpings län"
55009,Jönköping,,,,"Jönköpings län"
55010,Jönköping,,,,"Jönköpings län"
55011,Jönköping,,,,"Jönköpings län"
55012,Jönköping,,,,"Jönköpings län"
55100,Jönköping,,,,"Jönköpings län"
55101,Jönköping,,,,"Jönköpings län"
55103,Jönköping,,,,"Jönköpings län"
55110,Jönköping,,,,"Jönköpings län"
55111,Jönköping,,,,"Jönköpings län"
55112,Jönköping,,,,"Jönköpings län"
55113,Jönköping,,,,"Jönköpings län"
55114,Jönköping,,,,"Jönköpings län"
55115,Jönköping,,,,"Jönköpings län"
55116,Jönköping,,,,"Jönköpings län"
55117,Jönköping,,,,"Jönköpings län"
55118,Jönköping,,,,"Jönköpings län"
55119,Jönköping,,,,"Jönköpings län"
55120,Jönköping,,,,"Jönköpings län"
55121,Jönköping,,,,"Jönköpings län"
55122,Jönköping,,,,"Jönköpings län"
55123,Jönköping,,,,"Jönköpings län"
55126,Jönköping,,,,"Jönköpings län"
55127,Jönköping,,,,"Jönköpings län"
55140,Jönköping,,,,"Jönköpings län"
55180,Jönköping,,,,"Jönköpings län"
55181,Jönköping,,,,"Jönköpings län"
55182,Jönköping,,,,"Jönköpings län"
55183,Jönköping,,,,"Jönköpings län"
55184,Jönköping,,,,"Jönköpings län"
55185,Jönköping,,,,"Jönköpings län"
55186,Jönköping,,,,"Jönköpings län"
55189,Jönköping,,,,"Jönköpings län"
55190,Jönköping,,,,"Jönköpings län"
55191,Jönköping,,,,"Jönköpings län"
55192,Jönköping,,,,"Jönköpings län"
55193,Jönköping,,,,"Jönköpings län"
55195,Jönköping,,,,"Jönköpings län"
55199,Jönköping,,,,"Jönköpings län"
55302,Jönköping,,,,"Jönköpings län"
55303,Jönköping,,,,"Jönköpings län"
55305,Jönköping,,,,"Jönköpings län"
55307,Jönköping,,,,"Jönköpings län"
55308,Jönköping,,,,"Jönköpings län"
55310,Jönköping,,,,"Jönköpings län"
55311,Jönköping,,,,"Jönköpings län"
55312,Jönköping,,,,"Jönköpings län"
55313,Jönköping,,,,"Jönköpings län"
55315,Jönköping,,,,"Jönköpings län"
55316,Jönköping,,,,"Jönköpings län"
55317,Jönköping,,,,"Jönköpings län"
55318,Jönköping,,,,"Jönköpings län"
55320,Jönköping,,,,"Jönköpings län"
55321,Jönköping,,,,"Jönköpings län"
55322,Jönköping,,,,"Jönköpings län"
55323,Jönköping,,,,"Jönköpings län"
55324,Jönköping,,,,"Jönköpings län"
55329,Jönköping,,,,"Jönköpings län"
55331,Jönköping,,,,"Jönköpings län"
55332,Jönköping,,,,"Jönköpings län"
55333,Jönköping,,,,"Jönköpings län"
55334,Jönköping,,,,"Jönköpings län"
55335,Jönköping,,,,"Jönköpings län"
55336,Jönköping,,,,"Jönköpings län"
55337,Jönköping,,,,"Jönköpings län"
55338,Jönköping,,,,"Jönköpings län"
55339,Jönköping,,,,"Jönköpings län"
55438,Jönköping,,,,"Jönköpings län"
55439,Jönköping,,,,"Jönköpings län"
55445,Jönköping,,,,"Jönköpings län"
55446,Jönköping,,,,"Jönköpings län"
55447,Jönköping,,,,"Jönköpings län"
55448,Jönköping,,,,"Jönköpings län"
55450,Jönköping,,,,"Jönköpings län"
55451,Jönköping,,,,"Jönköpings län"
55452,Jönköping,,,,"Jönköpings län"
55453,Jönköping,,,,"Jönköpings län"
55454,Jönköping,,,,"Jönköpings län"
55456,Jönköping,,,,"Jönköpings län"
55457,Jönköping,,,,"Jönköpings län"
55458,Jönköping,,,,"Jönköpings län"
55462,Jönköping,,,,"Jönköpings län"
55463,Jönköping,,,,"Jönköpings län"
55464,Jönköping,,,,"Jönköpings län"
55465,Jönköping,,,,"Jönköpings län"
55466,Jönköping,,,,"Jönköpings län"
55472,Jönköping,,,,"Jönköpings län"
55473,Jönköping,,,,"Jönköpings län"
55474,Jönköping,,,,"Jönköpings län"
55475,Jönköping,,,,"Jönköpings län"
55592,Jönköping,,,,"Jönköpings län"
55593,Jönköping,,,,"Jönköpings län"
55594,Jönköping,,,,"Jönköpings län"
55610,Jönköping,,,,"Jönköpings län"
55611,Jönköping,,,,"Jönköpings län"
55612,Jönköping,,,,"Jönköpings län"
55614,Jönköping,,,,"Jönköpings län"
55615,Jönköping,,,,"Jönköpings län"
55616,Jönköping,,,,"Jönköpings län"
55625,Jönköping,,,,"Jönköpings län"
55626,Jönköping,,,,"Jönköpings län"
55627,Jönköping,,,,"Jönköpings län"
55628,Jönköping,,,,"Jönköpings län"
55629,Jönköping,,,,"Jönköpings län"
55631,Jönköping,,,,"Jönköpings län"
55632,Jönköping,,,,"Jönköpings län"
55633,Jönköping,,,,"Jönköpings län"
55650,Jönköping,,,,"Jönköpings län"
55652,Jönköping,,,,"Jönköpings län"
56027,Tenhult,,,,"Jönköpings län"
56028,Lekeryd,,,,"Jönköpings län"
56034,Visingsö,,,,"Jönköpings län"
56101,Huskvarna,,,,"Jönköpings län"
56102,Huskvarna,,,,"Jönköpings län"
56104,Huskvarna,,,,"Jönköpings län"
56105,Huskvarna,,,,"Jönköpings län"
56106,Tenhult,,,,"Jönköpings län"
56121,Huskvarna,,,,"Jönköpings län"
56122,Huskvarna,,,,"Jönköpings län"
56123,Huskvarna,,,,"Jönköpings län"
56124,Huskvarna,,,,"Jönköpings län"
56125,Huskvarna,,,,"Jönköpings län"
56130,Huskvarna,,,,"Jönköpings län"
56131,Huskvarna,,,,"Jönköpings län"
56132,Huskvarna,,,,"Jönköpings län"
56133,Huskvarna,,,,"Jönköpings län"
56134,Huskvarna,,,,"Jönköpings län"
56135,Huskvarna,,,,"Jönköpings län"
56136,Huskvarna,,,,"Jönköpings län"
56138,Huskvarna,,,,"Jönköpings län"
56139,Huskvarna,,,,"Jönköpings län"
56140,Huskvarna,,,,"Jönköpings län"
56141,Huskvarna,,,,"Jönköpings län"
56142,Huskvarna,,,,"Jönköpings län"
56143,Huskvarna,,,,"Jönköpings län"
56144,Huskvarna,,,,"Jönköpings län"
56146,Huskvarna,,,,"Jönköpings län"
56148,Huskvarna,,,,"Jönköpings län"
56149,Huskvarna,,,,"Jönköpings län"
56150,Huskvarna,,,,"Jönköpings län"
56151,Huskvarna,,,,"Jönköpings län"
56160,Tenhult,,,,"Jönköpings län"
56161,Tenhult,,,,"Jönköpings län"
56162,Tenhult,,,,"Jönköpings län"
56163,Tenhult,,,,"Jönköpings län"
56182,Huskvarna,,,,"Jönköpings län"
56183,Huskvarna,,,,"Jönköpings län"
56184,Huskvarna,,,,"Jönköpings län"
56185,Huskvarna,,,,"Jönköpings län"
56191,Huskvarna,,,,"Jönköpings län"
56192,Huskvarna,,,,"Jönköpings län"
56193,Huskvarna,,,,"Jönköpings län"
56195,Lekeryd,,,,"Jönköpings län"
56196,Lekeryd,,,,"Jönköpings län"
56201,Norrahammar,,,,"Jönköpings län"
56202,Taberg,,,,"Jönköpings län"
56221,Norrahammar,,,,"Jönköpings län"
56222,Norrahammar,,,,"Jönköpings län"
56223,Norrahammar,,,,"Jönköpings län"
56224,Norrahammar,,,,"Jönköpings län"
56228,Norrahammar,,,,"Jönköpings län"
56230,Norrahammar,,,,"Jönköpings län"
56231,Norrahammar,,,,"Jönköpings län"
56232,Norrahammar,,,,"Jönköpings län"
56233,Norrahammar,,,,"Jönköpings län"
56240,Taberg,,,,"Jönköpings län"
56241,Taberg,,,,"Jönköpings län"
56242,Taberg,,,,"Jönköpings län"
56250,Månsarp,,,,"Jönköpings län"
56280,Norrahammar,,,,"Jönköpings län"
56291,Månsarp,,,,"Jönköpings län"
56301,Gränna,,,,"Jönköpings län"
56321,Gränna,,,,"Jönköpings län"
56322,Gränna,,,,"Jönköpings län"
56331,Gränna,,,,"Jönköpings län"
56332,Gränna,,,,"Jönköpings län"
56393,Gränna,,,,"Jönköpings län"
56394,Visingsö,,,,"Jönköpings län"
56421,Bankeryd,,,,"Jönköpings län"
56422,Bankeryd,,,,"Jönköpings län"
56423,Bankeryd,,,,"Jönköpings län"
56424,Bankeryd,,,,"Jönköpings län"
56428,Bankeryd,,,,"Jönköpings län"
56431,Bankeryd,,,,"Jönköpings län"
56432,Bankeryd,,,,"Jönköpings län"
56433,Bankeryd,,,,"Jönköpings län"
56434,Bankeryd,,,,"Jönköpings län"
56435,Bankeryd,,,,"Jönköpings län"
56436,Bankeryd,,,,"Jönköpings län"
56491,Bankeryd,,,,"Jönköpings län"
57021,Malmbäck,,,,"Jönköpings län"
57023,Anneberg,,,,"Jönköpings län"
57100,Nässjö,,,,"Jönköpings län"
57103,Forserum,,,,"Jönköpings län"
57106,Bodafors,,,,"Jönköpings län"
57110,Nässjö,,,,"Jönköpings län"
57119,Nässjö,,,,"Jönköpings län"
57121,Nässjö,,,,"Jönköpings län"
57122,Nässjö,,,,"Jönköpings län"
57123,Nässjö,,,,"Jönköpings län"
57124,Nässjö,,,,"Jönköpings län"
57125,Nässjö,,,,"Jönköpings län"
57129,Nässjö,,,,"Jönköpings län"
57131,Nässjö,,,,"Jönköpings län"
57132,Nässjö,,,,"Jönköpings län"
57133,Nässjö,,,,"Jönköpings län"
57134,Nässjö,,,,"Jönköpings län"
57135,Nässjö,,,,"Jönköpings län"
57136,Nässjö,,,,"Jönköpings län"
57137,Nässjö,,,,"Jönköpings län"
57138,Nässjö,,,,"Jönköpings län"
57139,Nässjö,,,,"Jönköpings län"
57140,Nässjö,,,,"Jönköpings län"
57141,Nässjö,,,,"Jönköpings län"
57142,Nässjö,,,,"Jönköpings län"
57143,Nässjö,,,,"Jönköpings län"
57161,Bodafors,,,,"Jönköpings län"
57162,Bodafors,,,,"Jönköpings län"
57163,Bodafors,,,,"Jönköpings län"
57164,Sandsjöfors,,,,"Jönköpings län"
57165,Grimstorp,,,,"Jönköpings län"
57166,Bodafors,,,,"Jönköpings län"
57167,Bodafors,,,,"Jönköpings län"
57168,Malmbäck,,,,"Jönköpings län"
57169,Malmbäck,,,,"Jönköpings län"
57171,Anneberg,,,,"Jönköpings län"
57172,Ormaryd,,,,"Jönköpings län"
57173,Stensjön,,,,"Jönköpings län"
57174,Äng,,,,"Jönköpings län"
57175,Fredriksdal,,,,"Jönköpings län"
57176,Solberga,,,,"Jönköpings län"
57177,Forserum,,,,"Jönköpings län"
57178,Forserum,,,,"Jönköpings län"
57180,Nässjö,,,,"Jönköpings län"
57181,Nässjö,,,,"Jönköpings län"
57182,Nässjö,,,,"Jönköpings län"
57183,Nässjö,,,,"Jönköpings län"
57185,Nässjö,,,,"Jönköpings län"
57188,Nässjö,,,,"Jönköpings län"
57191,Nässjö,,,,"Jönköpings län"
57192,Nässjö,,,,"Jönköpings län"
57193,Nässjö,,,,"Jönköpings län"
57194,Nässjö,,,,"Jönköpings län"
57195,Nässjö,,,,"Jönköpings län"
57197,Forserum,,,,"Jönköpings län"
57875,Flisby,,,,"Jönköpings län"
57895,Flisby,,,,"Jönköpings län"
33010,Bredaryd,,,,"Jönköpings län"
33012,Forsheda,,,,"Jönköpings län"
33015,Bor,,,,"Jönköpings län"
33018,Horda,,,,"Jönköpings län"
33031,Kulltorp,,,,"Jönköpings län"
33101,Värnamo,,,,"Jönköpings län"
33102,Värnamo,,,,"Jönköpings län"
33103,Forsheda,,,,"Jönköpings län"
33121,Värnamo,,,,"Jönköpings län"
33122,Värnamo,,,,"Jönköpings län"
33123,Värnamo,,,,"Jönköpings län"
33124,Värnamo,,,,"Jönköpings län"
33125,Värnamo,,,,"Jönköpings län"
33126,Värnamo,,,,"Jönköpings län"
33127,Värnamo,,,,"Jönköpings län"
33129,Värnamo,,,,"Jönköpings län"
33130,Värnamo,,,,"Jönköpings län"
33131,Värnamo,,,,"Jönköpings län"
33132,Värnamo,,,,"Jönköpings län"
33133,Värnamo,,,,"Jönköpings län"
33134,Värnamo,,,,"Jönköpings län"
33135,Värnamo,,,,"Jönköpings län"
33136,Värnamo,,,,"Jönköpings län"
33137,Värnamo,,,,"Jönköpings län"
33140,Värnamo,,,,"Jönköpings län"
33141,Värnamo,,,,"Jönköpings län"
33142,Värnamo,,,,"Jönköpings län"
33143,Värnamo,,,,"Jönköpings län"
33144,Värnamo,,,,"Jönköpings län"
33150,Värnamo,,,,"Jönköpings län"
33151,Värnamo,,,,"Jönköpings län"
33152,Värnamo,,,,"Jönköpings län"
33153,Värnamo,,,,"Jönköpings län"
33154,Värnamo,,,,"Jönköpings län"
33155,Värnamo,,,,"Jönköpings län"
33156,Värnamo,,,,"Jönköpings län"
33171,Forsheda,,,,"Jönköpings län"
33172,Forsheda,,,,"Jönköpings län"
33173,Bor,,,,"Jönköpings län"
33174,Bor,,,,"Jönköpings län"
33179,Horda,,,,"Jönköpings län"
33181,Värnamo,,,,"Jönköpings län"
33182,Värnamo,,,,"Jönköpings län"
33183,Värnamo,,,,"Jönköpings län"
33184,Värnamo,,,,"Jönköpings län"
33185,Värnamo,,,,"Jönköpings län"
33191,Värnamo,,,,"Jönköpings län"
33192,Värnamo,,,,"Jönköpings län"
33193,Värnamo,,,,"Jönköpings län"
33194,Värnamo,,,,"Jönköpings län"
33195,Värnamo,,,,"Jönköpings län"
33196,Värnamo,,,,"Jönköpings län"
33197,Värnamo,,,,"Jönköpings län"
33198,Värnamo,,,,"Jönköpings län"
33302,Bredaryd,,,,"Jönköpings län"
33371,Bredaryd,,,,"Jönköpings län"
33372,Bredaryd,,,,"Jönköpings län"
33373,Bredaryd,,,,"Jönköpings län"
33374,Bredaryd,,,,"Jönköpings län"
33596,Kulltorp,,,,"Jönköpings län"
56892,Skillingaryd,,,,"Jönköpings län"
56013,Hok,,,,"Jönköpings län"
56793,Hok,,,,"Jönköpings län"
57001,Rörvik,,,,"Jönköpings län"
57002,Stockaryd,,,,"Jönköpings län"
57003,Vrigstad,,,,"Jönköpings län"
57601,Sävsjö,,,,"Jönköpings län"
57602,Vrigstad,,,,"Jönköpings län"
57621,Sävsjö,,,,"Jönköpings län"
57622,Sävsjö,,,,"Jönköpings län"
57623,Sävsjö,,,,"Jönköpings län"
57624,Sävsjö,,,,"Jönköpings län"
57625,Sävsjö,,,,"Jönköpings län"
57631,Sävsjö,,,,"Jönköpings län"
57632,Sävsjö,,,,"Jönköpings län"
57633,Sävsjö,,,,"Jönköpings län"
57635,Sävsjö,,,,"Jönköpings län"
57636,Sävsjö,,,,"Jönköpings län"
57680,Sävsjö,,,,"Jönköpings län"
57691,Sävsjö,,,,"Jönköpings län"
57692,Sävsjö,,,,"Jönköpings län"
57693,Rörvik,,,,"Jönköpings län"
57694,Stockaryd,,,,"Jönköpings län"
57695,Stockaryd,,,,"Jönköpings län"
57696,Vrigstad,,,,"Jönköpings län"
57697,Vrigstad,,,,"Jönköpings län"
57013,Myresjö,,,,"Jönköpings län"
57015,Holsbybrunn,,,,"Jönköpings län"
57019,Pauliström,,,,"Jönköpings län"
57400,Vetlanda,,,,"Jönköpings län"
57402,Ekenässjön,,,,"Jönköpings län"
57421,Vetlanda,,,,"Jönköpings län"
57422,Vetlanda,,,,"Jönköpings län"
57423,Vetlanda,,,,"Jönköpings län"
57428,Vetlanda,,,,"Jönköpings län"
57431,Vetlanda,,,,"Jönköpings län"
57432,Vetlanda,,,,"Jönköpings län"
57433,Vetlanda,,,,"Jönköpings län"
57434,Vetlanda,,,,"Jönköpings län"
57435,Vetlanda,,,,"Jönköpings län"
57436,Vetlanda,,,,"Jönköpings län"
57437,Vetlanda,,,,"Jönköpings län"
57438,Vetlanda,,,,"Jönköpings län"
57439,Vetlanda,,,,"Jönköpings län"
57440,Vetlanda,,,,"Jönköpings län"
57441,Vetlanda,,,,"Jönköpings län"
57443,Vetlanda,,,,"Jönköpings län"
57450,Ekenässjön,,,,"Jönköpings län"
57453,Holsbybrunn,,,,"Jönköpings län"
57454,Holsbybrunn,,,,"Jönköpings län"
57455,kvillsfors,,,,"Jönköpings län"
57471,Myresjö,,,,"Jönköpings län"
57474,Ramkvilla,,,,"Jönköpings län"
57480,Vetlanda,,,,"Jönköpings län"
57481,Vetlanda,,,,"Jönköpings län"
57485,Vetlanda,,,,"Jönköpings län"
57491,Vetlanda,,,,"Jönköpings län"
57492,Vetlanda,,,,"Jönköpings län"
57493,Vetlanda,,,,"Jönköpings län"
57494,Vetlanda,,,,"Jönköpings län"
57495,Björköby,,,,"Jönköpings län"
57496,Vetlanda,,,,"Jönköpings län"
57497,Vetlanda,,,,"Jönköpings län"
57498,Nye,,,,"Jönköpings län"
57799,Pauliström,,,,"Jönköpings län"
57031,Ingatorp,,,,"Jönköpings län"
57032,Hjältevad,,,,"Jönköpings län"
57033,Mariannelund,,,,"Jönköpings län"
57034,Bruzaholm,,,,"Jönköpings län"
57501,Eksjö,,,,"Jönköpings län"
57521,Eksjö,,,,"Jönköpings län"
57522,Eksjö,,,,"Jönköpings län"
57523,Eksjö,,,,"Jönköpings län"
57528,Eksjö,,,,"Jönköpings län"
57531,Eksjö,,,,"Jönköpings län"
57532,Eksjö,,,,"Jönköpings län"
57533,Eksjö,,,,"Jönköpings län"
57534,Eksjö,,,,"Jönköpings län"
57535,Eksjö,,,,"Jönköpings län"
57536,Eksjö,,,,"Jönköpings län"
57537,Eksjö,,,,"Jönköpings län"
57538,Eksjö,,,,"Jönköpings län"
57539,Eksjö,,,,"Jönköpings län"
57580,Eksjö,,,,"Jönköpings län"
57581,Eksjö,,,,"Jönköpings län"
57582,Eksjö,,,,"Jönköpings län"
57591,Eksjö,,,,"Jönköpings län"
57592,Hult,,,,"Jönköpings län"
57593,Eksjö,,,,"Jönköpings län"
57594,Eksjö,,,,"Jönköpings län"
57595,Eksjö,,,,"Jönköpings län"
57596,Eksjö,,,,"Jönköpings län"
57597,Ingatorp,,,,"Jönköpings län"
57598,Hjältevad,,,,"Jönköpings län"
57599,Bruzaholm,,,,"Jönköpings län"
56391,Gränna,,,,"Jönköpings län"
56392,Gränna,,,,"Jönköpings län"
57300,Tranås,,,,"Jönköpings län"
57302,Sommen,,,,"Jönköpings län"
57321,Tranås,,,,"Jönköpings län"
57322,Tranås,,,,"Jönköpings län"
57323,Tranås,,,,"Jönköpings län"
57324,Tranås,,,,"Jönköpings län"
57325,Tranås,,,,"Jönköpings län"
57326,Tranås,,,,"Jönköpings län"
57328,Tranås,,,,"Jönköpings län"
57329,Tranås,,,,"Jönköpings län"
57331,Tranås,,,,"Jönköpings län"
57332,Tranås,,,,"Jönköpings län"
57333,Tranås,,,,"Jönköpings län"
57334,Tranås,,,,"Jönköpings län"
57335,Tranås,,,,"Jönköpings län"
57336,Tranås,,,,"Jönköpings län"
57337,Tranås,,,,"Jönköpings län"
57338,Tranås,,,,"Jönköpings län"
57339,Tranås,,,,"Jönköpings län"
57340,Tranås,,,,"Jönköpings län"
57341,Tranås,,,,"Jönköpings län"
57342,Tranås,,,,"Jönköpings län"
57343,Tranås,,,,"Jönköpings län"
57361,Sommen,,,,"Jönköpings län"
57374,Ydre,,,,"Jönköpings län"
57375,Ydre,,,,"Jönköpings län"
57376,Ydre,,,,"Jönköpings län"
57377,Ydre,,,,"Jönköpings län"
57382,Tranås,,,,"Jönköpings län"
57383,Tranås,,,,"Jönköpings län"
57391,Tranås,,,,"Jönköpings län"
57392,Tranås,,,,"Jönköpings län"
57393,Tranås,,,,"Jönköpings län"
57394,Tranås,,,,"Jönköpings län"
57395,Tranås,,,,"Jönköpings län"
57396,Tranås,,,,"Jönköpings län"
57397,Tranås,,,,"Jönköpings län"
57398,Tranås,,,,"Jönköpings län"
57399,Tranås,,,,"Jönköpings län"
33120,Värnamo,,,,"Jönköpings län"
33220,Gislaved,,,,"Jönköpings län"
33320,Smålandsstenar,,,,"Jönköpings län"
33420,Anderstorp,,,,"Jönköpings län"
33520,Gnosjö,,,,"Jönköpings län"
55130,Jönköping,,,,"Jönköpings län"
55300,Jönköping,,,,"Jönköpings län"
55309,Jönköping,,,,"Jönköpings län"
55314,Jönköping,,,,"Jönköpings län"
55330,Jönköping,,,,"Jönköpings län"
55400,Jönköping,,,,"Jönköpings län"
55449,Jönköping,,,,"Jönköpings län"
55459,Jönköping,,,,"Jönköpings län"
55600,Jönköping,,,,"Jönköpings län"
55800,Jönköping,,,,"Jönköpings län"
55810,Jönköping,,,,"Jönköpings län"
56120,Huskvarna,,,,"Jönköpings län"
56220,Norrahammar,,,,"Jönköpings län"
56320,Gränna,,,,"Jönköpings län"
56420,Bankeryd,,,,"Jönköpings län"
56520,Mullsjö,,,,"Jönköpings län"
56618,Habo,,,,"Jönköpings län"
56620,Habo,,,,"Jönköpings län"
56635,Habo,,,,"Jönköpings län"
56720,Vaggeryd,,,,"Jönköpings län"
56820,Skillingaryd,,,,"Jönköpings län"
57120,Nässjö,,,,"Jönköpings län"
57320,Tranås,,,,"Jönköpings län"
57420,Vetlanda,,,,"Jönköpings län"
57520,Eksjö,,,,"Jönköpings län"
57620,Sävsjö,,,,"Jönköpings län"
57820,Aneby,,,,"Jönköpings län"
36070,Åseda,,,,"Kronobergs län"
36072,Klavreström,,,,"Kronobergs län"
36074,Sävsjöström,,,,"Kronobergs län"
36075,Alstermo,,,,"Kronobergs län"
36076,Älghult,,,,"Kronobergs län"
36421,Åseda,,,,"Kronobergs län"
36430,Åseda,,,,"Kronobergs län"
36431,Åseda,,,,"Kronobergs län"
36433,Åseda,,,,"Kronobergs län"
36443,Alstermo,,,,"Kronobergs län"
36445,Klavreström,,,,"Kronobergs län"
36493,Alstermo,,,,"Kronobergs län"
36495,Älghult,,,,"Kronobergs län"
36496,Sävsjöström,,,,"Kronobergs län"
57010,Korsberga,,,,"Kronobergs län"
57442,VETLANDA,,,,"Kronobergs län"
57475,Korsberga,,,,"Kronobergs län"
57476,Korsberga,,,,"Kronobergs län"
36050,Lessebo,,,,"Kronobergs län"
36531,Lessebo,,,,"Kronobergs län"
36532,Lessebo,,,,"Kronobergs län"
36533,Lessebo,,,,"Kronobergs län"
36591,Lessebo,,,,"Kronobergs län"
36013,Urshult,,,,"Kronobergs län"
36200,Tingsryd,,,,"Kronobergs län"
36201,Tingsryd,,,,"Kronobergs län"
36221,Tingsryd,,,,"Kronobergs län"
36222,Tingsryd,,,,"Kronobergs län"
36223,Tingsryd,,,,"Kronobergs län"
36230,Tingsryd,,,,"Kronobergs län"
36231,Tingsryd,,,,"Kronobergs län"
36232,Tingsryd,,,,"Kronobergs län"
36240,Konga,,,,"Kronobergs län"
36254,Urshult,,,,"Kronobergs län"
36291,Tingsryd,,,,"Kronobergs län"
36292,Tingsryd,,,,"Kronobergs län"
36293,Tingsryd,,,,"Kronobergs län"
36294,Tingsryd,,,,"Kronobergs län"
36295,Urshult,,,,"Kronobergs län"
33017,Rydaholm,,,,"Kronobergs län"
33104,Rydaholm,,,,"Kronobergs län"
33176,Rydaholm,,,,"Kronobergs län"
33177,Rydaholm,,,,"Kronobergs län"
34037,Torpsbruk,,,,"Kronobergs län"
34200,Alvesta,,,,"Kronobergs län"
34201,Alvesta,,,,"Kronobergs län"
34210,Alvesta,,,,"Kronobergs län"
34211,Alvesta,,,,"Kronobergs län"
34221,Alvesta,,,,"Kronobergs län"
34222,Alvesta,,,,"Kronobergs län"
34223,Alvesta,,,,"Kronobergs län"
34230,Alvesta,,,,"Kronobergs län"
34231,Alvesta,,,,"Kronobergs län"
34232,Alvesta,,,,"Kronobergs län"
34233,Alvesta,,,,"Kronobergs län"
34234,Alvesta,,,,"Kronobergs län"
34235,Alvesta,,,,"Kronobergs län"
34236,Alvesta,,,,"Kronobergs län"
34265,Torpsbruk,,,,"Kronobergs län"
34280,Alvesta,,,,"Kronobergs län"
34290,Alvesta,,,,"Kronobergs län"
34291,Alvesta,,,,"Kronobergs län"
34292,Alvesta,,,,"Kronobergs län"
34293,Hjortsberga,,,,"Kronobergs län"
34294,Alvesta,,,,"Kronobergs län"
34295,Alvesta,,,,"Kronobergs län"
34301,Älmhult,,,,"Kronobergs län"
34321,Älmhult,,,,"Kronobergs län"
34322,Älmhult,,,,"Kronobergs län"
34323,Älmhult,,,,"Kronobergs län"
34324,Älmhult,,,,"Kronobergs län"
34330,Älmhult,,,,"Kronobergs län"
34331,Älmhult,,,,"Kronobergs län"
34332,Älmhult,,,,"Kronobergs län"
34333,älmhult,,,,"Kronobergs län"
34334,Älmhult,,,,"Kronobergs län"
34335,Älmhult,,,,"Kronobergs län"
34336,Älmhult,,,,"Kronobergs län"
34337,Älmhult,,,,"Kronobergs län"
34338,älmhult,,,,"Kronobergs län"
34371,Diö,,,,"Kronobergs län"
34372,Eneryda,,,,"Kronobergs län"
34373,Virestad,,,,"Kronobergs län"
34374,Liatorp,,,,"Kronobergs län"
34375,Diö,,,,"Kronobergs län"
34376,Liatorp,,,,"Kronobergs län"
34381,Älmhult,,,,"Kronobergs län"
34382,Älmhult,,,,"Kronobergs län"
34390,Älmhult,,,,"Kronobergs län"
34391,Älmhult,,,,"Kronobergs län"
34392,Häradsbäck,,,,"Kronobergs län"
34393,Älmhult,,,,"Kronobergs län"
34394,Älmhult,,,,"Kronobergs län"
34395,Älmhult,,,,"Kronobergs län"
34396,Hallaryd,,,,"Kronobergs län"
34397,Älmhult,,,,"Kronobergs län"
28501,Markaryd,,,,"Kronobergs län"
28521,Markaryd,,,,"Kronobergs län"
28522,Markaryd,,,,"Kronobergs län"
28523,Markaryd,,,,"Kronobergs län"
28524,Markaryd,,,,"Kronobergs län"
28531,Markaryd,,,,"Kronobergs län"
28532,Markaryd,,,,"Kronobergs län"
28533,Markaryd,,,,"Kronobergs län"
28534,Markaryd,,,,"Kronobergs län"
28535,Markaryd,,,,"Kronobergs län"
28536,Markaryd,,,,"Kronobergs län"
28537,Markaryd,,,,"Kronobergs län"
28538,Markaryd,,,,"Kronobergs län"
28539,Markaryd,,,,"Kronobergs län"
28540,Markaryd,,,,"Kronobergs län"
28591,Markaryd,,,,"Kronobergs län"
28593,Markaryd,,,,"Kronobergs län"
28702,Traryd,,,,"Kronobergs län"
28721,Strömsnäsbruk,,,,"Kronobergs län"
28722,Strömsnäsbruk,,,,"Kronobergs län"
28724,Strömsnäsbruk,,,,"Kronobergs län"
28731,Strömsnäsbruk,,,,"Kronobergs län"
28732,Strömsnäsbruk,,,,"Kronobergs län"
28733,Strömsnäsbruk,,,,"Kronobergs län"
28734,Strömsnäsbruk,,,,"Kronobergs län"
28772,Traryd,,,,"Kronobergs län"
28781,Strömsnäsbruk,,,,"Kronobergs län"
28791,Strömsnäsbruk,,,,"Kronobergs län"
34030,Vislanda,,,,"Kronobergs län"
34032,Grimslöv,,,,"Kronobergs län"
34036,Moheda,,,,"Kronobergs län"
34253,Lönashult,,,,"Kronobergs län"
34254,Grimslöv,,,,"Kronobergs län"
34255,Grimslöv,,,,"Kronobergs län"
34264,Ör,,,,"Kronobergs län"
35002,Växjö,,,,"Kronobergs län"
35003,Växjö,,,,"Kronobergs län"
35004,Växjö,,,,"Kronobergs län"
35005,Växjö,,,,"Kronobergs län"
35006,Växjö,,,,"Kronobergs län"
35007,Växjö,,,,"Kronobergs län"
35008,Växjö,,,,"Kronobergs län"
35033,Växjö,,,,"Kronobergs län"
35043,Växjö,,,,"Kronobergs län"
35053,Växjö,,,,"Kronobergs län"
35101,Växjö,,,,"Kronobergs län"
35102,Växjö,,,,"Kronobergs län"
35103,Växjö,,,,"Kronobergs län"
35104,Växjö,,,,"Kronobergs län"
35105,Växjö,,,,"Kronobergs län"
35106,Växjö,,,,"Kronobergs län"
35108,Växjö,,,,"Kronobergs län"
35112,Växjö,,,,"Kronobergs län"
35115,Växjö,,,,"Kronobergs län"
35121,Växjö,,,,"Kronobergs län"
35123,Växjö,,,,"Kronobergs län"
35124,Växjö,,,,"Kronobergs län"
35125,Växjö,,,,"Kronobergs län"
35126,Växjö,,,,"Kronobergs län"
35127,Växjö,,,,"Kronobergs län"
35128,Växjö,,,,"Kronobergs län"
35129,Växjö,,,,"Kronobergs län"
35170,Växjö,,,,"Kronobergs län"
35180,Växjö,,,,"Kronobergs län"
35181,Växjö,,,,"Kronobergs län"
35182,Växjö,,,,"Kronobergs län"
35184,Växjö,,,,"Kronobergs län"
35185,Växjö,,,,"Kronobergs län"
35186,Växjö,,,,"Kronobergs län"
35188,Växjö,,,,"Kronobergs län"
35189,Växjö,,,,"Kronobergs län"
35194,Växjö,,,,"Kronobergs län"
35195,Växjö,,,,"Kronobergs län"
35196,Växjö,,,,"Kronobergs län"
35197,Växjö,,,,"Kronobergs län"
35220,Växjö,,,,"Kronobergs län"
35221,Växjö,,,,"Kronobergs län"
35222,Växjö,,,,"Kronobergs län"
35223,Växjö,,,,"Kronobergs län"
35226,Vaxjö,,,,"Kronobergs län"
35229,Växjö,,,,"Kronobergs län"
35230,Växjö,,,,"Kronobergs län"
35231,Växjö,,,,"Kronobergs län"
35232,Växjö,,,,"Kronobergs län"
35233,Växjö,,,,"Kronobergs län"
35234,Växjö,,,,"Kronobergs län"
35235,Växjö,,,,"Kronobergs län"
35236,Växjö,,,,"Kronobergs län"
35237,Växjö,,,,"Kronobergs län"
35238,Växjö,,,,"Kronobergs län"
35239,Växjö,,,,"Kronobergs län"
35240,Växjö,,,,"Kronobergs län"
35241,Växjö,,,,"Kronobergs län"
35242,Växjö,,,,"Kronobergs län"
35243,Växjö,,,,"Kronobergs län"
35244,Växjö,,,,"Kronobergs län"
35245,Växjö,,,,"Kronobergs län"
35246,Växjö,,,,"Kronobergs län"
35247,Växjö,,,,"Kronobergs län"
35248,Växjö,,,,"Kronobergs län"
35249,Växjö,,,,"Kronobergs län"
35250,Växjö,,,,"Kronobergs län"
35251,Växjö,,,,"Kronobergs län"
35252,Växjö,,,,"Kronobergs län"
35253,Växjö,,,,"Kronobergs län"
35254,Växjö,,,,"Kronobergs län"
35255,Växjö,,,,"Kronobergs län"
35256,Växjö,,,,"Kronobergs län"
35257,Växjö,,,,"Kronobergs län"
35258,Växjö,,,,"Kronobergs län"
35260,Växjö,,,,"Kronobergs län"
35261,Växjö,,,,"Kronobergs län"
35262,Växjö,,,,"Kronobergs län"
35263,Växjö,,,,"Kronobergs län"
35264,Växjö,,,,"Kronobergs län"
35265,Växjö,,,,"Kronobergs län"
35266,Växjö,,,,"Kronobergs län"
35270,Växjö,,,,"Kronobergs län"
35271,Växjö,,,,"Kronobergs län"
35272,Växjö,,,,"Kronobergs län"
35273,Växjö,,,,"Kronobergs län"
35274,Vaxjö,,,,"Kronobergs län"
35571,Ingelstad,,,,"Kronobergs län"
35572,Ingelstad,,,,"Kronobergs län"
35573,Gemla,,,,"Kronobergs län"
35574,"Värends Nöbbele",,,,"Kronobergs län"
35575,Åryd,,,,"Kronobergs län"
35591,Växjö,,,,"Kronobergs län"
35592,Växjö,,,,"Kronobergs län"
35593,Växjö,,,,"Kronobergs län"
35594,Vederslöv,,,,"Kronobergs län"
35595,Tävelsås,,,,"Kronobergs län"
35596,Kalvsvik,,,,"Kronobergs län"
35597,Växjö,,,,"Kronobergs län"
35598,Ingelstad,,,,"Kronobergs län"
35599,Gemla,,,,"Kronobergs län"
35930,Växjö,,,,"Kronobergs län"
35940,Växjö,,,,"Kronobergs län"
35970,Växjö,,,,"Kronobergs län"
35999,Växjö,,,,"Kronobergs län"
36014,Väckelsång,,,,"Kronobergs län"
36024,Linneryd,,,,"Kronobergs län"
36030,Lammhult,,,,"Kronobergs län"
36032,Gemla,,,,"Kronobergs län"
36040,Rottne,,,,"Kronobergs län"
36042,Braås,,,,"Kronobergs län"
36043,Åryd,,,,"Kronobergs län"
36044,Ingelstad,,,,"Kronobergs län"
36047,"Värends Nöbbele",,,,"Kronobergs län"
36051,Hovmantorp,,,,"Kronobergs län"
36071,Norrhult,,,,"Kronobergs län"
36073,Lenhovda,,,,"Kronobergs län"
36250,Väckelsång,,,,"Kronobergs län"
36251,Väckelsång,,,,"Kronobergs län"
36258,Linneryd,,,,"Kronobergs län"
36297,Linneryd,,,,"Kronobergs län"
36303,Lammhult,,,,"Kronobergs län"
36321,Rottne,,,,"Kronobergs län"
36330,Rottne,,,,"Kronobergs län"
36331,Rottne,,,,"Kronobergs län"
36333,Rottne,,,,"Kronobergs län"
36334,Tjureda,,,,"Kronobergs län"
36335,Tolg,,,,"Kronobergs län"
36341,Braås,,,,"Kronobergs län"
36342,Braås,,,,"Kronobergs län"
36344,Lammhult,,,,"Kronobergs län"
36345,Lammhult,,,,"Kronobergs län"
36391,Braås,,,,"Kronobergs län"
36392,Lammhult,,,,"Kronobergs län"
36393,Lammhult,,,,"Kronobergs län"
36394,Lammhult,,,,"Kronobergs län"
36403,Lenhovda,,,,"Kronobergs län"
36404,Norrhult,,,,"Kronobergs län"
36441,Lenhovda,,,,"Kronobergs län"
36442,Lenhovda,,,,"Kronobergs län"
36444,Norrhult,,,,"Kronobergs län"
36491,Lenhovda,,,,"Kronobergs län"
36492,Lenhovda,,,,"Kronobergs län"
36541,Hovmantorp,,,,"Kronobergs län"
36542,Hovmantorp,,,,"Kronobergs län"
36592,Hovmantorp,,,,"Kronobergs län"
36593,Furuby,,,,"Kronobergs län"
57012,Landsbro,,,,"Kronobergs län"
57403,Landsbro,,,,"Kronobergs län"
57472,Landsbro,,,,"Kronobergs län"
57473,Landsbro,,,,"Kronobergs län"
28792,Traryd,,,,"Kronobergs län"
28793,Strömsnäsbruk,,,,"Kronobergs län"
34012,Annerstad,,,,"Kronobergs län"
34013,Hamneda,,,,"Kronobergs län"
34014,Lagan,,,,"Kronobergs län"
34015,Vittaryd,,,,"Kronobergs län"
34101,Ljungby,,,,"Kronobergs län"
34102,Lagan,,,,"Kronobergs län"
34117,Lagan,,,,"Kronobergs län"
34118,Ljungby,,,,"Kronobergs län"
34121,Ljungby,,,,"Kronobergs län"
34122,Ljungby,,,,"Kronobergs län"
34123,Ljungby,,,,"Kronobergs län"
34124,Ljungby,,,,"Kronobergs län"
34125,Ljungby,,,,"Kronobergs län"
34126,Ljungby,,,,"Kronobergs län"
34130,Ljungby,,,,"Kronobergs län"
34131,Ljungby,,,,"Kronobergs län"
34132,Ljungby,,,,"Kronobergs län"
34133,Ljungby,,,,"Kronobergs län"
34134,Ljungby,,,,"Kronobergs län"
34135,Ljungby,,,,"Kronobergs län"
34136,Ljungby,,,,"Kronobergs län"
34137,Ljungby,,,,"Kronobergs län"
34138,Ljungby,,,,"Kronobergs län"
34139,Ljungby,,,,"Kronobergs län"
34141,Ljungby,,,,"Kronobergs län"
34142,Ljungby,,,,"Kronobergs län"
34144,Ljungby,,,,"Kronobergs län"
34150,Lagan,,,,"Kronobergs län"
34151,Lagan,,,,"Kronobergs län"
34152,Lagan,,,,"Kronobergs län"
34155,Vittaryd,,,,"Kronobergs län"
34160,Ljungby,,,,"Kronobergs län"
34170,Ljungby,,,,"Kronobergs län"
34174,Annerstad,,,,"Kronobergs län"
34175,Hamneda,,,,"Kronobergs län"
34176,Ryssby,,,,"Kronobergs län"
34177,Agunnaryd,,,,"Kronobergs län"
34180,Ljungby,,,,"Kronobergs län"
34181,Ljungby,,,,"Kronobergs län"
34182,Ljungby,,,,"Kronobergs län"
34183,Ljungby,,,,"Kronobergs län"
34184,Ljungby,,,,"Kronobergs län"
34191,Ljungby,,,,"Kronobergs län"
34193,Bolmsö,,,,"Kronobergs län"
34194,Ljungby,,,,"Kronobergs län"
34195,Ljungby,,,,"Kronobergs län"
34196,Ljungby,,,,"Kronobergs län"
28520,Markaryd,,,,"Kronobergs län"
34104,Ljungby,,,,"Kronobergs län"
34105,Ljungby,,,,"Kronobergs län"
34106,Ljungby,,,,"Kronobergs län"
34107,Ljungby,,,,"Kronobergs län"
34108,Ljungby,,,,"Kronobergs län"
34109,Ljungby,,,,"Kronobergs län"
34110,Ljungby,,,,"Kronobergs län"
34111,Ljungby,,,,"Kronobergs län"
34112,Ljungby,,,,"Kronobergs län"
34114,Ljungby,,,,"Kronobergs län"
34116,Ljungby,,,,"Kronobergs län"
34120,Ljungby,,,,"Kronobergs län"
34140,Ljungby,,,,"Kronobergs län"
34143,Ljungby,,,,"Kronobergs län"
34185,Ljungby,,,,"Kronobergs län"
34205,Vislanda,,,,"Kronobergs län"
34206,Moheda,,,,"Kronobergs län"
34220,Alvesta,,,,"Kronobergs län"
34250,Vislanda,,,,"Kronobergs län"
34251,Vislanda,,,,"Kronobergs län"
34252,Vislanda,,,,"Kronobergs län"
34260,Moheda,,,,"Kronobergs län"
34261,Moheda,,,,"Kronobergs län"
34262,Moheda,,,,"Kronobergs län"
34263,Moheda,,,,"Kronobergs län"
34320,Älmhult,,,,"Kronobergs län"
35183,Växjö,,,,"Kronobergs län"
35187,Växjö,,,,"Kronobergs län"
35259,Växjö,,,,"Kronobergs län"
35801,Växjö,,,,"Kronobergs län"
35803,Växjö,,,,"Kronobergs län"
35810,Växjö,,,,"Kronobergs län"
35811,Växjö,,,,"Kronobergs län"
35812,Växjö,,,,"Kronobergs län"
36220,Tingsryd,,,,"Kronobergs län"
36252,JÄT,,,,"Kronobergs län"
36253,Uråsa,,,,"Kronobergs län"
57072,Fagerhult,,,,"Kalmar län"
57075,Fågelfors,,,,"Kalmar län"
57900,Högsby,,,,"Kalmar län"
57902,Berga,,,,"Kalmar län"
57921,Högsby,,,,"Kalmar län"
57922,Högsby,,,,"Kalmar län"
57923,Högsby,,,,"Kalmar län"
57930,Högsby,,,,"Kalmar län"
57931,Högsby,,,,"Kalmar län"
57932,Högsby,,,,"Kalmar län"
57933,Högsby,,,,"Kalmar län"
57940,Berga,,,,"Kalmar län"
57972,Fågelfors,,,,"Kalmar län"
57980,Högsby,,,,"Kalmar län"
57992,Högsby,,,,"Kalmar län"
57994,Fagerhult,,,,"Kalmar län"
57996,Fågelfors,,,,"Kalmar län"
38501,Torsås,,,,"Kalmar län"
38502,Bergkvara,,,,"Kalmar län"
38503,Söderåkra,,,,"Kalmar län"
38521,Torsås,,,,"Kalmar län"
38522,Torsås,,,,"Kalmar län"
38525,Torsås,,,,"Kalmar län"
38530,Torsås,,,,"Kalmar län"
38531,Torsås,,,,"Kalmar län"
38532,Torsås,,,,"Kalmar län"
38533,Torsås,,,,"Kalmar län"
38534,Torsås,,,,"Kalmar län"
38540,Bergkvara,,,,"Kalmar län"
38541,Bergkvara,,,,"Kalmar län"
38542,Bergkvara,,,,"Kalmar län"
38550,Söderåkra,,,,"Kalmar län"
38551,Söderåkra,,,,"Kalmar län"
38590,Söderåkra,,,,"Kalmar län"
38591,Torsås,,,,"Kalmar län"
38592,Gullabo,,,,"Kalmar län"
38593,Torsås,,,,"Kalmar län"
38594,Bergkvara,,,,"Kalmar län"
38595,Torsås,,,,"Kalmar län"
38598,Bergkvara,,,,"Kalmar län"
38599,Torsås,,,,"Kalmar län"
38062,Mörbylånga,,,,"Kalmar län"
38065,Degerhamn,,,,"Kalmar län"
38601,Färjestaden,,,,"Kalmar län"
38602,Mörbylånga,,,,"Kalmar län"
38621,Färjestaden,,,,"Kalmar län"
38622,Färjestaden,,,,"Kalmar län"
38623,Färjestaden,,,,"Kalmar län"
38630,Färjestaden,,,,"Kalmar län"
38631,Färjestaden,,,,"Kalmar län"
38632,Färjestaden,,,,"Kalmar län"
38633,Färjestaden,,,,"Kalmar län"
38634,Färjestaden,,,,"Kalmar län"
38635,Färjestaden,,,,"Kalmar län"
38650,Mörbylånga,,,,"Kalmar län"
38651,Mörbylånga,,,,"Kalmar län"
38660,Mörbylånga,,,,"Kalmar län"
38661,Mörbylånga,,,,"Kalmar län"
38662,Mörbylånga,,,,"Kalmar län"
38663,Degerhamn,,,,"Kalmar län"
38664,Degerhamn,,,,"Kalmar län"
38680,Mörbylånga,,,,"Kalmar län"
38690,Färjestaden,,,,"Kalmar län"
38692,Färjestaden,,,,"Kalmar län"
38693,Färjestaden,,,,"Kalmar län"
38696,Färjestaden,,,,"Kalmar län"
57016,Kvillsfors,,,,"Kalmar län"
57080,Virserum,,,,"Kalmar län"
57081,Järnforsen,,,,"Kalmar län"
57082,Målilla,,,,"Kalmar län"
57083,Rosenfors,,,,"Kalmar län"
57084,Mörlunda,,,,"Kalmar län"
57701,Hultsfred,,,,"Kalmar län"
57702,Silverdalen,,,,"Kalmar län"
57703,Virserum,,,,"Kalmar län"
57704,Målilla,,,,"Kalmar län"
57705,Järnforsen,,,,"Kalmar län"
57721,Hultsfred,,,,"Kalmar län"
57722,Hultsfred,,,,"Kalmar län"
57723,Hultsfred,,,,"Kalmar län"
57724,Hultsfred,,,,"Kalmar län"
57725,Hultsfred,,,,"Kalmar län"
57726,Hultsfred,,,,"Kalmar län"
57730,Hultsfred,,,,"Kalmar län"
57731,Hultsfred,,,,"Kalmar län"
57732,Hultsfred,,,,"Kalmar län"
57733,Hultsfred,,,,"Kalmar län"
57734,Hultsfred,,,,"Kalmar län"
57735,Hultsfred,,,,"Kalmar län"
57736,Hultsfred,,,,"Kalmar län"
57737,Hultsfred,,,,"Kalmar län"
57738,Hultsfred,,,,"Kalmar län"
57739,Hultsfred,,,,"Kalmar län"
57750,Silverdalen,,,,"Kalmar län"
57771,Virserum,,,,"Kalmar län"
57772,Virserum,,,,"Kalmar län"
57773,Målilla,,,,"Kalmar län"
57774,Målilla,,,,"Kalmar län"
57775,Mörlunda,,,,"Kalmar län"
57776,Järnforsen,,,,"Kalmar län"
57777,Järnforsen,,,,"Kalmar län"
57780,Rosenfors,,,,"Kalmar län"
57790,Hultsfred,,,,"Kalmar län"
57791,Hultsfred,,,,"Kalmar län"
57792,Hultsfred,,,,"Kalmar län"
57793,Hultsfred,,,,"Kalmar län"
57795,Virserum,,,,"Kalmar län"
57796,Målilla,,,,"Kalmar län"
57797,Rosenfors,,,,"Kalmar län"
57798,Mörlunda,,,,"Kalmar län"
38052,Timmernabben,,,,"Kalmar län"
38053,Fliseryd,,,,"Kalmar län"
38301,Mönsterås,,,,"Kalmar län"
38321,Mönsterås,,,,"Kalmar län"
38322,Mönsterås,,,,"Kalmar län"
38323,Mönsterås,,,,"Kalmar län"
38324,Mönsterås,,,,"Kalmar län"
38325,Mönsterås,,,,"Kalmar län"
38330,Mönsterås,,,,"Kalmar län"
38331,Mönsterås,,,,"Kalmar län"
38332,Mönsterås,,,,"Kalmar län"
38333,Mönsterås,,,,"Kalmar län"
38334,Mönsterås,,,,"Kalmar län"
38335,Mönsterås,,,,"Kalmar län"
38336,Mönsterås,,,,"Kalmar län"
38337,Mönsterås,,,,"Kalmar län"
38338,Mönsterås,,,,"Kalmar län"
38339,Mönsterås,,,,"Kalmar län"
38391,Mönsterås,,,,"Kalmar län"
38392,Mönsterås,,,,"Kalmar län"
38402,Ålem,,,,"Kalmar län"
38421,Blomstermåla,,,,"Kalmar län"
38422,Blomstermåla,,,,"Kalmar län"
38430,Blomstermåla,,,,"Kalmar län"
38431,Blomstermåla,,,,"Kalmar län"
38440,Ålem,,,,"Kalmar län"
38471,Timmernabben,,,,"Kalmar län"
38472,Timmernabben,,,,"Kalmar län"
38473,Fliseryd,,,,"Kalmar län"
38491,Blomstermåla,,,,"Kalmar län"
38492,Ålem,,,,"Kalmar län"
57076,Ruda,,,,"Kalmar län"
57971,Ruda,,,,"Kalmar län"
57995,Ruda,,,,"Kalmar län"
36023,Älmeboda,,,,"Kalmar län"
36052,Kosta,,,,"Kalmar län"
36053,Skruv,,,,"Kalmar län"
36101,Emmaboda,,,,"Kalmar län"
36121,Emmaboda,,,,"Kalmar län"
36122,Emmaboda,,,,"Kalmar län"
36130,Emmaboda,,,,"Kalmar län"
36131,Emmaboda,,,,"Kalmar län"
36132,Emmaboda,,,,"Kalmar län"
36133,Emmaboda,,,,"Kalmar län"
36142,Lindås,,,,"Kalmar län"
36153,Broakulla,,,,"Kalmar län"
36180,Emmaboda,,,,"Kalmar län"
36191,Emmaboda,,,,"Kalmar län"
36192,Emmaboda,,,,"Kalmar län"
36193,Broakulla,,,,"Kalmar län"
36194,Eriksmåla,,,,"Kalmar län"
36195,Långasjö,,,,"Kalmar län"
36298,Älmeboda,,,,"Kalmar län"
36543,Kosta,,,,"Kalmar län"
36544,Kosta,,,,"Kalmar län"
36594,Skruv,,,,"Kalmar län"
38596,Gullabo,,,,"Kalmar län"
36060,Vissefjärda,,,,"Kalmar län"
36154,Vissefjärda,,,,"Kalmar län"
36196,Vissefjärda,,,,"Kalmar län"
38493,Ålem,,,,"Kalmar län"
38597,Söderåkra,,,,"Kalmar län"
38801,Ljungbyholm,,,,"Kalmar län"
38804,Trekanten,,,,"Kalmar län"
38821,Ljungbyholm,,,,"Kalmar län"
38822,Ljungbyholm,,,,"Kalmar län"
38830,Ljungbyholm,,,,"Kalmar län"
38831,Ljungbyholm,,,,"Kalmar län"
38832,Ljungbyholm,,,,"Kalmar län"
38840,Trekanten,,,,"Kalmar län"
38841,Trekanten,,,,"Kalmar län"
38850,Påryd,,,,"Kalmar län"
38891,Vassmolösa,,,,"Kalmar län"
38892,Ljungbyholm,,,,"Kalmar län"
38893,Ljungbyholm,,,,"Kalmar län"
38894,Vassmolösa,,,,"Kalmar län"
38895,Halltorp,,,,"Kalmar län"
38896,Ljungbyholm,,,,"Kalmar län"
38897,Halltorp,,,,"Kalmar län"
39002,Kalmar,,,,"Kalmar län"
39003,Kalmar,,,,"Kalmar län"
39004,Kalmar,,,,"Kalmar län"
39006,Kalmar,,,,"Kalmar län"
39007,Kalmar,,,,"Kalmar län"
39008,Kalmar,,,,"Kalmar län"
39100,Kalmar,,,,"Kalmar län"
39101,Kalmar,,,,"Kalmar län"
39120,Kalmar,,,,"Kalmar län"
39121,Kalmar,,,,"Kalmar län"
39122,Kalmar,,,,"Kalmar län"
39123,Kalmar,,,,"Kalmar län"
39125,Kalmar,,,,"Kalmar län"
39126,Kalmar,,,,"Kalmar län"
39127,Kalmar,,,,"Kalmar län"
39128,Kalmar,,,,"Kalmar län"
39129,Kalmar,,,,"Kalmar län"
39182,Kalmar,,,,"Kalmar län"
39183,Kalmar,,,,"Kalmar län"
39184,Kalmar,,,,"Kalmar län"
39185,Kalmar,,,,"Kalmar län"
39186,Kalmar,,,,"Kalmar län"
39187,Kalmar,,,,"Kalmar län"
39188,Kalmar,,,,"Kalmar län"
39230,Kalmar,,,,"Kalmar län"
39231,Kalmar,,,,"Kalmar län"
39232,Kalmar,,,,"Kalmar län"
39233,Kalmar,,,,"Kalmar län"
39234,Kalmar,,,,"Kalmar län"
39235,Kalmar,,,,"Kalmar län"
39236,Kalmar,,,,"Kalmar län"
39237,Kalmar,,,,"Kalmar län"
39238,Kalmar,,,,"Kalmar län"
39239,Kalmar,,,,"Kalmar län"
39240,Kalmar,,,,"Kalmar län"
39241,Kalmar,,,,"Kalmar län"
39242,Kalmar,,,,"Kalmar län"
39243,Kalmar,,,,"Kalmar län"
39244,Kalmar,,,,"Kalmar län"
39245,Kalmar,,,,"Kalmar län"
39246,Kalmar,,,,"Kalmar län"
39247,Kalmar,,,,"Kalmar län"
39248,Kalmar,,,,"Kalmar län"
39249,Kalmar,,,,"Kalmar län"
39250,Kalmar,,,,"Kalmar län"
39251,Kalmar,,,,"Kalmar län"
39252,Kalmar,,,,"Kalmar län"
39253,Kalmar,,,,"Kalmar län"
39254,Kalmar,,,,"Kalmar län"
39256,KALMAR,,,,"Kalmar län"
39300,Kalmar,,,,"Kalmar län"
39350,Kalmar,,,,"Kalmar län"
39351,Kalmar,,,,"Kalmar län"
39352,Kalmar,,,,"Kalmar län"
39353,Kalmar,,,,"Kalmar län"
39354,Kalmar,,,,"Kalmar län"
39355,Kalmar,,,,"Kalmar län"
39357,Kalmar,,,,"Kalmar län"
39358,Kalmar,,,,"Kalmar län"
39359,Kalmar,,,,"Kalmar län"
39360,Kalmar,,,,"Kalmar län"
39361,Kalmar,,,,"Kalmar län"
39363,Kalmar,,,,"Kalmar län"
39364,Kalmar,,,,"Kalmar län"
39365,Kalmar,,,,"Kalmar län"
39366,Kalmar,,,,"Kalmar län"
39470,Kalmar,,,,"Kalmar län"
39471,Kalmar,,,,"Kalmar län"
39474,Kalmar,,,,"Kalmar län"
39477,Kalmar,,,,"Kalmar län"
39590,Kalmar,,,,"Kalmar län"
39591,Kalmar,,,,"Kalmar län"
39592,Rockneby,,,,"Kalmar län"
39593,Rockneby,,,,"Kalmar län"
39594,Rockneby,,,,"Kalmar län"
39595,Rockneby,,,,"Kalmar län"
39597,Läckeby,,,,"Kalmar län"
39598,Läckeby,,,,"Kalmar län"
36065,"Boda Glasbruk",,,,"Kalmar län"
36077,Fröseke,,,,"Kalmar län"
36197,"Boda Glasbruk",,,,"Kalmar län"
36497,Fröseke,,,,"Kalmar län"
38030,Rockneby,,,,"Kalmar län"
38031,Läckeby,,,,"Kalmar län"
38040,Orrefors,,,,"Kalmar län"
38041,Gullaskruv,,,,"Kalmar län"
38042,Målerås,,,,"Kalmar län"
38044,Alsterbro,,,,"Kalmar län"
38201,Nybro,,,,"Kalmar län"
38221,Nybro,,,,"Kalmar län"
38222,Nybro,,,,"Kalmar län"
38223,Nybro,,,,"Kalmar län"
38224,Nybro,,,,"Kalmar län"
38228,Nybro,,,,"Kalmar län"
38230,Nybro,,,,"Kalmar län"
38231,Nybro,,,,"Kalmar län"
38232,Nybro,,,,"Kalmar län"
38233,Nybro,,,,"Kalmar län"
38234,Nybro,,,,"Kalmar län"
38235,Nybro,,,,"Kalmar län"
38236,Nybro,,,,"Kalmar län"
38237,Nybro,,,,"Kalmar län"
38238,Nybro,,,,"Kalmar län"
38239,Nybro,,,,"Kalmar län"
38240,Nybro,,,,"Kalmar län"
38241,Nybro,,,,"Kalmar län"
38242,Nybro,,,,"Kalmar län"
38243,Nybro,,,,"Kalmar län"
38244,Nybro,,,,"Kalmar län"
38245,Nybro,,,,"Kalmar län"
38246,Nybro,,,,"Kalmar län"
38271,Orrefors,,,,"Kalmar län"
38272,Orrefors,,,,"Kalmar län"
38273,Alsterbro,,,,"Kalmar län"
38274,Alsterbro,,,,"Kalmar län"
38275,Gullaskruv,,,,"Kalmar län"
38276,Målerås,,,,"Kalmar län"
38280,Nybro,,,,"Kalmar län"
38290,Örsjö,,,,"Kalmar län"
38291,Nybro,,,,"Kalmar län"
38292,Nybro,,,,"Kalmar län"
38293,Nybro,,,,"Kalmar län"
38294,Nybro,,,,"Kalmar län"
38296,Nybro,,,,"Kalmar län"
38297,Örsjö,,,,"Kalmar län"
38898,Trekanten,,,,"Kalmar län"
38899,Påryd,,,,"Kalmar län"
57991,Bockara,,,,"Kalmar län"
57993,Grönskåra,,,,"Kalmar län"
57090,Påskallavik,,,,"Kalmar län"
57091,Kristdala,,,,"Kalmar län"
57200,Oskarshamn,,,,"Kalmar län"
57201,Oskarshamn,,,,"Kalmar län"
57202,Oskarshamn,,,,"Kalmar län"
57204,Oskarshamn,,,,"Kalmar län"
57205,Figeholm,,,,"Kalmar län"
57206,Fårbo,,,,"Kalmar län"
57207,Kristdala,,,,"Kalmar län"
57221,Oskarshamn,,,,"Kalmar län"
57222,Oskarshamn,,,,"Kalmar län"
57223,Oskarshamn,,,,"Kalmar län"
57224,Oskarshamn,,,,"Kalmar län"
57225,Oskarshamn,,,,"Kalmar län"
57226,Oskarshamn,,,,"Kalmar län"
57227,Oskarshamn,,,,"Kalmar län"
57228,Oskarshamn,,,,"Kalmar län"
57229,Oskarshamn,,,,"Kalmar län"
57230,Oskarshamn,,,,"Kalmar län"
57231,Oskarshamn,,,,"Kalmar län"
57232,Oskarshamn,,,,"Kalmar län"
57233,Oskarshamn,,,,"Kalmar län"
57234,Oskarshamn,,,,"Kalmar län"
57235,Oskarshamn,,,,"Kalmar län"
57236,Oskarshamn,,,,"Kalmar län"
57237,Oskarshamn,,,,"Kalmar län"
57240,Oskarshamn,,,,"Kalmar län"
57241,Oskarshamn,,,,"Kalmar län"
57242,Oskarshamn,,,,"Kalmar län"
57250,Oskarshamn,,,,"Kalmar län"
57251,Oskarshamn,,,,"Kalmar län"
57255,Oskarshamn,,,,"Kalmar län"
57256,Oskarshamn,,,,"Kalmar län"
57257,Oskarshamn,,,,"Kalmar län"
57258,Oskarshamn,,,,"Kalmar län"
57260,Oskarshamn,,,,"Kalmar län"
57261,Oskarshamn,,,,"Kalmar län"
57262,Oskarshamn,,,,"Kalmar län"
57263,Oskarshamn,,,,"Kalmar län"
57273,Kristdala,,,,"Kalmar län"
57274,Påskallavik,,,,"Kalmar län"
57275,Figeholm,,,,"Kalmar län"
57276,Fårbo,,,,"Kalmar län"
57283,Oskarshamn,,,,"Kalmar län"
57291,Oskarshamn,,,,"Kalmar län"
57292,Oskarshamn,,,,"Kalmar län"
57293,Oskarshamn,,,,"Kalmar län"
57295,Figeholm,,,,"Kalmar län"
57297,Kristdala,,,,"Kalmar län"
57990,Berga,,,,"Kalmar län"
57296,Fårbo,,,,"Kalmar län"
59041,Rimforsa,,,,"Kalmar län"
59043,Rimforsa,,,,"Kalmar län"
59044,Rimforsa,,,,"Kalmar län"
59046,Rimforsa,,,,"Kalmar län"
59093,Gunnebo,,,,"Kalmar län"
59095,Loftahammar,,,,"Kalmar län"
59096,Överum,,,,"Kalmar län"
59098,Edsbruk,,,,"Kalmar län"
59300,Västervik,,,,"Kalmar län"
59302,Västervik,,,,"Kalmar län"
59303,Västervik,,,,"Kalmar län"
59311,Gunnebo,,,,"Kalmar län"
59321,Västervik,,,,"Kalmar län"
59322,Västervik,,,,"Kalmar län"
59323,Västervik,,,,"Kalmar län"
59324,Västervik,,,,"Kalmar län"
59325,Västervik,,,,"Kalmar län"
59326,Västervik,,,,"Kalmar län"
59330,Västervik,,,,"Kalmar län"
59331,Västervik,,,,"Kalmar län"
59332,Västervik,,,,"Kalmar län"
59333,Västervik,,,,"Kalmar län"
59334,Västervik,,,,"Kalmar län"
59335,Västervik,,,,"Kalmar län"
59336,Västervik,,,,"Kalmar län"
59337,Västervik,,,,"Kalmar län"
59338,Västervik,,,,"Kalmar län"
59339,Västervik,,,,"Kalmar län"
59340,Västervik,,,,"Kalmar län"
59341,Västervik,,,,"Kalmar län"
59342,Västervik,,,,"Kalmar län"
59343,Västervik,,,,"Kalmar län"
59344,Västervik,,,,"Kalmar län"
59350,Västervik,,,,"Kalmar län"
59351,Västervik,,,,"Kalmar län"
59352,Västervik,,,,"Kalmar län"
59353,Västervik,,,,"Kalmar län"
59354,Västervik,,,,"Kalmar län"
59361,Västervik,,,,"Kalmar län"
59362,Västervik,,,,"Kalmar län"
59374,Gunnebo,,,,"Kalmar län"
59375,Gunnebo,,,,"Kalmar län"
59380,Västervik,,,,"Kalmar län"
59381,Västervik,,,,"Kalmar län"
59382,Västervik,,,,"Kalmar län"
59383,Västervik,,,,"Kalmar län"
59384,Västervik,,,,"Kalmar län"
59385,Västervik,,,,"Kalmar län"
59387,Västervik,,,,"Kalmar län"
59391,Västervik,,,,"Kalmar län"
59392,Västervik,,,,"Kalmar län"
59393,Västervik,,,,"Kalmar län"
59395,Västervik,,,,"Kalmar län"
59396,Västervik,,,,"Kalmar län"
59397,Blankaholm,,,,"Kalmar län"
59401,Gamleby,,,,"Kalmar län"
59421,Gamleby,,,,"Kalmar län"
59422,Gamleby,,,,"Kalmar län"
59423,Gamleby,,,,"Kalmar län"
59430,Gamleby,,,,"Kalmar län"
59431,Gamleby,,,,"Kalmar län"
59432,Gamleby,,,,"Kalmar län"
59470,Loftahammar,,,,"Kalmar län"
59471,Loftahammar,,,,"Kalmar län"
59472,Överum,,,,"Kalmar län"
59473,Överum,,,,"Kalmar län"
59474,Edsbruk,,,,"Kalmar län"
59475,Edsbruk,,,,"Kalmar län"
59491,Gamleby,,,,"Kalmar län"
59492,Gamleby,,,,"Kalmar län"
59493,Gamleby,,,,"Kalmar län"
57030,Mariannelund,,,,"Kalmar län"
57751,Silverdalen,,,,"Kalmar län"
57794,Lönneberga,,,,"Kalmar län"
59042,Horn,,,,"Kalmar län"
59045,Brokind,,,,"Kalmar län"
59080,"Södra Vi",,,,"Kalmar län"
59081,Gullringen,,,,"Kalmar län"
59083,Storebro,,,,"Kalmar län"
59090,Ankarsrum,,,,"Kalmar län"
59091,Hjorted,,,,"Kalmar län"
59092,Totebo,,,,"Kalmar län"
59094,Blackstad,,,,"Kalmar län"
59310,Ankarsrum,,,,"Kalmar län"
59370,Ankarsrum,,,,"Kalmar län"
59371,Ankarsrum,,,,"Kalmar län"
59372,Totebo,,,,"Kalmar län"
59373,Hjorted,,,,"Kalmar län"
59376,Blackstad,,,,"Kalmar län"
59494,Gamleby,,,,"Kalmar län"
59801,Vimmerby,,,,"Kalmar län"
59805,Mariannelund,,,,"Kalmar län"
59821,Vimmerby,,,,"Kalmar län"
59822,Vimmerby,,,,"Kalmar län"
59823,Vimmerby,,,,"Kalmar län"
59824,Vimmerby,,,,"Kalmar län"
59830,Vimmerby,,,,"Kalmar län"
59831,Vimmerby,,,,"Kalmar län"
59832,Vimmerby,,,,"Kalmar län"
59834,Vimmerby,,,,"Kalmar län"
59835,Vimmerby,,,,"Kalmar län"
59836,Vimmerby,,,,"Kalmar län"
59837,Vimmerby,,,,"Kalmar län"
59838,Vimmerby,,,,"Kalmar län"
59839,Vimmerby,,,,"Kalmar län"
59840,Vimmerby,,,,"Kalmar län"
59870,Storebro,,,,"Kalmar län"
59871,"Södra Vi",,,,"Kalmar län"
59872,"Södra Vi",,,,"Kalmar län"
59873,Gullringen,,,,"Kalmar län"
59880,Vimmerby,,,,"Kalmar län"
59881,Vimmerby,,,,"Kalmar län"
59882,Vimmerby,,,,"Kalmar län"
59883,Vimmerby,,,,"Kalmar län"
59884,Vimmerby,,,,"Kalmar län"
59885,Vimmerby,,,,"Kalmar län"
59886,Vimmerby,,,,"Kalmar län"
59891,Vimmerby,,,,"Kalmar län"
59892,Vimmerby,,,,"Kalmar län"
59893,Vimmerby,,,,"Kalmar län"
59894,Vimmerby,,,,"Kalmar län"
59895,Vimmerby,,,,"Kalmar län"
59896,Vimmerby,,,,"Kalmar län"
59897,Mariannelund,,,,"Kalmar län"
59898,Mariannelund,,,,"Kalmar län"
38074,Löttorp,,,,"Kalmar län"
38075,Byxelkrok,,,,"Kalmar län"
38694,Färjestaden,,,,"Kalmar län"
38695,Färjestaden,,,,"Kalmar län"
38701,Borgholm,,,,"Kalmar län"
38703,Löttorp,,,,"Kalmar län"
38704,Byxelkrok,,,,"Kalmar län"
38721,Borgholm,,,,"Kalmar län"
38722,Borgholm,,,,"Kalmar län"
38723,Borgholm,,,,"Kalmar län"
38724,Borgholm,,,,"Kalmar län"
38730,Borgholm,,,,"Kalmar län"
38731,Borgholm,,,,"Kalmar län"
38732,Borgholm,,,,"Kalmar län"
38733,Borgholm,,,,"Kalmar län"
38734,Borgholm,,,,"Kalmar län"
38735,Borgholm,,,,"Kalmar län"
38736,Borgholm,,,,"Kalmar län"
38737,Borgholm,,,,"Kalmar län"
38738,Borgholm,,,,"Kalmar län"
38750,Köpingsvik,,,,"Kalmar län"
38751,Köpingsvik,,,,"Kalmar län"
38752,Köpingsvik,,,,"Kalmar län"
38770,Löttorp,,,,"Kalmar län"
38771,Löttorp,,,,"Kalmar län"
38772,Löttorp,,,,"Kalmar län"
38773,LÖTTORP,,,,"Kalmar län"
38774,Löttorp,,,,"Kalmar län"
38775,Byxelkrok,,,,"Kalmar län"
38788,Borgholm,,,,"Kalmar län"
38790,Köpingsvik,,,,"Kalmar län"
38791,Borgholm,,,,"Kalmar län"
38792,Borgholm,,,,"Kalmar län"
38793,Borgholm,,,,"Kalmar län"
38794,Borgholm,,,,"Kalmar län"
38795,Köpingsvik,,,,"Kalmar län"
38796,Köpingsvik,,,,"Kalmar län"
36120,Emmaboda,,,,"Kalmar län"
38220,Nybro,,,,"Kalmar län"
38320,Mönsterås,,,,"Kalmar län"
38420,Blomstermåla,,,,"Kalmar län"
38520,Torsås,,,,"Kalmar län"
38620,Färjestaden,,,,"Kalmar län"
38720,Borgholm,,,,"Kalmar län"
38820,Ljungbyholm,,,,"Kalmar län"
39349,Kalmar,,,,"Kalmar län"
39356,Kalmar,,,,"Kalmar län"
39800,Kalmar,,,,"Kalmar län"
39801,Kalmar,,,,"Kalmar län"
39802,Kalmar,,,,"Kalmar län"
39803,Kalmar,,,,"Kalmar län"
39804,Kalmar,,,,"Kalmar län"
39806,Kalmar,,,,"Kalmar län"
39807,Kalmar,,,,"Kalmar län"
39808,Kalmar,,,,"Kalmar län"
39809,Kalmar,,,,"Kalmar län"
39810,Kalmar,,,,"Kalmar län"
39811,Kalmar,,,,"Kalmar län"
57220,Oskarshamn,,,,"Kalmar län"
57720,Hultsfred,,,,"Kalmar län"
57920,Högsby,,,,"Kalmar län"
59320,Västervik,,,,"Kalmar län"
59386,Västervik,,,,"Kalmar län"
59420,Gamleby,,,,"Kalmar län"
59820,Vimmerby,,,,"Kalmar län"
62010,Burgsvik,,,,"Gotlands län"
62011,Havdhem,,,,"Gotlands län"
62012,Hemse,,,,"Gotlands län"
62013,Stånga,,,,"Gotlands län"
62016,Ljugarn,,,,"Gotlands län"
62020,Klintehamn,,,,"Gotlands län"
62023,Romakloster,,,,"Gotlands län"
62024,Dalhem,,,,"Gotlands län"
62030,Slite,,,,"Gotlands län"
62033,Tingstäde,,,,"Gotlands län"
62034,Lärbro,,,,"Gotlands län"
62035,Fårösund,,,,"Gotlands län"
62100,Visby,,,,"Gotlands län"
62105,Visby,,,,"Gotlands län"
62111,Visby,,,,"Gotlands län"
62112,Visby,,,,"Gotlands län"
62113,Visby,,,,"Gotlands län"
62114,Visby,,,,"Gotlands län"
62115,Visby,,,,"Gotlands län"
62116,Visby,,,,"Gotlands län"
62121,Visby,,,,"Gotlands län"
62122,Visby,,,,"Gotlands län"
62123,Visby,,,,"Gotlands län"
62124,Visby,,,,"Gotlands län"
62125,Visby,,,,"Gotlands län"
62126,Visby,,,,"Gotlands län"
62141,Visby,,,,"Gotlands län"
62142,Visby,,,,"Gotlands län"
62143,Visby,,,,"Gotlands län"
62144,Visby,,,,"Gotlands län"
62145,Visby,,,,"Gotlands län"
62146,Visby,,,,"Gotlands län"
62147,Visby,,,,"Gotlands län"
62148,Visby,,,,"Gotlands län"
62149,Visby,,,,"Gotlands län"
62150,Visby,,,,"Gotlands län"
62151,Visby,,,,"Gotlands län"
62152,Visby,,,,"Gotlands län"
62153,Visby,,,,"Gotlands län"
62154,Visby,,,,"Gotlands län"
62155,Visby,,,,"Gotlands län"
62156,Visby,,,,"Gotlands län"
62157,Visby,,,,"Gotlands län"
62158,Visby,,,,"Gotlands län"
62165,Visby,,,,"Gotlands län"
62167,Visby,,,,"Gotlands län"
62170,Visby,,,,"Gotlands län"
62171,Visby,,,,"Gotlands län"
62172,Visby,,,,"Gotlands län"
62173,Visby,,,,"Gotlands län"
62174,Visby,,,,"Gotlands län"
62175,Visby,,,,"Gotlands län"
62176,Visby,,,,"Gotlands län"
62177,Visby,,,,"Gotlands län"
62178,Visby,,,,"Gotlands län"
62179,Visby,,,,"Gotlands län"
62180,Visby,,,,"Gotlands län"
62181,Visby,,,,"Gotlands län"
62182,Visby,,,,"Gotlands län"
62183,Visby,,,,"Gotlands län"
62184,Visby,,,,"Gotlands län"
62185,Visby,,,,"Gotlands län"
62186,Visby,,,,"Gotlands län"
62187,Visby,,,,"Gotlands län"
62188,Visby,,,,"Gotlands län"
62189,Visby,,,,"Gotlands län"
62190,Visby,,,,"Gotlands län"
62191,Visby,,,,"Gotlands län"
62192,Visby,,,,"Gotlands län"
62193,Visby,,,,"Gotlands län"
62194,Visby,,,,"Gotlands län"
62195,Visby,,,,"Gotlands län"
62196,Visby,,,,"Gotlands län"
62197,Visby,,,,"Gotlands län"
62198,Visby,,,,"Gotlands län"
62199,Visby,,,,"Gotlands län"
62119,Visby,,,,"Gotlands län"
62120,Visby,,,,"Gotlands län"
62129,Visby,,,,"Gotlands län"
62137,Visby,,,,"Gotlands län"
62138,Visby,,,,"Gotlands län"
62139,Visby,,,,"Gotlands län"
62140,Visby,,,,"Gotlands län"
62221,Romakloster,,,,"Gotlands län"
62234,Romakloster,,,,"Gotlands län"
62236,Romakloster,,,,"Gotlands län"
62238,Romakloster,,,,"Gotlands län"
62240,Romakloster,,,,"Gotlands län"
62242,Romakloster,,,,"Gotlands län"
62244,Romakloster,,,,"Gotlands län"
62246,Romakloster,,,,"Gotlands län"
62248,Romakloster,,,,"Gotlands län"
62250,Romakloster,,,,"Gotlands län"
62252,Romakloster,,,,"Gotlands län"
62254,Romakloster,,,,"Gotlands län"
62256,Dalhem,,,,"Gotlands län"
62258,Romakloster,,,,"Gotlands län"
62259,Visby,,,,"Gotlands län"
62260,Visby,,,,"Gotlands län"
62261,Visby,,,,"Gotlands län"
62275,Visby,,,,"Gotlands län"
62276,Visby,,,,"Gotlands län"
62300,Hemse,,,,"Gotlands län"
62311,Hemse,,,,"Gotlands län"
62312,Hemse,,,,"Gotlands län"
62313,Hemse,,,,"Gotlands län"
62314,Klintehamn,,,,"Gotlands län"
62315,Stånga,,,,"Gotlands län"
62316,Havdhem,,,,"Gotlands län"
62320,Hemse,,,,"Gotlands län"
62321,Ljugarn,,,,"Gotlands län"
62325,Ljugarn,,,,"Gotlands län"
62330,Burgsvik,,,,"Gotlands län"
62331,Burgsvik,,,,"Gotlands län"
62332,Burgsvik,,,,"Gotlands län"
62333,Burgsvik,,,,"Gotlands län"
62335,Burgsvik,,,,"Gotlands län"
62336,Burgsvik,,,,"Gotlands län"
62337,Havdhem,,,,"Gotlands län"
62338,Havdhem,,,,"Gotlands län"
62340,Havdhem,,,,"Gotlands län"
62341,Havdhem,,,,"Gotlands län"
62342,Havdhem,,,,"Gotlands län"
62343,Havdhem,,,,"Gotlands län"
62344,Klintehamn,,,,"Gotlands län"
62346,Hemse,,,,"Gotlands län"
62347,Hemse,,,,"Gotlands län"
62348,Stånga,,,,"Gotlands län"
62349,Stånga,,,,"Gotlands län"
62350,Hemse,,,,"Gotlands län"
62351,Hemse,,,,"Gotlands län"
62352,Hemse,,,,"Gotlands län"
62353,Hemse,,,,"Gotlands län"
62354,Klintehamn,,,,"Gotlands län"
62355,Klintehamn,,,,"Gotlands län"
62356,Hemse,,,,"Gotlands län"
62357,Hemse,,,,"Gotlands län"
62359,Hemse,,,,"Gotlands län"
62360,Stånga,,,,"Gotlands län"
62361,Stånga,,,,"Gotlands län"
62362,Ljugarn,,,,"Gotlands län"
62363,Ljugarn,,,,"Gotlands län"
62364,Ljugarn,,,,"Gotlands län"
62365,Ljugarn,,,,"Gotlands län"
62366,Ljugarn,,,,"Gotlands län"
62367,Katthammarsvik,,,,"Gotlands län"
62368,Katthammarsvik,,,,"Gotlands län"
62369,Katthammarsvik,,,,"Gotlands län"
62370,Katthammarsvik,,,,"Gotlands län"
62371,Katthammarsvik,,,,"Gotlands län"
62372,Katthammarsvik,,,,"Gotlands län"
62374,Stånga,,,,"Gotlands län"
62375,Klintehamn,,,,"Gotlands län"
62376,Klintehamn,,,,"Gotlands län"
62377,Klintehamn,,,,"Gotlands län"
62378,Klintehamn,,,,"Gotlands län"
62379,Klintehamn,,,,"Gotlands län"
62400,Lärbro,,,,"Gotlands län"
62420,Slite,,,,"Gotlands län"
62421,Slite,,,,"Gotlands län"
62422,Slite,,,,"Gotlands län"
62430,Slite,,,,"Gotlands län"
62432,Slite,,,,"Gotlands län"
62434,Slite,,,,"Gotlands län"
62436,Slite,,,,"Gotlands län"
62438,Tingstäde,,,,"Gotlands län"
62440,Tingstäde,,,,"Gotlands län"
62442,Tingstäde,,,,"Gotlands län"
62444,Tingstäde,,,,"Gotlands län"
62446,Slite,,,,"Gotlands län"
62448,Slite,,,,"Gotlands län"
62449,Slite,,,,"Gotlands län"
62450,Lärbro,,,,"Gotlands län"
62452,Lärbro,,,,"Gotlands län"
62453,Lärbro,,,,"Gotlands län"
62454,Lärbro,,,,"Gotlands län"
62455,Lärbro,,,,"Gotlands län"
62456,Lärbro,,,,"Gotlands län"
62458,Lärbro,,,,"Gotlands län"
62460,Lärbro,,,,"Gotlands län"
62462,Fårösund,,,,"Gotlands län"
62464,Fårösund,,,,"Gotlands län"
62465,Fårösund,,,,"Gotlands län"
62470,Fårösund,,,,"Gotlands län"
29300,Olofström,,,,"Blekinge län"
29302,Jämshög,,,,"Blekinge län"
29321,Olofström,,,,"Blekinge län"
29322,Olofström,,,,"Blekinge län"
29323,Olofström,,,,"Blekinge län"
29324,Olofström,,,,"Blekinge län"
29331,Olofström,,,,"Blekinge län"
29332,Olofström,,,,"Blekinge län"
29333,Olofström,,,,"Blekinge län"
29334,Olofström,,,,"Blekinge län"
29335,Olofström,,,,"Blekinge län"
29336,Olofström,,,,"Blekinge län"
29337,Olofström,,,,"Blekinge län"
29338,Olofström,,,,"Blekinge län"
29339,Olofström,,,,"Blekinge län"
29340,Olofström,,,,"Blekinge län"
29341,Olofström,,,,"Blekinge län"
29342,Olofström,,,,"Blekinge län"
29373,Jämshög,,,,"Blekinge län"
29380,Olofström,,,,"Blekinge län"
29391,Olofström,,,,"Blekinge län"
29393,Olofström,,,,"Blekinge län"
36010,Ryd,,,,"Blekinge län"
36256,Ryd,,,,"Blekinge län"
36257,Ryd,,,,"Blekinge län"
36296,Ryd,,,,"Blekinge län"
37022,Drottningskär,,,,"Blekinge län"
37023,Hasslö,,,,"Blekinge län"
37030,Rödeby,,,,"Blekinge län"
37042,Torhamn,,,,"Blekinge län"
37043,Sturkö,,,,"Blekinge län"
37045,Fågelmara,,,,"Blekinge län"
37100,Karlskrona,,,,"Blekinge län"
37101,Karlskrona,,,,"Blekinge län"
37102,Karlskrona,,,,"Blekinge län"
37104,Karlskrona,,,,"Blekinge län"
37105,Karlskrona,,,,"Blekinge län"
37106,Karlskrona,,,,"Blekinge län"
37108,Karlskrona,,,,"Blekinge län"
37111,Karlskrona,,,,"Blekinge län"
37112,Karlskrona,,,,"Blekinge län"
37113,Karlskrona,,,,"Blekinge län"
37114,Karlskrona,,,,"Blekinge län"
37115,Karlskrona,,,,"Blekinge län"
37116,Karlskrona,,,,"Blekinge län"
37118,Karlskrona,,,,"Blekinge län"
37121,Karlskrona,,,,"Blekinge län"
37122,Karlskrona,,,,"Blekinge län"
37123,Karlskrona,,,,"Blekinge län"
37124,Karlskrona,,,,"Blekinge län"
37125,Karlskrona,,,,"Blekinge län"
37129,Karlskrona,,,,"Blekinge län"
37130,Karlskrona,,,,"Blekinge län"
37131,Karlskrona,,,,"Blekinge län"
37132,Karlskrona,,,,"Blekinge län"
37133,Karlskrona,,,,"Blekinge län"
37134,Karlskrona,,,,"Blekinge län"
37135,Karlskrona,,,,"Blekinge län"
37136,Karlskrona,,,,"Blekinge län"
37137,Karlskrona,,,,"Blekinge län"
37138,Karlskrona,,,,"Blekinge län"
37139,Karlskrona,,,,"Blekinge län"
37140,Karlskrona,,,,"Blekinge län"
37141,Karlskrona,,,,"Blekinge län"
37142,Karlskrona,,,,"Blekinge län"
37143,Karlskrona,,,,"Blekinge län"
37144,Karlskrona,,,,"Blekinge län"
37145,Karlskrona,,,,"Blekinge län"
37146,Karlskrona,,,,"Blekinge län"
37147,Karlskrona,,,,"Blekinge län"
37148,Karlskrona,,,,"Blekinge län"
37149,Karlskrona,,,,"Blekinge län"
37150,Karlskrona,,,,"Blekinge län"
37151,Karlskrona,,,,"Blekinge län"
37152,Karlskrona,,,,"Blekinge län"
37153,Karlskrona,,,,"Blekinge län"
37154,Karlskrona,,,,"Blekinge län"
37156,Karlskrona,,,,"Blekinge län"
37157,Karlskrona,,,,"Blekinge län"
37160,Lyckeby,,,,"Blekinge län"
37161,Lyckeby,,,,"Blekinge län"
37162,Lyckeby,,,,"Blekinge län"
37163,Lyckeby,,,,"Blekinge län"
37170,Karlskrona,,,,"Blekinge län"
37175,Karlskrona,,,,"Blekinge län"
37179,Karlskrona,,,,"Blekinge län"
37180,Karlskrona,,,,"Blekinge län"
37181,Karlskrona,,,,"Blekinge län"
37182,Karlskrona,,,,"Blekinge län"
37183,Karlskrona,,,,"Blekinge län"
37184,Karlskrona,,,,"Blekinge län"
37185,Karlskrona,,,,"Blekinge län"
37186,Karlskrona,,,,"Blekinge län"
37187,Karlskrona,,,,"Blekinge län"
37188,Karlskrona,,,,"Blekinge län"
37189,Karlskrona,,,,"Blekinge län"
37191,Karlskrona,,,,"Blekinge län"
37192,Karlskrona,,,,"Blekinge län"
37193,Karlskrona,,,,"Blekinge län"
37194,Lyckeby,,,,"Blekinge län"
37300,Jämjö,,,,"Blekinge län"
37302,Ramdala,,,,"Blekinge län"
37303,Rödeby,,,,"Blekinge län"
37304,Jämjö,,,,"Blekinge län"
37305,Fågelmara,,,,"Blekinge län"
37307,Sturkö,,,,"Blekinge län"
37320,Karlskrona,,,,"Blekinge län"
37335,Fridlevstad,,,,"Blekinge län"
37336,Fridlevstad,,,,"Blekinge län"
37341,Rödeby,,,,"Blekinge län"
37342,Rödeby,,,,"Blekinge län"
37343,Rödeby,,,,"Blekinge län"
37344,Rödeby,,,,"Blekinge län"
37345,Rödeby,,,,"Blekinge län"
37351,Ramdala,,,,"Blekinge län"
37352,Ramdala,,,,"Blekinge län"
37353,Ramdala,,,,"Blekinge län"
37354,Senoren,,,,"Blekinge län"
37361,Sturkö,,,,"Blekinge län"
37362,Sturkö,,,,"Blekinge län"
37363,Tjurkö,,,,"Blekinge län"
37364,Drottningskär,,,,"Blekinge län"
37365,Hasslö,,,,"Blekinge län"
37366,Hasslö,,,,"Blekinge län"
37371,Torhamn,,,,"Blekinge län"
37372,Jämjö,,,,"Blekinge län"
37373,Jämjö,,,,"Blekinge län"
37374,Jämjö,,,,"Blekinge län"
37375,Jämjö,,,,"Blekinge län"
37377,Fågelmara,,,,"Blekinge län"
37378,Fägelmara,,,,"Blekinge län"
37379,Fågelmara,,,,"Blekinge län"
37010,Bräkne-Hoby,,,,"Blekinge län"
37011,Backaryd,,,,"Blekinge län"
37017,Eringsboda,,,,"Blekinge län"
37024,Nättraby,,,,"Blekinge län"
37033,Tving,,,,"Blekinge län"
37034,Holmsjö,,,,"Blekinge län"
37200,Ronneby,,,,"Blekinge län"
37201,Ronneby,,,,"Blekinge län"
37202,Kallinge,,,,"Blekinge län"
37206,Bräkne-Hoby,,,,"Blekinge län"
37221,Ronneby,,,,"Blekinge län"
37222,Ronneby,,,,"Blekinge län"
37225,Ronneby,,,,"Blekinge län"
37230,Ronneby,,,,"Blekinge län"
37231,Ronneby,,,,"Blekinge län"
37232,Ronneby,,,,"Blekinge län"
37233,Ronneby,,,,"Blekinge län"
37234,Ronneby,,,,"Blekinge län"
37235,Ronneby,,,,"Blekinge län"
37236,Ronneby,,,,"Blekinge län"
37237,Ronneby,,,,"Blekinge län"
37238,Ronneby,,,,"Blekinge län"
37239,Ronneby,,,,"Blekinge län"
37240,Ronneby,,,,"Blekinge län"
37250,Kallinge,,,,"Blekinge län"
37251,Kallinge,,,,"Blekinge län"
37252,Kallinge,,,,"Blekinge län"
37253,Kallinge,,,,"Blekinge län"
37260,Bräkne-Hoby,,,,"Blekinge län"
37261,Bräkne-Hoby,,,,"Blekinge län"
37262,"Bräkne Hoby",,,,"Blekinge län"
37263,Bräkne-Hoby,,,,"Blekinge län"
37273,Ronneby,,,,"Blekinge län"
37274,Listerby,,,,"Blekinge län"
37275,Johannishus,,,,"Blekinge län"
37277,Backaryd,,,,"Blekinge län"
37278,Eringsboda,,,,"Blekinge län"
37280,Ronneby,,,,"Blekinge län"
37281,Ronneby,,,,"Blekinge län"
37291,Ronneby,,,,"Blekinge län"
37292,Kallinge,,,,"Blekinge län"
37294,Listerby,,,,"Blekinge län"
37295,Johannishus,,,,"Blekinge län"
37296,Backaryd,,,,"Blekinge län"
37297,Ronneby,,,,"Blekinge län"
37298,Eringsboda,,,,"Blekinge län"
37306,Nättraby,,,,"Blekinge län"
37330,Nättraby,,,,"Blekinge län"
37331,Nättraby,,,,"Blekinge län"
37332,Nättraby,,,,"Blekinge län"
37333,Nättraby,,,,"Blekinge län"
37334,Nättraby,,,,"Blekinge län"
37337,Holmsjö,,,,"Blekinge län"
37338,Holmsjö,,,,"Blekinge län"
37339,Tving,,,,"Blekinge län"
37340,Tving,,,,"Blekinge län"
37346,Holmsjö,,,,"Blekinge län"
29060,Kyrkhult,,,,"Blekinge län"
29374,Kyrkhult,,,,"Blekinge län"
29394,Kyrkhult,,,,"Blekinge län"
37012,Hallabro,,,,"Blekinge län"
37276,Hallabro,,,,"Blekinge län"
37293,Hallabro,,,,"Blekinge län"
37400,Karlshamn,,,,"Blekinge län"
37401,Karlshamn,,,,"Blekinge län"
37402,Asarum,,,,"Blekinge län"
37421,Karlshamn,,,,"Blekinge län"
37422,Karlshamn,,,,"Blekinge län"
37423,Karlshamn,,,,"Blekinge län"
37424,Karlshamn,,,,"Blekinge län"
37430,Karlshamn,,,,"Blekinge län"
37431,Karlshamn,,,,"Blekinge län"
37432,Karlshamn,,,,"Blekinge län"
37433,Karlshamn,,,,"Blekinge län"
37434,Karlshamn,,,,"Blekinge län"
37435,Karlshamn,,,,"Blekinge län"
37436,Karlshamn,,,,"Blekinge län"
37437,Karlshamn,,,,"Blekinge län"
37438,Karlshamn,,,,"Blekinge län"
37439,Karlshamn,,,,"Blekinge län"
37440,Karlshamn,,,,"Blekinge län"
37441,Karlshamn,,,,"Blekinge län"
37450,Asarum,,,,"Blekinge län"
37451,Asarum,,,,"Blekinge län"
37452,Asarum,,,,"Blekinge län"
37453,Asarum,,,,"Blekinge län"
37454,Asarum,,,,"Blekinge län"
37470,Trensum,,,,"Blekinge län"
37480,Karlshamn,,,,"Blekinge län"
37481,Karlshamn,,,,"Blekinge län"
37482,Karlshamn,,,,"Blekinge län"
37483,Karlshamn,,,,"Blekinge län"
37491,Asarum,,,,"Blekinge län"
37492,Asarum,,,,"Blekinge län"
37493,Karlshamn,,,,"Blekinge län"
37494,Trensum,,,,"Blekinge län"
37495,Trensum,,,,"Blekinge län"
37496,Trensum,,,,"Blekinge län"
37521,Mörrum,,,,"Blekinge län"
37522,Mörrum,,,,"Blekinge län"
37530,Mörrum,,,,"Blekinge län"
37531,Mörrum,,,,"Blekinge län"
37532,Mörrum,,,,"Blekinge län"
37533,Mörrum,,,,"Blekinge län"
37534,Mörrum,,,,"Blekinge län"
37585,Mörrum,,,,"Blekinge län"
37586,Mörrum,,,,"Blekinge län"
37590,Mörrum,,,,"Blekinge län"
37591,Mörrum,,,,"Blekinge län"
37623,Svängsta,,,,"Blekinge län"
37624,Svängsta,,,,"Blekinge län"
37635,Svängsta,,,,"Blekinge län"
37636,Svängsta,,,,"Blekinge län"
37637,Svängsta,,,,"Blekinge län"
37681,Svängsta,,,,"Blekinge län"
37682,Svängsta,,,,"Blekinge län"
37692,Svängsta,,,,"Blekinge län"
37693,Svängsta,,,,"Blekinge län"
29400,Sölvesborg,,,,"Blekinge län"
29402,Sölvesborg,,,,"Blekinge län"
29405,Sölvesborg,,,,"Blekinge län"
29407,Sölvesborg,,,,"Blekinge län"
29421,Sölvesborg,,,,"Blekinge län"
29422,Sölvesborg,,,,"Blekinge län"
29423,Sölvesborg,,,,"Blekinge län"
29425,Sölvesborg,,,,"Blekinge län"
29431,Sölvesborg,,,,"Blekinge län"
29432,Sölvesborg,,,,"Blekinge län"
29433,Sölvesborg,,,,"Blekinge län"
29434,Sölvesborg,,,,"Blekinge län"
29435,Sölvesborg,,,,"Blekinge län"
29436,Sölvesborg,,,,"Blekinge län"
29437,Sölvesborg,,,,"Blekinge län"
29438,Sölvesborg,,,,"Blekinge län"
29439,Sölvesborg,,,,"Blekinge län"
29440,Sölvesborg,,,,"Blekinge län"
29471,Sölvesborg,,,,"Blekinge län"
29472,Sölvesborg,,,,"Blekinge län"
29474,Sölvesborg,,,,"Blekinge län"
29475,Sölvesborg,,,,"Blekinge län"
29476,Sölvesborg,,,,"Blekinge län"
29477,Sölvesborg,,,,"Blekinge län"
29480,Sölvesborg,,,,"Blekinge län"
29481,Sölvesborg,,,,"Blekinge län"
29491,Sölvesborg,,,,"Blekinge län"
29492,Sölvesborg,,,,"Blekinge län"
29493,Sölvesborg,,,,"Blekinge län"
29494,Sölvesborg,,,,"Blekinge län"
29495,Sölvesborg,,,,"Blekinge län"
29320,Olofström,,,,"Blekinge län"
29420,Sölvesborg,,,,"Blekinge län"
37107,Lyckeby,,,,"Blekinge län"
37110,Karlskrona,,,,"Blekinge län"
37120,Karlskrona,,,,"Blekinge län"
37155,Karlskrona,,,,"Blekinge län"
37164,Lyckeby,,,,"Blekinge län"
37165,Lyckeby,,,,"Blekinge län"
37218,Ronneby,,,,"Blekinge län"
37219,Ronneby,,,,"Blekinge län"
37220,Ronneby,,,,"Blekinge län"
37229,Ronneby,,,,"Blekinge län"
37290,Ronneby,,,,"Blekinge län"
37420,Karlshamn,,,,"Blekinge län"
37520,Mörrum,,,,"Blekinge län"
37620,Svängsta,,,,"Blekinge län"
26024,Röstånga,,,,"Skåne län"
26801,Svalöv,,,,"Skåne län"
26821,Svalöv,,,,"Skåne län"
26822,Svalöv,,,,"Skåne län"
26831,Svalöv,,,,"Skåne län"
26832,Svalöv,,,,"Skåne län"
26833,Svalöv,,,,"Skåne län"
26834,Svalöv,,,,"Skåne län"
26868,Röstånga,,,,"Skåne län"
26880,Svalöv,,,,"Skåne län"
26881,Svalöv,,,,"Skåne län"
26890,Svalöv,,,,"Skåne län"
24501,Staffanstorp,,,,"Skåne län"
24502,Hjärup,,,,"Skåne län"
24518,Staffanstorp,,,,"Skåne län"
24521,Staffanstorp,,,,"Skåne län"
24522,Staffanstorp,,,,"Skåne län"
24523,Staffanstorp,,,,"Skåne län"
24524,Staffanstorp,,,,"Skåne län"
24525,Staffanstorp,,,,"Skåne län"
24530,Staffanstorp,,,,"Skåne län"
24531,Staffanstorp,,,,"Skåne län"
24532,Staffanstorp,,,,"Skåne län"
24533,Staffanstorp,,,,"Skåne län"
24534,Staffanstorp,,,,"Skåne län"
24535,Staffanstorp,,,,"Skåne län"
24537,Staffanstorp,,,,"Skåne län"
24538,Staffanstorp,,,,"Skåne län"
24541,Staffanstorp,,,,"Skåne län"
24542,Staffanstorp,,,,"Skåne län"
24543,Staffanstorp,,,,"Skåne län"
24544,Staffanstorp,,,,"Skåne län"
24545,Staffanstorp,,,,"Skåne län"
24546,Staffanstorp,,,,"Skåne län"
24561,Staffanstorp,,,,"Skåne län"
24562,Hjärup,,,,"Skåne län"
24563,Hjärup,,,,"Skåne län"
24564,Hjärup,,,,"Skåne län"
24565,Hjärup,,,,"Skåne län"
24566,Hjärup,,,,"Skåne län"
24580,Staffanstorp,,,,"Skåne län"
24591,Staffanstorp,,,,"Skåne län"
24592,Staffanstorp,,,,"Skåne län"
24593,Staffanstorp,,,,"Skåne län"
23201,Arlöv,,,,"Skåne län"
23202,Åkarp,,,,"Skåne län"
23221,Arlöv,,,,"Skåne län"
23222,Arlöv,,,,"Skåne län"
23223,Arlöv,,,,"Skåne län"
23224,Arlöv,,,,"Skåne län"
23231,Arlöv,,,,"Skåne län"
23232,Arlöv,,,,"Skåne län"
23233,Arlöv,,,,"Skåne län"
23234,Arlöv,,,,"Skåne län"
23235,Arlöv,,,,"Skåne län"
23236,Arlöv,,,,"Skåne län"
23237,Arlöv,,,,"Skåne län"
23238,Arlöv,,,,"Skåne län"
23239,Arlöv,,,,"Skåne län"
23251,Åkarp,,,,"Skåne län"
23252,Åkarp,,,,"Skåne län"
23253,Åkarp,,,,"Skåne län"
23254,Åkarp,,,,"Skåne län"
23261,Arlöv,,,,"Skåne län"
23501,Vellinge,,,,"Skåne län"
23521,Vellinge,,,,"Skåne län"
23522,Vellinge,,,,"Skåne län"
23525,Vellinge,,,,"Skåne län"
23531,Vellinge,,,,"Skåne län"
23532,Vellinge,,,,"Skåne län"
23533,Vellinge,,,,"Skåne län"
23534,Vellinge,,,,"Skåne län"
23535,Vellinge,,,,"Skåne län"
23536,Vellinge,,,,"Skåne län"
23537,Vellinge,,,,"Skåne län"
23538,Vellinge,,,,"Skåne län"
23539,Vellinge,,,,"Skåne län"
23541,Vellinge,,,,"Skåne län"
23542,Vellinge,,,,"Skåne län"
23543,Vellinge,,,,"Skåne län"
23581,Vellinge,,,,"Skåne län"
23582,Vellinge,,,,"Skåne län"
23583,Vellinge,,,,"Skåne län"
23591,Vellinge,,,,"Skåne län"
23592,Vellinge,,,,"Skåne län"
23593,Vellinge,,,,"Skåne län"
23594,Vellinge,,,,"Skåne län"
23599,Vellinge,,,,"Skåne län"
23601,Höllviken,,,,"Skåne län"
23621,Höllviken,,,,"Skåne län"
23622,Höllviken,,,,"Skåne län"
23623,Höllviken,,,,"Skåne län"
23624,Höllviken,,,,"Skåne län"
23625,Höllviken,,,,"Skåne län"
23631,Höllviken,,,,"Skåne län"
23632,Höllviken,,,,"Skåne län"
23633,Höllviken,,,,"Skåne län"
23634,Höllviken,,,,"Skåne län"
23635,Höllviken,,,,"Skåne län"
23636,Höllviken,,,,"Skåne län"
23637,Höllviken,,,,"Skåne län"
23638,Höllviken,,,,"Skåne län"
23641,Höllviken,,,,"Skåne län"
23642,Höllviken,,,,"Skåne län"
23651,Höllviken,,,,"Skåne län"
23661,Höllviken,,,,"Skåne län"
23691,Höllviken,,,,"Skåne län"
23901,Skanör,,,,"Skåne län"
23921,Skanör,,,,"Skåne län"
23922,Skanör,,,,"Skåne län"
23924,Skanör,,,,"Skåne län"
23930,Skanör,,,,"Skåne län"
23931,Skanör,,,,"Skåne län"
23932,Skanör,,,,"Skåne län"
23933,Skanör,,,,"Skåne län"
23934,Skanör,,,,"Skåne län"
23935,Skanör,,,,"Skåne län"
23936,Skanör,,,,"Skåne län"
23940,Falsterbo,,,,"Skåne län"
23941,Falsterbo,,,,"Skåne län"
23942,Falsterbo,,,,"Skåne län"
28060,Broby,,,,"Skåne län"
28063,Sibbhult,,,,"Skåne län"
28900,Broby,,,,"Skåne län"
28903,Broby,,,,"Skåne län"
28905,Hanaskog,,,,"Skåne län"
28906,Sibbhult,,,,"Skåne län"
28921,Knislinge,,,,"Skåne län"
28931,Knislinge,,,,"Skåne län"
28932,Knislinge,,,,"Skåne län"
28933,Knislinge,,,,"Skåne län"
28940,Broby,,,,"Skåne län"
28941,Broby,,,,"Skåne län"
28942,Broby,,,,"Skåne län"
28943,Broby,,,,"Skåne län"
28950,Hanaskog,,,,"Skåne län"
28971,Sibbhult,,,,"Skåne län"
28972,Sibbhult,,,,"Skåne län"
28973,immeln,,,,"Skåne län"
28989,Hanaskog,,,,"Skåne län"
28990,Knislinge,,,,"Skåne län"
28992,Broby,,,,"Skåne län"
28993,Broby,,,,"Skåne län"
28601,Örkelljunga,,,,"Skåne län"
28621,Örkelljunga,,,,"Skåne län"
28622,Örkelljunga,,,,"Skåne län"
28631,Örkelljunga,,,,"Skåne län"
28632,Örkelljunga,,,,"Skåne län"
28633,Örkelljunga,,,,"Skåne län"
28634,Örkelljunga,,,,"Skåne län"
28635,Örkelljunga,,,,"Skåne län"
28636,Örkelljunga,,,,"Skåne län"
28637,Örkelljunga,,,,"Skåne län"
28672,Åsljunga,,,,"Skåne län"
28674,Fagerhult,,,,"Skåne län"
28680,Örkelljunga,,,,"Skåne län"
28685,Örkelljunga,,,,"Skåne län"
28691,Örkelljunga,,,,"Skåne län"
28692,Örkelljunga,,,,"Skåne län"
28695,Eket,,,,"Skåne län"
26050,Billesholm,,,,"Skåne län"
26701,Bjuv,,,,"Skåne län"
26702,Billesholm,,,,"Skåne län"
26721,Bjuv,,,,"Skåne län"
26722,Bjuv,,,,"Skåne län"
26723,Bjuv,,,,"Skåne län"
26725,Bjuv,,,,"Skåne län"
26731,Bjuv,,,,"Skåne län"
26732,Bjuv,,,,"Skåne län"
26733,Bjuv,,,,"Skåne län"
26734,Bjuv,,,,"Skåne län"
26735,Bjuv,,,,"Skåne län"
26736,Bjuv,,,,"Skåne län"
26737,Bjuv,,,,"Skåne län"
26738,Bjuv,,,,"Skåne län"
26739,Bjuv,,,,"Skåne län"
26740,Bjuv,,,,"Skåne län"
26741,Bjuv,,,,"Skåne län"
26771,Billesholm,,,,"Skåne län"
26772,Billesholm,,,,"Skåne län"
26773,Billesholm,,,,"Skåne län"
26774,Billesholm,,,,"Skåne län"
26781,Bjuv,,,,"Skåne län"
26782,Billesholm,,,,"Skåne län"
26790,Bjuv,,,,"Skåne län"
24400,Kävlinge,,,,"Skåne län"
24401,Kävlinge,,,,"Skåne län"
24402,Furulund,,,,"Skåne län"
24421,Kävlinge,,,,"Skåne län"
24422,Kävlinge,,,,"Skåne län"
24423,Kävlinge,,,,"Skåne län"
24424,Kävlinge,,,,"Skåne län"
24430,Kävlinge,,,,"Skåne län"
24431,Kävlinge,,,,"Skåne län"
24432,Kävlinge,,,,"Skåne län"
24433,Kävlinge,,,,"Skåne län"
24436,Kävlinge,,,,"Skåne län"
24438,Kävlinge,,,,"Skåne län"
24439,Kävlinge,,,,"Skåne län"
24441,Kävlinge,,,,"Skåne län"
24444,Kävlinge,,,,"Skåne län"
24445,Kävlinge,,,,"Skåne län"
24446,Kävlinge,,,,"Skåne län"
24460,Furulund,,,,"Skåne län"
24462,Furulund,,,,"Skåne län"
24463,Furulund,,,,"Skåne län"
24465,Furulund,,,,"Skåne län"
24466,Furulund,,,,"Skåne län"
24471,Dösjebro,,,,"Skåne län"
24480,Kävlinge,,,,"Skåne län"
24482,Kävlinge,,,,"Skåne län"
24491,Kävlinge,,,,"Skåne län"
24493,Kävlinge,,,,"Skåne län"
24494,Furulund,,,,"Skåne län"
24495,Dösjebro,,,,"Skåne län"
24601,Löddeköpinge,,,,"Skåne län"
24602,Löddeköpinge,,,,"Skåne län"
24621,Löddeköpinge,,,,"Skåne län"
24622,Löddeköpinge,,,,"Skåne län"
24625,Löddeköpinge,,,,"Skåne län"
24630,Löddeköpinge,,,,"Skåne län"
24631,Löddeköpinge,,,,"Skåne län"
24632,Löddeköpinge,,,,"Skåne län"
24633,Löddeköpinge,,,,"Skåne län"
24634,Löddeköpinge,,,,"Skåne län"
24635,Löddeköpinge,,,,"Skåne län"
24636,Löddeköpinge,,,,"Skåne län"
24641,Löddeköpinge,,,,"Skåne län"
24642,Löddeköpinge,,,,"Skåne län"
24643,Löddeköpinge,,,,"Skåne län"
24650,Löddeköpinge,,,,"Skåne län"
24651,Löddeköpinge,,,,"Skåne län"
24652,Löddeköpinge,,,,"Skåne län"
24655,Löddeköpinge,,,,"Skåne län"
24657,Barsebäck,,,,"Skåne län"
23401,Lomma,,,,"Skåne län"
23421,Lomma,,,,"Skåne län"
23422,Lomma,,,,"Skåne län"
23423,Lomma,,,,"Skåne län"
23427,Lomma,,,,"Skåne län"
23431,Lomma,,,,"Skåne län"
23432,Lomma,,,,"Skåne län"
23433,Lomma,,,,"Skåne län"
23434,Lomma,,,,"Skåne län"
23435,Lomma,,,,"Skåne län"
23436,Lomma,,,,"Skåne län"
23437,Lomma,,,,"Skåne län"
23438,Lomma,,,,"Skåne län"
23440,Lomma,,,,"Skåne län"
23441,Lomma,,,,"Skåne län"
23442,Lomma,,,,"Skåne län"
23443,Lomma,,,,"Skåne län"
23481,Lomma,,,,"Skåne län"
23701,Bjärred,,,,"Skåne län"
23721,Bjärred,,,,"Skåne län"
23722,Bjärred,,,,"Skåne län"
23723,Bjärred,,,,"Skåne län"
23724,Bjärred,,,,"Skåne län"
23725,Bjärred,,,,"Skåne län"
23731,Bjärred,,,,"Skåne län"
23732,Bjärred,,,,"Skåne län"
23733,Bjärred,,,,"Skåne län"
23734,Bjärred,,,,"Skåne län"
23735,Bjärred,,,,"Skåne län"
23736,Bjärred,,,,"Skåne län"
23737,Bjärred,,,,"Skåne län"
23741,Bjärred,,,,"Skåne län"
23791,Bjärred,,,,"Skåne län"
23301,Svedala,,,,"Skåne län"
23321,Svedala,,,,"Skåne län"
23322,Svedala,,,,"Skåne län"
23323,Svedala,,,,"Skåne län"
23324,Svedala,,,,"Skåne län"
23325,Svedala,,,,"Skåne län"
23326,Svedala,,,,"Skåne län"
23331,Svedala,,,,"Skåne län"
23332,Svedala,,,,"Skåne län"
23333,Svedala,,,,"Skåne län"
23334,Svedala,,,,"Skåne län"
23335,Svedala,,,,"Skåne län"
23336,Svedala,,,,"Skåne län"
23337,Svedala,,,,"Skåne län"
23338,Svedala,,,,"Skåne län"
23339,Svedala,,,,"Skåne län"
23341,Svedala,,,,"Skåne län"
23342,Svedala,,,,"Skåne län"
23351,Svedala,,,,"Skåne län"
23380,Svedala,,,,"Skåne län"
23381,Svedala,,,,"Skåne län"
23391,Svedala,,,,"Skåne län"
23392,Svedala,,,,"Skåne län"
23393,Svedala,,,,"Skåne län"
23394,Svedala,,,,"Skåne län"
27401,Skurup,,,,"Skåne län"
27402,Skivarp,,,,"Skåne län"
27403,Rydsgård,,,,"Skåne län"
27404,Abbekås,,,,"Skåne län"
27406,Skurup,,,,"Skåne län"
27421,Skurup,,,,"Skåne län"
27422,Skurup,,,,"Skåne län"
27423,Skurup,,,,"Skåne län"
27424,Skurup,,,,"Skåne län"
27430,Skurup,,,,"Skåne län"
27431,Skurup,,,,"Skåne län"
27432,Skurup,,,,"Skåne län"
27433,Skurup,,,,"Skåne län"
27434,Skurup,,,,"Skåne län"
27435,Skurup,,,,"Skåne län"
27436,Skurup,,,,"Skåne län"
27437,Skurup,,,,"Skåne län"
27438,Skurup,,,,"Skåne län"
27450,Skivarp,,,,"Skåne län"
27451,Skivarp,,,,"Skåne län"
27453,Skivarp,,,,"Skåne län"
27454,Skivarp,,,,"Skåne län"
27456,Abbekås,,,,"Skåne län"
27460,Rydsgård,,,,"Skåne län"
27461,Rydsgård,,,,"Skåne län"
27463,Rydsgård,,,,"Skåne län"
27480,Skurup,,,,"Skåne län"
27491,Skurup,,,,"Skåne län"
27492,Skurup,,,,"Skåne län"
27493,Skurup,,,,"Skåne län"
27494,Skurup,,,,"Skåne län"
27370,Lövestad,,,,"Skåne län"
27371,Lövestad,,,,"Skåne län"
27372,Lövestad,,,,"Skåne län"
27375,Lövestad,,,,"Skåne län"
27500,Sjöbo,,,,"Skåne län"
27521,Sjöbo,,,,"Skåne län"
27522,Sjöbo,,,,"Skåne län"
27523,Sjöbo,,,,"Skåne län"
27530,Sjöbo,,,,"Skåne län"
27531,Sjöbo,,,,"Skåne län"
27532,Sjöbo,,,,"Skåne län"
27533,Sjöbo,,,,"Skåne län"
27534,Sjöbo,,,,"Skåne län"
27535,Sjöbo,,,,"Skåne län"
27536,Sjöbo,,,,"Skåne län"
27537,Sjöbo,,,,"Skåne län"
27538,Sjöbo,,,,"Skåne län"
27539,Sjöbo,,,,"Skåne län"
27570,Lövestad,,,,"Skåne län"
27571,Lövestad,,,,"Skåne län"
27575,Lövestad,,,,"Skåne län"
27576,Asperöd,,,,"Skåne län"
27580,Sjöbo,,,,"Skåne län"
27591,Sjöbo,,,,"Skåne län"
27592,Sjöbo,,,,"Skåne län"
27593,Sjöbo,,,,"Skåne län"
27594,Sjöbo,,,,"Skåne län"
27595,Sjöbo,,,,"Skåne län"
27596,Sövde,,,,"Skåne län"
24201,Hörby,,,,"Skåne län"
24221,Hörby,,,,"Skåne län"
24222,Hörby,,,,"Skåne län"
24224,Hörby,,,,"Skåne län"
24230,Hörby,,,,"Skåne län"
24231,Hörby,,,,"Skåne län"
24232,Hörby,,,,"Skåne län"
24233,Hörby,,,,"Skåne län"
24234,Hörby,,,,"Skåne län"
24235,Hörby,,,,"Skåne län"
24271,Ludvigsberg,,,,"Skåne län"
24272,Ludvigsborg,,,,"Skåne län"
24280,Hörby,,,,"Skåne län"
24291,Hörby,,,,"Skåne län"
24292,Hörby,,,,"Skåne län"
24293,Hörby,,,,"Skåne län"
24294,Hörby,,,,"Skåne län"
24295,Hörby,,,,"Skåne län"
24296,Hörby,,,,"Skåne län"
24297,Hörby,,,,"Skåne län"
24298,Hörby,,,,"Skåne län"
27033,Vollsjö,,,,"Skåne län"
27506,Vollsjö,,,,"Skåne län"
27566,Vollsjö,,,,"Skåne län"
27567,Vollsjö,,,,"Skåne län"
27568,Vollsjö,,,,"Skåne län"
24301,Höör,,,,"Skåne län"
24321,Höör,,,,"Skåne län"
24322,Höör,,,,"Skåne län"
24323,Höör,,,,"Skåne län"
24326,Höör,,,,"Skåne län"
24330,Höör,,,,"Skåne län"
24331,Höör,,,,"Skåne län"
24332,Höör,,,,"Skåne län"
24333,Höör,,,,"Skåne län"
24334,Höör,,,,"Skåne län"
24335,Höör,,,,"Skåne län"
24336,Höör,,,,"Skåne län"
24339,Höör,,,,"Skåne län"
24340,Höor,,,,"Skåne län"
24391,Höör,,,,"Skåne län"
24392,Höör,,,,"Skåne län"
24393,Höör,,,,"Skåne län"
24394,Höör,,,,"Skåne län"
24395,Höör,,,,"Skåne län"
24396,Höör,,,,"Skåne län"
24397,Hallaröd,,,,"Skåne län"
27031,Äsperöd,,,,"Skåne län"
27301,Tomelilla,,,,"Skåne län"
27303,Tomelilla,,,,"Skåne län"
27321,Tomelilla,,,,"Skåne län"
27322,Tomelilla,,,,"Skåne län"
27330,Tomelilla,,,,"Skåne län"
27331,Tomelilla,,,,"Skåne län"
27332,Tomelilla,,,,"Skåne län"
27333,Tomelilla,,,,"Skåne län"
27334,Tomelilla,,,,"Skåne län"
27335,Tomelilla,,,,"Skåne län"
27336,Tomelilla,,,,"Skåne län"
27350,Brösarp,,,,"Skåne län"
27355,Brösarp,,,,"Skåne län"
27357,Brösarp,,,,"Skåne län"
27380,Tomelilla,,,,"Skåne län"
27391,Tomelilla,,,,"Skåne län"
27392,Tomelilla,,,,"Skåne län"
27393,Tomelilla,,,,"Skåne län"
27394,Tomelilla,,,,"Skåne län"
27395,Tomelilla,,,,"Skåne län"
27396,Tomelilla,,,,"Skåne län"
27397,Tomelilla,,,,"Skåne län"
27750,Brösarp,,,,"Skåne län"
27757,Brösarp,,,,"Skåne län"
29372,Jämshög,,,,"Skåne län"
29392,Jämshög,,,,"Skåne län"
29500,Bromölla,,,,"Skåne län"
29504,Näsum,,,,"Skåne län"
29521,Bromölla,,,,"Skåne län"
29522,Bromölla,,,,"Skåne län"
29523,Bromölla,,,,"Skåne län"
29531,Bromölla,,,,"Skåne län"
29532,Bromölla,,,,"Skåne län"
29534,Bromölla,,,,"Skåne län"
29535,Bromölla,,,,"Skåne län"
29536,Bromölla,,,,"Skåne län"
29537,Bromölla,,,,"Skåne län"
29538,Bromölla,,,,"Skåne län"
29539,Bromölla,,,,"Skåne län"
29551,Bromölla,,,,"Skåne län"
29572,Gualöv,,,,"Skåne län"
29573,Nymölla,,,,"Skåne län"
29574,Näsum,,,,"Skåne län"
29580,Nymölla,,,,"Skåne län"
29591,Bromölla,,,,"Skåne län"
28064,Glimåkra,,,,"Skåne län"
28070,Lönsboda,,,,"Skåne län"
28072,Killeberg,,,,"Skåne län"
28300,Osby,,,,"Skåne län"
28301,Osby,,,,"Skåne län"
28302,Lönsboda,,,,"Skåne län"
28321,Osby,,,,"Skåne län"
28322,Osby,,,,"Skåne län"
28323,Osby,,,,"Skåne län"
28331,Osby,,,,"Skåne län"
28332,Osby,,,,"Skåne län"
28333,Osby,,,,"Skåne län"
28334,Osby,,,,"Skåne län"
28335,Osby,,,,"Skåne län"
28336,Osby,,,,"Skåne län"
28341,Osby,,,,"Skåne län"
28342,Osby,,,,"Skåne län"
28343,Osby,,,,"Skåne län"
28344,Osby,,,,"Skåne län"
28345,Osby,,,,"Skåne län"
28350,Osby,,,,"Skåne län"
28371,Lönsboda,,,,"Skåne län"
28372,Lönsboda,,,,"Skåne län"
28376,Killeberg,,,,"Skåne län"
28380,Osby,,,,"Skåne län"
28383,Osby,,,,"Skåne län"
28391,Osby,,,,"Skåne län"
28393,Lönsboda,,,,"Skåne län"
28394,Lönsboda,,,,"Skåne län"
28395,Visseltofta,,,,"Skåne län"
28396,Killeberg,,,,"Skåne län"
28904,Glimåkra,,,,"Skåne län"
28946,Glimåkra,,,,"Skåne län"
28947,Glimåkra,,,,"Skåne län"
28994,Glimåkra,,,,"Skåne län"
28401,Perstorp,,,,"Skåne län"
28421,Perstorp,,,,"Skåne län"
28422,Perstorp,,,,"Skåne län"
28431,Perstorp,,,,"Skåne län"
28432,Perstorp,,,,"Skåne län"
28433,Perstorp,,,,"Skåne län"
28434,Perstorp,,,,"Skåne län"
28435,Perstorp,,,,"Skåne län"
28436,Perstorp,,,,"Skåne län"
28437,Perstorp,,,,"Skåne län"
28438,Perstorp,,,,"Skåne län"
28480,Perstorp,,,,"Skåne län"
28485,Perstorp,,,,"Skåne län"
28491,Perstorp,,,,"Skåne län"
28492,Perstorp,,,,"Skåne län"
26023,Kågeröd,,,,"Skåne län"
26070,Ljungbyhed,,,,"Skåne län"
26401,Klippan,,,,"Skåne län"
26402,"Östra Ljungby",,,,"Skåne län"
26403,Ljungbyhed,,,,"Skåne län"
26421,Klippan,,,,"Skåne län"
26422,Klippan,,,,"Skåne län"
26423,Klippan,,,,"Skåne län"
26431,Klippan,,,,"Skåne län"
26432,Klippan,,,,"Skåne län"
26433,Klippan,,,,"Skåne län"
26434,Klippan,,,,"Skåne län"
26435,Klippan,,,,"Skåne län"
26436,Klippan,,,,"Skåne län"
26437,Klippan,,,,"Skåne län"
26438,Klippan,,,,"Skåne län"
26439,Klippan,,,,"Skåne län"
26451,Ljungbyhed,,,,"Skåne län"
26452,Ljungbyhed,,,,"Skåne län"
26453,Ljungbyhed,,,,"Skåne län"
26454,Ljungbyhed,,,,"Skåne län"
26470,Klippan,,,,"Skåne län"
26471,"Östra Ljungby",,,,"Skåne län"
26480,Klippan,,,,"Skåne län"
26491,Klippan,,,,"Skåne län"
26492,Klippan,,,,"Skåne län"
26493,Klippan,,,,"Skåne län"
26494,Klippan,,,,"Skåne län"
26805,Kågeröd,,,,"Skåne län"
26876,Kågeröd,,,,"Skåne län"
26877,Kågeröd,,,,"Skåne län"
26878,Kågeröd,,,,"Skåne län"
26060,Kvidinge,,,,"Skåne län"
26061,Hyllinge,,,,"Skåne län"
26501,Åstorp,,,,"Skåne län"
26502,Kvidinge,,,,"Skåne län"
26503,Hyllinge,,,,"Skåne län"
26521,Åstorp,,,,"Skåne län"
26522,Åstorp,,,,"Skåne län"
26524,Åstorp,,,,"Skåne län"
26525,Åstorp,,,,"Skåne län"
26530,Åstorp,,,,"Skåne län"
26531,Åstorp,,,,"Skåne län"
26532,Åstorp,,,,"Skåne län"
26533,Åstorp,,,,"Skåne län"
26534,Åstorp,,,,"Skåne län"
26535,Åstorp,,,,"Skåne län"
26536,Åstorp,,,,"Skåne län"
26537,Åstorp,,,,"Skåne län"
26538,Åstorp,,,,"Skåne län"
26539,Åstorp,,,,"Skåne län"
26540,Åstorp,,,,"Skåne län"
26550,Nyvång,,,,"Skåne län"
26571,Kvidinge,,,,"Skåne län"
26572,Kvidinge,,,,"Skåne län"
26574,Hyllinge,,,,"Skåne län"
26575,Hyllinge,,,,"Skåne län"
26580,Åstorp,,,,"Skåne län"
26581,Åstorp,,,,"Skåne län"
26582,Åstorp,,,,"Skåne län"
26590,Åstorp,,,,"Skåne län"
26092,Förslöv,,,,"Skåne län"
26093,Torekov,,,,"Skåne län"
26901,Båstad,,,,"Skåne län"
26902,Grevie,,,,"Skåne län"
26904,Torekov,,,,"Skåne län"
26921,Båstad,,,,"Skåne län"
26922,Båstad,,,,"Skåne län"
26925,Båstad,,,,"Skåne län"
26931,Båstad,,,,"Skåne län"
26932,Båstad,,,,"Skåne län"
26933,Båstad,,,,"Skåne län"
26934,Båstad,,,,"Skåne län"
26935,Båstad,,,,"Skåne län"
26936,Båstad,,,,"Skåne län"
26937,Båstad,,,,"Skåne län"
26938,Båstad,,,,"Skåne län"
26939,Båstad,,,,"Skåne län"
26940,Båstad,,,,"Skåne län"
26941,"Östra Karup",,,,"Skåne län"
26942,Båstad,,,,"Skåne län"
26943,Båstad,,,,"Skåne län"
26944,Båstad,,,,"Skåne län"
26962,Grevie,,,,"Skåne län"
26974,"Västra Karup",,,,"Skåne län"
26976,Torekov,,,,"Skåne län"
26977,Torekov,,,,"Skåne län"
26978,Torekov,,,,"Skåne län"
26980,Båstad,,,,"Skåne län"
26981,Båstad,,,,"Skåne län"
26982,Båstad,,,,"Skåne län"
26983,Båstad,,,,"Skåne län"
26984,Båstad,,,,"Skåne län"
26991,Båstad,,,,"Skåne län"
26992,Båstad,,,,"Skåne län"
26993,Båstad,,,,"Skåne län"
26994,Båstad,,,,"Skåne län"
26995,Båstad,,,,"Skåne län"
26996,Båstad,,,,"Skåne län"
23291,Arlöv,,,,"Skåne län"
23801,Oxie,,,,"Skåne län"
23821,Oxie,,,,"Skåne län"
23822,Oxie,,,,"Skåne län"
23823,Oxie,,,,"Skåne län"
23830,Oxie,,,,"Skåne län"
23831,Oxie,,,,"Skåne län"
23832,Oxie,,,,"Skåne län"
23833,Oxie,,,,"Skåne län"
23834,Oxie,,,,"Skåne län"
23835,Oxie,,,,"Skåne län"
23836,Oxie,,,,"Skåne län"
23837,Oxie,,,,"Skåne län"
23838,Oxie,,,,"Skåne län"
23839,Oxie,,,,"Skåne län"
23840,Oxie,,,,"Skåne län"
23841,Oxie,,,,"Skåne län"
23842,Oxie,,,,"Skåne län"
23843,Oxie,,,,"Skåne län"
24010,Dalby,,,,"Skåne län"
24012,Torna-Hällestad,,,,"Skåne län"
24013,Genarp,,,,"Skåne län"
24014,Veberöd,,,,"Skåne län"
24700,Dalby,,,,"Skåne län"
24701,"Södra Sandby",,,,"Skåne län"
24719,"Södra Sandby",,,,"Skåne län"
24721,"Södra Sandby",,,,"Skåne län"
24722,"Södra Sandby",,,,"Skåne län"
24723,"Södra Sandby",,,,"Skåne län"
24724,Dalby,,,,"Skåne län"
24725,"Södra Sandby",,,,"Skåne län"
24726,Veberöd,,,,"Skåne län"
24727,Genarp,,,,"Skåne län"
24728,Genarp,,,,"Skåne län"
24731,"Södra Sandby",,,,"Skåne län"
24732,"Södra Sandby",,,,"Skåne län"
24733,"Södra Sandby",,,,"Skåne län"
24734,"Södra Sandby",,,,"Skåne län"
24735,"Södra Sandby",,,,"Skåne län"
24736,"Södra Sandby",,,,"Skåne län"
24741,"Södra Sandby",,,,"Skåne län"
24745,Torna-häkkestad,,,,"Skåne län"
24750,Dalby,,,,"Skåne län"
24751,Dalby,,,,"Skåne län"
24752,Dalby,,,,"Skåne län"
24753,Dalby,,,,"Skåne län"
24754,Dalby,,,,"Skåne län"
24755,Dalby,,,,"Skåne län"
24756,Dalby,,,,"Skåne län"
24760,Veberöd,,,,"Skåne län"
24761,Veberöd,,,,"Skåne län"
24762,Veberöd,,,,"Skåne län"
24763,Veberöd,,,,"Skåne län"
24764,Veberöd,,,,"Skåne län"
24770,Genarp,,,,"Skåne län"
24771,Genarp,,,,"Skåne län"
24772,Genarp,,,,"Skåne län"
24781,"Södra Sandby",,,,"Skåne län"
24782,"Södra Sandby",,,,"Skåne län"
24791,"Södra Sandby",,,,"Skåne län"
24792,"Södra Sandby",,,,"Skåne län"
24794,Dalby,,,,"Skåne län"
24795,Torna-Hällestad,,,,"Skåne län"
24796,Veberöd,,,,"Skåne län"
24798,Genarp,,,,"Skåne län"
24799,Genarp,,,,"Skåne län"
26013,"Sankt Ibb",,,,"Skåne län"
26021,Billeberga,,,,"Skåne län"
26100,Landskrona,,,,"Skåne län"
26103,Landskrona,,,,"Skåne län"
26104,Landskrona,,,,"Skåne län"
26106,Landskrona,,,,"Skåne län"
26107,Asmundtorp,,,,"Skåne län"
26108,Glumslöv,,,,"Skåne län"
26122,Landskrona,,,,"Skåne län"
26123,Landskrona,,,,"Skåne län"
26124,Landskrona,,,,"Skåne län"
26125,Landskrona,,,,"Skåne län"
26126,Landskrona,,,,"Skåne län"
26127,Landskrona,,,,"Skåne län"
26129,Landskrona,,,,"Skåne län"
26131,Landskrona,,,,"Skåne län"
26132,Landskrona,,,,"Skåne län"
26133,Landskrona,,,,"Skåne län"
26134,Landskrona,,,,"Skåne län"
26135,Landskrona,,,,"Skåne län"
26136,Landskrona,,,,"Skåne län"
26137,Landskrona,,,,"Skåne län"
26138,Landskrona,,,,"Skåne län"
26139,Landskrona,,,,"Skåne län"
26140,Landskrona,,,,"Skåne län"
26141,Landskrona,,,,"Skåne län"
26142,Landskrona,,,,"Skåne län"
26143,Landskrona,,,,"Skåne län"
26144,Landskrona,,,,"Skåne län"
26145,Landskrona,,,,"Skåne län"
26146,Landskrona,,,,"Skåne län"
26147,Landskrona,,,,"Skåne län"
26151,Landskrona,,,,"Skåne län"
26152,Landskrona,,,,"Skåne län"
26153,Landskrona,,,,"Skåne län"
26160,Landskrona,,,,"Skåne län"
26161,Landskrona,,,,"Skåne län"
26162,Glumslöv,,,,"Skåne län"
26163,Glumslöv,,,,"Skåne län"
26165,Landskrona,,,,"Skåne län"
26171,Landskrona,,,,"Skåne län"
26175,Asmundtorp,,,,"Skåne län"
26176,Asmundtorp,,,,"Skåne län"
26180,Landskrona,,,,"Skåne län"
26191,Landskrona,,,,"Skåne län"
26192,Landskrona,,,,"Skåne län"
26193,Landskrona,,,,"Skåne län"
26194,Landskrona,,,,"Skåne län"
26195,"Sankt Ibb",,,,"Skåne län"
26873,Billeberga,,,,"Skåne län"
26874,Billeberga,,,,"Skåne län"
25002,Helsingborg,,,,"Skåne län"
25003,Helsingborg,,,,"Skåne län"
25004,Helsingborg,,,,"Skåne län"
25005,Helsingborg,,,,"Skåne län"
25006,Helsingborg,,,,"Skåne län"
25007,Helsingborg,,,,"Skåne län"
25008,Helsingborg,,,,"Skåne län"
25009,Helsingborg,,,,"Skåne län"
25013,Helsingborg,,,,"Skåne län"
25014,Helsingborg,,,,"Skåne län"
25015,Helsingborg,,,,"Skåne län"
25016,Råå,,,,"Skåne län"
25018,Helsingborg,,,,"Skåne län"
25019,Helsingborg,,,,"Skåne län"
25020,Helsingborg,,,,"Skåne län"
25022,Helsingborg,,,,"Skåne län"
25023,Helsingborg,,,,"Skåne län"
25024,Helsingborg,,,,"Skåne län"
25025,Helsingborg,,,,"Skåne län"
25053,Helsingborg,,,,"Skåne län"
25054,Helsingborg,,,,"Skåne län"
25100,Helsingborg,,,,"Skåne län"
25101,Helsingborg,,,,"Skåne län"
25106,Helsingborg,,,,"Skåne län"
25107,Helsingborg,,,,"Skåne län"
25108,Helsingborg,,,,"Skåne län"
25109,Helsingborg,,,,"Skåne län"
25110,Helsingborg,,,,"Skåne län"
25111,Helsingborg,,,,"Skåne län"
25112,Helsingborg,,,,"Skåne län"
25113,Helsingborg,,,,"Skåne län"
25114,Helsingborg,,,,"Skåne län"
25181,Helsingborg,,,,"Skåne län"
25182,Ramlösa,,,,"Skåne län"
25183,Helsingborg,,,,"Skåne län"
25184,Helsingborg,,,,"Skåne län"
25185,Helsingborg,,,,"Skåne län"
25187,Helsingborg,,,,"Skåne län"
25188,Helsingborg,,,,"Skåne län"
25189,Helsingborg,,,,"Skåne län"
25200,Helsingborg,,,,"Skåne län"
25201,Helsingborg,,,,"Skåne län"
25202,Helsingborg,,,,"Skåne län"
25208,Helsingborg,,,,"Skåne län"
25218,Helsingborg,,,,"Skåne län"
25219,Helsingborg,,,,"Skåne län"
25220,Helsingborg,,,,"Skåne län"
25221,Helsingborg,,,,"Skåne län"
25222,Helsingborg,,,,"Skåne län"
25223,Helsingborg,,,,"Skåne län"
25224,Helsingborg,,,,"Skåne län"
25225,Helsingborg,,,,"Skåne län"
25226,Helsingborg,,,,"Skåne län"
25227,Helsingborg,,,,"Skåne län"
25228,Helsingborg,,,,"Skåne län"
25229,Helsingborg,,,,"Skåne län"
25230,Helsingborg,,,,"Skåne län"
25231,Helsingborg,,,,"Skåne län"
25232,Helsingborg,,,,"Skåne län"
25233,Helsingborg,,,,"Skåne län"
25234,Helsingborg,,,,"Skåne län"
25236,Helsingborg,,,,"Skåne län"
25237,Helsingborg,,,,"Skåne län"
25238,Helsingborg,,,,"Skåne län"
25240,Helsingborg,,,,"Skåne län"
25241,Helsingborg,,,,"Skåne län"
25244,Helsingborg,,,,"Skåne län"
25245,Helsingborg,,,,"Skåne län"
25246,Helsingborg,,,,"Skåne län"
25247,Helsingborg,,,,"Skåne län"
25248,Helsingborg,,,,"Skåne län"
25249,Helsingborg,,,,"Skåne län"
25250,Helsingborg,,,,"Skåne län"
25251,Helsingborg,,,,"Skåne län"
25252,Helsingborg,,,,"Skåne län"
25263,Helsingborg,,,,"Skåne län"
25266,Helsingborg,,,,"Skåne län"
25267,Helsingborg,,,,"Skåne län"
25268,Helsingborg,,,,"Skåne län"
25269,Råå,,,,"Skåne län"
25270,Råå,,,,"Skåne län"
25271,Råå,,,,"Skåne län"
25275,Helsingborg,,,,"Skåne län"
25276,Helsingborg,,,,"Skåne län"
25277,Helsingborg,,,,"Skåne län"
25278,Helsingborg,,,,"Skåne län"
25279,Helsingborg,,,,"Skåne län"
25280,Helsingborg,,,,"Skåne län"
25284,Helsingborg,,,,"Skåne län"
25285,Helsingborg,,,,"Skåne län"
25286,Helsingborg,,,,"Skåne län"
25300,Helsingborg,,,,"Skåne län"
25301,Helsingborg,,,,"Skåne län"
25302,Helsingborg,,,,"Skåne län"
25341,Valläkra,,,,"Skåne län"
25342,Vallåkra,,,,"Skåne län"
25351,Påarp,,,,"Skåne län"
25352,Påarp,,,,"Skåne län"
25353,Påarp,,,,"Skåne län"
25354,Mörarp,,,,"Skåne län"
25355,Mörarp,,,,"Skåne län"
25356,Mörarp,,,,"Skåne län"
25360,Ramlösa,,,,"Skåne län"
25361,Helsingborg,,,,"Skåne län"
25362,Helsingborg,,,,"Skåne län"
25368,Helsingborg,,,,"Skåne län"
25373,Gantofta,,,,"Skåne län"
25374,Helsingborg,,,,"Skåne län"
25375,Helsingborg,,,,"Skåne län"
25400,Helsingborg,,,,"Skåne län"
25401,Helsingborg,,,,"Skåne län"
25402,Helsingborg,,,,"Skåne län"
25403,Ödåkra,,,,"Skåne län"
25404,Ödåkra,,,,"Skåne län"
25408,Helsingborg,,,,"Skåne län"
25420,Helsingborg,,,,"Skåne län"
25421,Helsingborg,,,,"Skåne län"
25422,Helsingborg,,,,"Skåne län"
25423,Helsingborg,,,,"Skåne län"
25424,Helsingborg,,,,"Skåne län"
25426,Helsingborg,,,,"Skåne län"
25430,Helsingborg,,,,"Skåne län"
25431,Helsingborg,,,,"Skåne län"
25433,Helsingborg,,,,"Skåne län"
25434,Helsingborg,,,,"Skåne län"
25435,Helsingborg,,,,"Skåne län"
25436,Helsingborg,,,,"Skåne län"
25437,Helsingborg,,,,"Skåne län"
25438,Helsingborg,,,,"Skåne län"
25439,Helsingborg,,,,"Skåne län"
25440,Helsingborg,,,,"Skåne län"
25441,Helsingborg,,,,"Skåne län"
25442,Helsingborg,,,,"Skåne län"
25443,Helsingborg,,,,"Skåne län"
25444,Helsingborg,,,,"Skåne län"
25445,Helsingborg,,,,"Skåne län"
25446,Helsingborg,,,,"Skåne län"
25447,Helsingborg,,,,"Skåne län"
25448,Helsingborg,,,,"Skåne län"
25450,Helsingborg,,,,"Skåne län"
25451,Helsingborg,,,,"Skåne län"
25452,Helsingborg,,,,"Skåne län"
25453,Helsingborg,,,,"Skåne län"
25454,Helsingborg,,,,"Skåne län"
25455,Helsingborg,,,,"Skåne län"
25456,Helsingborg,,,,"Skåne län"
25457,Helsingborg,,,,"Skåne län"
25458,Helsingborg,,,,"Skåne län"
25459,Helsingborg,,,,"Skåne län"
25460,Helsingborg,,,,"Skåne län"
25461,Helsingborg,,,,"Skåne län"
25462,Helsingborg,,,,"Skåne län"
25463,Helsingborg,,,,"Skåne län"
25464,Helsingborg,,,,"Skåne län"
25465,Helsingborg,,,,"Skåne län"
25466,Helsingborg,,,,"Skåne län"
25467,Helsingborg,,,,"Skåne län"
25468,Helsingborg,,,,"Skåne län"
25469,Ödåkra,,,,"Skåne län"
25470,Kattarp,,,,"Skåne län"
25471,Hasslarp,,,,"Skåne län"
25472,Ödåkra,,,,"Skåne län"
25473,Ödåkra,,,,"Skåne län"
25474,ödakra,,,,"Skåne län"
25475,Ödåkra,,,,"Skåne län"
25476,Allerum,,,,"Skåne län"
25477,Fleninge,,,,"Skåne län"
25478,Domsten,,,,"Skåne län"
25481,Helsingborg,,,,"Skåne län"
25482,Helsingborg,,,,"Skåne län"
25483,Helsingborg,,,,"Skåne län"
25484,Helsingborg,,,,"Skåne län"
25591,Helsingborg,,,,"Skåne län"
25592,Helsingborg,,,,"Skåne län"
25600,Helsingborg,,,,"Skåne län"
25654,Ramlösa,,,,"Skåne län"
25655,Helsingborg,,,,"Skåne län"
25656,Helsingborg,,,,"Skåne län"
25657,Ramlösa,,,,"Skåne län"
25658,Helsingborg,,,,"Skåne län"
25659,Helsingborg,,,,"Skåne län"
25661,Helsingborg,,,,"Skåne län"
25662,Helsingborg,,,,"Skåne län"
25663,Helsingborg,,,,"Skåne län"
25664,Helsingborg,,,,"Skåne län"
25665,Helsingborg,,,,"Skåne län"
25666,Helsingborg,,,,"Skåne län"
25667,Helsingborg,,,,"Skåne län"
25668,Helsingborg,,,,"Skåne län"
25669,Helsingborg,,,,"Skåne län"
25671,Helsingborg,,,,"Skåne län"
25721,Rydebäck,,,,"Skåne län"
25730,Rydebäck,,,,"Skåne län"
25731,Rydebäck,,,,"Skåne län"
25732,Rydebäck,,,,"Skåne län"
25733,Rydebäck,,,,"Skåne län"
26022,Tågarp,,,,"Skåne län"
26030,Vallåkra,,,,"Skåne län"
26033,Påarp,,,,"Skåne län"
26034,Mörarp,,,,"Skåne län"
26035,Ödåkra,,,,"Skåne län"
26036,Ödåkra-Väla,,,,"Skåne län"
26038,Kattarp,,,,"Skåne län"
26051,Ekeby,,,,"Skåne län"
26703,Ekeby,,,,"Skåne län"
26775,Ekeby,,,,"Skåne län"
26776,Ekeby,,,,"Skåne län"
26777,Ekeby,,,,"Skåne län"
26875,Tågarp,,,,"Skåne län"
26041,Nyhamnsläge,,,,"Skåne län"
26042,Mölle,,,,"Skåne län"
26043,Arild,,,,"Skåne län"
26300,Höganäs,,,,"Skåne län"
26302,Jonstorp,,,,"Skåne län"
26303,Viken,,,,"Skåne län"
26321,Höganäs,,,,"Skåne län"
26322,Höganäs,,,,"Skåne län"
26323,Höganäs,,,,"Skåne län"
26325,Höganäs,,,,"Skåne län"
26331,Höganäs,,,,"Skåne län"
26332,Höganäs,,,,"Skåne län"
26333,Höganäs,,,,"Skåne län"
26334,Höganäs,,,,"Skåne län"
26336,Höganäs,,,,"Skåne län"
26337,Höganäs,,,,"Skåne län"
26338,Höganäs,,,,"Skåne län"
26339,Höganäs,,,,"Skåne län"
26351,Höganäs,,,,"Skåne län"
26352,Lerberget,,,,"Skåne län"
26353,Lerberget,,,,"Skåne län"
26354,Lerberget,,,,"Skåne län"
26357,Höganäs,,,,"Skåne län"
26358,Höganäs,,,,"Skåne län"
26361,Viken,,,,"Skåne län"
26362,Viken,,,,"Skåne län"
26363,Viken,,,,"Skåne län"
26364,Viken,,,,"Skåne län"
26365,Viken,,,,"Skåne län"
26371,Jonstorp,,,,"Skåne län"
26372,Skäret,,,,"Skåne län"
26373,Arild,,,,"Skåne län"
26375,Nyhamnsläge,,,,"Skåne län"
26376,Nyhamnsläge,,,,"Skåne län"
26377,MÖLLE,,,,"Skåne län"
26382,Höganäs,,,,"Skåne län"
26383,Höganäs,,,,"Skåne län"
26391,Höganäs,,,,"Skåne län"
26392,Jonstorp,,,,"Skåne län"
26393,Höganäs,,,,"Skåne län"
26394,Mjöhult,,,,"Skåne län"
26395,Farhult,,,,"Skåne län"
24030,Marieholm,,,,"Skåne län"
24032,Flyinge,,,,"Skåne län"
24033,Löberöd,,,,"Skåne län"
24035,Harlösa,,,,"Skåne län"
24036,Stehag,,,,"Skåne län"
24102,Marieholm,,,,"Skåne län"
24103,Billinge,,,,"Skåne län"
24105,Harlösa,,,,"Skåne län"
24110,Eslöv,,,,"Skåne län"
24121,Eslöv,,,,"Skåne län"
24122,Eslöv,,,,"Skåne län"
24123,Eslöv,,,,"Skåne län"
24124,Eslöv,,,,"Skåne län"
24125,Eslöv,,,,"Skåne län"
24126,Eslöv,,,,"Skåne län"
24130,Eslöv,,,,"Skåne län"
24131,Eslöv,,,,"Skåne län"
24132,Eslöv,,,,"Skåne län"
24133,Eslöv,,,,"Skåne län"
24134,Eslöv,,,,"Skåne län"
24135,Eslöv,,,,"Skåne län"
24136,Eslöv,,,,"Skåne län"
24137,Eslöv,,,,"Skåne län"
24138,Eslöv,,,,"Skåne län"
24139,Eslöv,,,,"Skåne län"
24140,Eslöv,,,,"Skåne län"
24161,Löberöd,,,,"Skåne län"
24162,Löberöd,,,,"Skåne län"
24164,Harlösa,,,,"Skåne län"
24165,Harlösa,,,,"Skåne län"
24171,Marieholm,,,,"Skåne län"
24172,MARIEHOLM,,,,"Skåne län"
24174,Stehag,,,,"Skåne län"
24175,Stehag,,,,"Skåne län"
24180,Eslöv,,,,"Skåne län"
24181,Eslöv,,,,"Skåne län"
24191,Eslöv,,,,"Skåne län"
24192,Eslöv,,,,"Skåne län"
24193,Eslöv,,,,"Skåne län"
24194,Eslöv,,,,"Skåne län"
24195,Billinge,,,,"Skåne län"
24196,Stockamöllan,,,,"Skåne län"
24729,Flyinge,,,,"Skåne län"
24747,Flyinge,,,,"Skåne län"
24793,Flyinge,,,,"Skåne län"
24797,Flyinge,,,,"Skåne län"
26020,Teckomatorp,,,,"Skåne län"
26802,Teckomatorp,,,,"Skåne län"
26871,Teckomatorp,,,,"Skåne län"
26872,Teckomatorp,,,,"Skåne län"
27021,Glemmingebro,,,,"Skåne län"
27022,Köpingebro,,,,"Skåne län"
27035,Blentarp,,,,"Skåne län"
27100,Ystad,,,,"Skåne län"
27101,Ystad,,,,"Skåne län"
27102,Ystad,,,,"Skåne län"
27121,Ystad,,,,"Skåne län"
27122,Ystad,,,,"Skåne län"
27123,Ystad,,,,"Skåne län"
27124,Ystad,,,,"Skåne län"
27125,Ystad,,,,"Skåne län"
27131,Ystad,,,,"Skåne län"
27132,Ystad,,,,"Skåne län"
27133,Ystad,,,,"Skåne län"
27134,Ystad,,,,"Skåne län"
27135,Ystad,,,,"Skåne län"
27136,Ystad,,,,"Skåne län"
27137,Ystad,,,,"Skåne län"
27138,Ystad,,,,"Skåne län"
27139,Ystad,,,,"Skåne län"
27140,Ystad,,,,"Skåne län"
27141,Ystad,,,,"Skåne län"
27142,Ystad,,,,"Skåne län"
27143,Ystad,,,,"Skåne län"
27144,Ystad,,,,"Skåne län"
27145,Ystad,,,,"Skåne län"
27150,Ystad,,,,"Skåne län"
27151,Ystad,,,,"Skåne län"
27152,Ystad,,,,"Skåne län"
27153,Ystad,,,,"Skåne län"
27154,Ystad,,,,"Skåne län"
27155,Ystad,,,,"Skåne län"
27156,Ystad,,,,"Skåne län"
27160,Ystad,,,,"Skåne län"
27174,Glemmingbro,,,,"Skåne län"
27175,Glemmingebro,,,,"Skåne län"
27176,Löderup,,,,"Skåne län"
27177,Löderup,,,,"Skåne län"
27178,Löderup,,,,"Skåne län"
27180,Ystad,,,,"Skåne län"
27181,Ystad,,,,"Skåne län"
27182,Ystad,,,,"Skåne län"
27183,Ystad,,,,"Skåne län"
27191,Ystad,,,,"Skåne län"
27192,Ystad,,,,"Skåne län"
27193,Ystad,,,,"Skåne län"
27194,Ystad,,,,"Skåne län"
27195,Ystad,,,,"Skåne län"
27196,Ystad,,,,"Skåne län"
27197,Ystad,,,,"Skåne län"
27198,Ystad,,,,"Skåne län"
27199,Ystad,,,,"Skåne län"
27462,Rydsgård,,,,"Skåne län"
27562,Blentarp,,,,"Skåne län"
27563,Blentarp,,,,"Skåne län"
27564,Blentarp,,,,"Skåne län"
27572,Blentarp,,,,"Skåne län"
27640,Löderup,,,,"Skåne län"
27645,Löderup,,,,"Skåne län"
27646,Löderup,,,,"Skåne län"
23103,Trelleborg,,,,"Skåne län"
23105,Smygehamn,,,,"Skåne län"
23106,Beddingestrand,,,,"Skåne län"
23108,Anderslöv,,,,"Skåne län"
23110,Trelleborg,,,,"Skåne län"
23121,Trelleborg,,,,"Skåne län"
23122,Trelleborg,,,,"Skåne län"
23123,Trelleborg,,,,"Skåne län"
23124,Trelleborg,,,,"Skåne län"
23125,Trelleborg,,,,"Skåne län"
23127,Trelleborg,,,,"Skåne län"
23132,Trelleborg,,,,"Skåne län"
23133,Trelleborg,,,,"Skåne län"
23134,Trelleborg,,,,"Skåne län"
23136,Trelleborg,,,,"Skåne län"
23138,Trelleborg,,,,"Skåne län"
23142,Trelleborg,,,,"Skåne län"
23143,Trelleborg,,,,"Skåne län"
23144,Trelleborg,,,,"Skåne län"
23145,Trelleborg,,,,"Skåne län"
23151,Trelleborg,,,,"Skåne län"
23152,Trelleborg,,,,"Skåne län"
23153,Trelleborg,,,,"Skåne län"
23154,Trelleborg,,,,"Skåne län"
23155,Trelleborg,,,,"Skåne län"
23156,Trelleborg,,,,"Skåne län"
23161,Trelleborg,,,,"Skåne län"
23162,Trelleborg,,,,"Skåne län"
23163,Trelleborg,,,,"Skåne län"
23164,Trelleborg,,,,"Skåne län"
23165,Trelleborg,,,,"Skåne län"
23166,Trelleborg,,,,"Skåne län"
23168,Trelleborg,,,,"Skåne län"
23169,Skegrie,,,,"Skåne län"
23170,Anderslöv,,,,"Skåne län"
23172,Anderslöv,,,,"Skåne län"
23173,Anderslöv,,,,"Skåne län"
23175,Beddingestrand,,,,"Skåne län"
23176,Beddingestrand,,,,"Skåne län"
23178,Smygehamn,,,,"Skåne län"
23179,Smygehamn,,,,"Skåne län"
23181,Trelleborg,,,,"Skåne län"
23183,Trelleborg,,,,"Skåne län"
23185,Trelleborg,,,,"Skåne län"
23187,Trelleborg,,,,"Skåne län"
23191,Trelleborg,,,,"Skåne län"
23192,Trelleborg,,,,"Skåne län"
23193,Trelleborg,,,,"Skåne län"
23194,Trelleborg,,,,"Skåne län"
23195,Trelleborg,,,,"Skåne län"
23196,Trelleborg,,,,"Skåne län"
23197,Klagstorp,,,,"Skåne län"
23198,Klagstorp,,,,"Skåne län"
23199,Klagstorp,,,,"Skåne län"
29010,Tollarp,,,,"Skåne län"
29011,Linderöd,,,,"Skåne län"
29030,Kristianstad,,,,"Skåne län"
29031,Kristianstad,,,,"Skåne län"
29032,Kristianstad,,,,"Skåne län"
29033,Kristianstad,,,,"Skåne län"
29034,Fjälkinge,,,,"Skåne län"
29037,Arkelstorp,,,,"Skåne län"
29038,"Villands Vånga",,,,"Skåne län"
29050,Kristianstad,,,,"Skåne län"
29051,Kristianstad,,,,"Skåne län"
29062,Vilshult,,,,"Skåne län"
29100,Kristianstad,,,,"Skåne län"
29102,Kristianstad,,,,"Skåne län"
29103,Kristianstad,,,,"Skåne län"
29105,Kristianstad,,,,"Skåne län"
29107,Kristianstad,,,,"Skåne län"
29108,Kristianstad,,,,"Skåne län"
29109,Kristianstad,,,,"Skåne län"
29111,Färlöv,,,,"Skåne län"
29112,Önnestad,,,,"Skåne län"
29113,"Gärds Köpinge",,,,"Skåne län"
29114,Rinkaby,,,,"Skåne län"
29115,Kristianstad,,,,"Skåne län"
29116,Kristianstad,,,,"Skåne län"
29117,Kristianstad,,,,"Skåne län"
29121,Kristianstad,,,,"Skåne län"
29122,Kristianstad,,,,"Skåne län"
29123,Kristianstad,,,,"Skåne län"
29125,Kristianstad,,,,"Skåne län"
29126,Kristianstad,,,,"Skåne län"
29128,Kristiansstad,,,,"Skåne län"
29129,Kristianstad,,,,"Skåne län"
29130,Kristianstad,,,,"Skåne län"
29131,Kristianstad,,,,"Skåne län"
29132,Kristianstad,,,,"Skåne län"
29133,Kristianstad,,,,"Skåne län"
29134,Kristianstad,,,,"Skåne län"
29135,Kristianstad,,,,"Skåne län"
29136,Kristianstad,,,,"Skåne län"
29137,Kristianstad,,,,"Skåne län"
29138,Kristianstad,,,,"Skåne län"
29139,Kristianstad,,,,"Skåne län"
29140,Kristianstad,,,,"Skåne län"
29141,Kristianstad,,,,"Skåne län"
29142,Kristianstad,,,,"Skåne län"
29143,Kristianstad,,,,"Skåne län"
29144,Kristianstad,,,,"Skåne län"
29145,Kristianstad,,,,"Skåne län"
29146,Kristianstad,,,,"Skåne län"
29147,Kristianstad,,,,"Skåne län"
29148,Kristianstad,,,,"Skåne län"
29149,Kristianstad,,,,"Skåne län"
29150,Kristianstad,,,,"Skåne län"
29151,Kristianstad,,,,"Skåne län"
29153,Kristianstad,,,,"Skåne län"
29154,Kristianstad,,,,"Skåne län"
29155,Arkelstorp,,,,"Skåne län"
29156,Arkelstorp,,,,"Skåne län"
29157,Arkelstorp,,,,"Skåne län"
29158,Kristianstad,,,,"Skåne län"
29159,Kristianstad,,,,"Skåne län"
29160,Kristianstad,,,,"Skåne län"
29161,Kristianstad,,,,"Skåne län"
29162,Kristianstad,,,,"Skåne län"
29163,Kristianstad,,,,"Skåne län"
29165,Kristianstad,,,,"Skåne län"
29166,Kristianstad,,,,"Skåne län"
29167,Fjälkinge,,,,"Skåne län"
29168,Fjälkinge,,,,"Skåne län"
29169,Fjälkinge,,,,"Skåne län"
29170,Kristianstad,,,,"Skåne län"
29173,Önnestad,,,,"Skåne län"
29175,Färlöv,,,,"Skåne län"
29176,Rinkaby,,,,"Skåne län"
29177,"Gärds Köpinge",,,,"Skåne län"
29180,Kristianstad,,,,"Skåne län"
29181,Kristianstad,,,,"Skåne län"
29184,Kristianstad,,,,"Skåne län"
29185,Kristianstad,,,,"Skåne län"
29186,Kristianstad,,,,"Skåne län"
29187,Kristianstad,,,,"Skåne län"
29188,Kristianstad,,,,"Skåne län"
29189,Kristianstad,,,,"Skåne län"
29191,Kristianstad,,,,"Skåne län"
29192,Kristianstad,,,,"Skåne län"
29193,Önnestad,,,,"Skåne län"
29194,Kristianstad,,,,"Skåne län"
29195,Färlöv,,,,"Skåne län"
29196,Kristianstad,,,,"Skåne län"
29197,"Gärds Köpinge",,,,"Skåne län"
29198,"Villands Vånga",,,,"Skåne län"
29395,Vilshult,,,,"Skåne län"
29594,Näsum,,,,"Skåne län"
29600,Åhus,,,,"Skåne län"
29602,Yngsjö,,,,"Skåne län"
29603,Yngsjö,,,,"Skåne län"
29621,Åhus,,,,"Skåne län"
29622,Åhus,,,,"Skåne län"
29623,Åhus,,,,"Skåne län"
29624,Åhus,,,,"Skåne län"
29625,Åhus,,,,"Skåne län"
29631,Åhus,,,,"Skåne län"
29632,Åhus,,,,"Skåne län"
29633,Åhus,,,,"Skåne län"
29634,Åhus,,,,"Skåne län"
29635,Åhus,,,,"Skåne län"
29637,Åhus,,,,"Skåne län"
29638,Åhus,,,,"Skåne län"
29639,Åhus,,,,"Skåne län"
29641,Åhus,,,,"Skåne län"
29672,Yngsjö,,,,"Skåne län"
29680,Åhus,,,,"Skåne län"
29681,Åhus,,,,"Skåne län"
29685,Åhus,,,,"Skåne län"
29686,Åhus,,,,"Skåne län"
29691,Åhus,,,,"Skåne län"
29692,Yngsjö,,,,"Skåne län"
29701,Degeberga,,,,"Skåne län"
29702,Everöd,,,,"Skåne län"
29721,Degeberga,,,,"Skåne län"
29722,Degeberga,,,,"Skåne län"
29731,Degeberga,,,,"Skåne län"
29732,Degeberga,,,,"Skåne län"
29772,Everöd,,,,"Skåne län"
29791,Vittskövle,,,,"Skåne län"
29792,Everöd,,,,"Skåne län"
29793,Huaröd,,,,"Skåne län"
29794,Degeberga,,,,"Skåne län"
29796,"Östra Sönnarslöv",,,,"Skåne län"
29801,Tollarp,,,,"Skåne län"
29820,Tollarp,,,,"Skåne län"
29821,Tollarp,,,,"Skåne län"
29831,Tollarp,,,,"Skåne län"
29832,Tollarp,,,,"Skåne län"
29833,Tollarp,,,,"Skåne län"
29834,Tollarp,,,,"Skåne län"
29891,Tollarp,,,,"Skåne län"
29892,Tollarp,,,,"Skåne län"
29893,Huaröd,,,,"Skåne län"
29894,Linderöd,,,,"Skåne län"
29896,"Östra Sönnarslöv",,,,"Skåne län"
27200,Simrishamn,,,,"Skåne län"
27203,Gärsnäs,,,,"Skåne län"
27221,Simrishamn,,,,"Skåne län"
27222,Simrishamn,,,,"Skåne län"
27223,Simrishamn,,,,"Skåne län"
27224,Simrishamn,,,,"Skåne län"
27231,Simrishamn,,,,"Skåne län"
27232,Simrishamn,,,,"Skåne län"
27233,Simrishamn,,,,"Skåne län"
27234,Simrishamn,,,,"Skåne län"
27235,Simrishamn,,,,"Skåne län"
27236,Simrishamn,,,,"Skåne län"
27237,Simrishamn,,,,"Skåne län"
27238,Brantevik,,,,"Skåne län"
27239,Simrishamn,,,,"Skåne län"
27261,Gärsnäs,,,,"Skåne län"
27280,Simrishamn,,,,"Skåne län"
27281,Simrishamn,,,,"Skåne län"
27291,Simrishamn,,,,"Skåne län"
27292,Simrishamn,,,,"Skåne län"
27293,Tommarp,,,,"Skåne län"
27294,Simrishamn,,,,"Skåne län"
27295,Simrishamn,,,,"Skåne län"
27296,Gärsnäs,,,,"Skåne län"
27297,Gärsnäs,,,,"Skåne län"
27398,Smedstorp,,,,"Skåne län"
27602,Hammenhög,,,,"Skåne län"
27603,Skillinge,,,,"Skåne län"
27621,Borrby,,,,"Skåne län"
27630,Borrby,,,,"Skåne län"
27635,Borrby,,,,"Skåne län"
27636,Borrby,,,,"Skåne län"
27637,Borrby,,,,"Skåne län"
27650,Hammenhög,,,,"Skåne län"
27655,Hammenhög,,,,"Skåne län"
27656,Hammenhög,,,,"Skåne län"
27660,Skillinge,,,,"Skåne län"
27721,Kivik,,,,"Skåne län"
27730,Kivik,,,,"Skåne län"
27731,Kivik,,,,"Skåne län"
27732,Kivik,,,,"Skåne län"
27735,Kivik,,,,"Skåne län"
27736,Vitaby,,,,"Skåne län"
27737,Kivik,,,,"Skåne län"
27740,"Sankt Olof",,,,"Skåne län"
27745,"Sankt Olof",,,,"Skåne län"
27755,Brösarp,,,,"Skåne län"
27756,Brösarp,,,,"Skåne län"
29795,Degeberga,,,,"Skåne län"
26039,Hasslarp,,,,"Skåne län"
26083,Vejbystrand,,,,"Skåne län"
26091,Förslöv,,,,"Skåne län"
26200,Ängelholm,,,,"Skåne län"
26201,Ängelholm,,,,"Skåne län"
26210,Ängelholm,,,,"Skåne län"
26221,Ängelholm,,,,"Skåne län"
26222,Ängelholm,,,,"Skåne län"
26223,Ängelholm,,,,"Skåne län"
26224,Ängelholm,,,,"Skåne län"
26230,Ângelholm,,,,"Skåne län"
26231,Ängelholm,,,,"Skåne län"
26232,Ängelholm,,,,"Skåne län"
26233,Ängelholm,,,,"Skåne län"
26234,Ängelholm,,,,"Skåne län"
26235,Ängelholm,,,,"Skåne län"
26236,Ängelholm,,,,"Skåne län"
26237,Ängelholm,,,,"Skåne län"
26241,Ängelholm,,,,"Skåne län"
26242,Ängelholm,,,,"Skåne län"
26243,Ängelholm,,,,"Skåne län"
26244,Ängelholm,,,,"Skåne län"
26250,Ängelholm,,,,"Skåne län"
26251,Ängelholm,,,,"Skåne län"
26252,Ängelholm,,,,"Skåne län"
26253,Ängelholm,,,,"Skåne län"
26254,Ängelholm,,,,"Skåne län"
26255,Ängelholm,,,,"Skåne län"
26257,Ängelholm,,,,"Skåne län"
26260,Ängelholm,,,,"Skåne län"
26261,Ängelholm,,,,"Skåne län"
26262,Ängelholm,,,,"Skåne län"
26263,Ängelholm,,,,"Skåne län"
26264,Ängelholm,,,,"Skåne län"
26265,Ängelholm,,,,"Skåne län"
26266,Ängelholm,,,,"Skåne län"
26267,Ängelholm,,,,"Skåne län"
26268,Ängelholm,,,,"Skåne län"
26270,Strövelstorp,,,,"Skåne län"
26271,Ängelholm,,,,"Skåne län"
26272,Ängelholm,,,,"Skåne län"
26273,Ängelholm,,,,"Skåne län"
26278,Ängelholm,,,,"Skåne län"
26279,Ängelholm,,,,"Skåne län"
26280,Ängelholm,,,,"Skåne län"
26281,Ängelholm,,,,"Skåne län"
26282,Ängelholm,,,,"Skåne län"
26284,Ängelholm,,,,"Skåne län"
26291,Ängelholm,,,,"Skåne län"
26292,Ängelholm,,,,"Skåne län"
26293,Ängelholm,,,,"Skåne län"
26294,Ängelholm,,,,"Skåne län"
26295,Ängelholm,,,,"Skåne län"
26296,Ängelholm,,,,"Skåne län"
26602,Vejbystrand,,,,"Skåne län"
26607,Hjärnarp,,,,"Skåne län"
26621,Munka-Ljungby,,,,"Skåne län"
26631,Munka-Ljungby,,,,"Skåne län"
26632,Munka-Ljungby,,,,"Skåne län"
26633,Munka-Ljungby,,,,"Skåne län"
26634,Munka-Ljungby,,,,"Skåne län"
26651,Vejbystrand,,,,"Skåne län"
26652,Vejbystrand,,,,"Skåne län"
26653,Vejbystrand,,,,"Skåne län"
26654,Vejbystrand,,,,"Skåne län"
26655,Vejbystrand,,,,"Skåne län"
26675,Hjärnarp,,,,"Skåne län"
26691,Munka-Ljungby,,,,"Skåne län"
26692,Munka-Ljungby,,,,"Skåne län"
26693,Munka-Ljungby,,,,"Skåne län"
26694,Munka-Ljungby,,,,"Skåne län"
26697,Hjärnarp,,,,"Skåne län"
26698,Hjärnarp,,,,"Skåne län"
26971,Förslöv,,,,"Skåne län"
26972,Förslöv,,,,"Skåne län"
26973,Förslöv,,,,"Skåne län"
24040,Tjörnarp,,,,"Skåne län"
24371,Tjörnarp,,,,"Skåne län"
24372,Tjörnarp,,,,"Skåne län"
24373,Tjörnarp,,,,"Skåne län"
28010,Sösdala,,,,"Skåne län"
28020,Bjärnum,,,,"Skåne län"
28022,Vittsjö,,,,"Skåne län"
28023,Hästveda,,,,"Skåne län"
28102,Hässleholm,,,,"Skåne län"
28103,Tormestorp,,,,"Skåne län"
28108,Hässleholm,,,,"Skåne län"
28110,Hässleholm,,,,"Skåne län"
28111,Hässleholm,,,,"Skåne län"
28121,Hässleholm,,,,"Skåne län"
28122,Hässleholm,,,,"Skåne län"
28123,Hässleholm,,,,"Skåne län"
28124,Hässleholm,,,,"Skåne län"
28125,Hässleholm,,,,"Skåne län"
28126,Hässleholm,,,,"Skåne län"
28130,Hässleholm,,,,"Skåne län"
28131,Hässleholm,,,,"Skåne län"
28132,Hässleholm,,,,"Skåne län"
28133,Hässleholm,,,,"Skåne län"
28134,Hässleholm,,,,"Skåne län"
28135,Hässleholm,,,,"Skåne län"
28136,Hässleholm,,,,"Skåne län"
28137,Hässleholm,,,,"Skåne län"
28138,Hässleholm,,,,"Skåne län"
28139,Hässleholm,,,,"Skåne län"
28140,Hässleholm,,,,"Skåne län"
28141,Hässleholm,,,,"Skåne län"
28142,Hässleholm,,,,"Skåne län"
28143,Hässleholm,,,,"Skåne län"
28144,Stoby,,,,"Skåne län"
28145,Hässleholm,,,,"Skåne län"
28146,Tormestorp,,,,"Skåne län"
28147,Hässleholm,,,,"Skåne län"
28148,Hässleholm,,,,"Skåne län"
28149,Hässleholm,,,,"Skåne län"
28150,Hässleholm,,,,"Skåne län"
28151,Hässleholm,,,,"Skåne län"
28152,Hässleholm,,,,"Skåne län"
28153,Finja,,,,"Skåne län"
28154,Hässleholm,,,,"Skåne län"
28180,Hässleholm,,,,"Skåne län"
28181,Hässleholm,,,,"Skåne län"
28182,Hässleholm,,,,"Skåne län"
28183,Hässleholm,,,,"Skåne län"
28185,Hässleholm,,,,"Skåne län"
28187,Ballingslöv,,,,"Skåne län"
28191,Hässleholm,,,,"Skåne län"
28192,Hässleholm,,,,"Skåne län"
28193,Finja,,,,"Skåne län"
28195,Vankiva,,,,"Skåne län"
28197,Ballingslöv,,,,"Skåne län"
28203,Bjärnum,,,,"Skåne län"
28204,Vittsjö,,,,"Skåne län"
28205,Sösdala,,,,"Skåne län"
28206,Hästveda,,,,"Skåne län"
28221,Tyringe,,,,"Skåne län"
28222,Tyringe,,,,"Skåne län"
28223,Tyringe,,,,"Skåne län"
28224,Tyringe,,,,"Skåne län"
28231,Tyringe,,,,"Skåne län"
28232,Tyringe,,,,"Skåne län"
28233,Tyringe,,,,"Skåne län"
28234,Tyringe,,,,"Skåne län"
28235,Tyringe,,,,"Skåne län"
28261,Bjärnum,,,,"Skåne län"
28262,Bjärnum,,,,"Skåne län"
28263,Bjärnum,,,,"Skåne län"
28264,Bjärnum,,,,"Skåne län"
28265,Bjärnum,,,,"Skåne län"
28266,Vittsjö,,,,"Skåne län"
28267,Vittsjö,,,,"Skåne län"
28268,Vittsjö,,,,"Skåne län"
28269,Vittsjö,,,,"Skåne län"
28271,Sösdala,,,,"Skåne län"
28272,Sösdala,,,,"Skåne län"
28273,Sösdala,,,,"Skåne län"
28274,Hästveda,,,,"Skåne län"
28275,Hästveda,,,,"Skåne län"
28276,Hästveda,,,,"Skåne län"
28291,Tyringe,,,,"Skåne län"
28292,"Västra Torup",,,,"Skåne län"
28293,Röke,,,,"Skåne län"
28294,Hörja,,,,"Skåne län"
28295,Tyringe,,,,"Skåne län"
28821,Vinslöv,,,,"Skåne län"
28822,Vinslöv,,,,"Skåne län"
28831,Vinslöv,,,,"Skåne län"
28832,Vinslöv,,,,"Skåne län"
28833,Vinslöv,,,,"Skåne län"
28834,Vinslöv,,,,"Skåne län"
28890,Vinslöv,,,,"Skåne län"
28893,Nävlinge,,,,"Skåne län"
20001,Malmö,,,,"Skåne län"
20002,Malmö,,,,"Skåne län"
20003,Malmö,,,,"Skåne län"
20004,Malmö,,,,"Skåne län"
20005,Malmö,,,,"Skåne län"
20006,Malmö,,,,"Skåne län"
20007,Malmö,,,,"Skåne län"
20010,Malmö,,,,"Skåne län"
20011,Malmö,,,,"Skåne län"
20021,Malmö,,,,"Skåne län"
20022,Malmö,,,,"Skåne län"
20024,Malmö,,,,"Skåne län"
20025,Malmö,,,,"Skåne län"
20031,Malmö,,,,"Skåne län"
20032,Malmö,,,,"Skåne län"
20039,Malmö,,,,"Skåne län"
20040,Malmö,,,,"Skåne län"
20041,Malmö,,,,"Skåne län"
20042,Malmö,,,,"Skåne län"
20043,Malmö,,,,"Skåne län"
20045,Malmö,,,,"Skåne län"
20046,Malmö,,,,"Skåne län"
20049,Malmö,,,,"Skåne län"
20060,Limhamn,,,,"Skåne län"
20061,Limhamn,,,,"Skåne län"
20062,Limhamn,,,,"Skåne län"
20070,Malmö,,,,"Skåne län"
20071,Malmö,,,,"Skåne län"
20072,Malmö,,,,"Skåne län"
20073,Malmö,,,,"Skåne län"
20074,Malmö,,,,"Skåne län"
20110,Malmö,,,,"Skåne län"
20120,Malmö,,,,"Skåne län"
20121,Malmö,,,,"Skåne län"
20122,Malmö,,,,"Skåne län"
20123,Malmö,,,,"Skåne län"
20124,Malmö,,,,"Skåne län"
20125,Malmö,,,,"Skåne län"
20126,Malmö,,,,"Skåne län"
20180,Malmö,,,,"Skåne län"
20210,Malmö,,,,"Skåne län"
20211,Malmö,,,,"Skåne län"
20212,Malmö,,,,"Skåne län"
20213,Malmö,,,,"Skåne län"
20214,Malmö,,,,"Skåne län"
20215,Malmö,,,,"Skåne län"
20219,Malmö,,,,"Skåne län"
20220,Malmö,,,,"Skåne län"
20221,Malmö,,,,"Skåne län"
20222,Malmö,,,,"Skåne län"
20223,Malmö,,,,"Skåne län"
20224,Malmö,,,,"Skåne län"
20225,Malmö,,,,"Skåne län"
20226,Malmö,,,,"Skåne län"
20227,Malmö,,,,"Skåne län"
20228,Malmö,,,,"Skåne län"
20229,Malmö,,,,"Skåne län"
20230,Malmö,,,,"Skåne län"
20240,Malmö,,,,"Skåne län"
20250,Malmö,,,,"Skåne län"
20260,Malmö,,,,"Skåne län"
20270,Malmö,,,,"Skåne län"
20271,Malmö,,,,"Skåne län"
20280,Malmö,,,,"Skåne län"
20310,Malmö,,,,"Skåne län"
20311,Malmö,,,,"Skåne län"
20312,Malmö,,,,"Skåne län"
20313,Malmö,,,,"Skåne län"
20314,Malmö,,,,"Skåne län"
20315,Malmö,,,,"Skåne län"
20320,Malmö,,,,"Skåne län"
20501,Malmö,,,,"Skåne län"
20502,Malmö,,,,"Skåne län"
20503,Malmö,,,,"Skåne län"
20504,Malmö,,,,"Skåne län"
20505,Malmö,,,,"Skåne län"
20506,Malmö,,,,"Skåne län"
20507,Malmö,,,,"Skåne län"
20508,Malmö,,,,"Skåne län"
20509,Malmö,,,,"Skåne län"
20510,Malmö,,,,"Skåne län"
20511,Malmö,,,,"Skåne län"
20512,Malmö,,,,"Skåne län"
20513,Malmö,,,,"Skåne län"
20514,Malmö,,,,"Skåne län"
20515,Malmö,,,,"Skåne län"
20516,Malmö,,,,"Skåne län"
20517,Malmö,,,,"Skåne län"
20518,Malmö,,,,"Skåne län"
20519,Malmö,,,,"Skåne län"
20520,Malmö,,,,"Skåne län"
20521,Malmö,,,,"Skåne län"
20522,Malmö,,,,"Skåne län"
20523,Malmö,,,,"Skåne län"
20525,Malmö,,,,"Skåne län"
20526,Malmö,,,,"Skåne län"
20528,Malmö,,,,"Skåne län"
20529,Malmö,,,,"Skåne län"
20530,Malmö,,,,"Skåne län"
20531,Malmö,,,,"Skåne län"
20533,Malmö,,,,"Skåne län"
20535,Malmö,,,,"Skåne län"
20536,Malmö,,,,"Skåne län"
20537,Malmö,,,,"Skåne län"
20538,Malmö,,,,"Skåne län"
20539,Malmö,,,,"Skåne län"
20540,Malmö,,,,"Skåne län"
20541,Malmö,,,,"Skåne län"
20542,Malmö,,,,"Skåne län"
20543,Malmö,,,,"Skåne län"
20544,Malmö,,,,"Skåne län"
20545,Malmö,,,,"Skåne län"
20547,Malmö,,,,"Skåne län"
20550,Malmö,,,,"Skåne län"
20552,Malmö,,,,"Skåne län"
20555,Malmö,,,,"Skåne län"
20556,Malmö,,,,"Skåne län"
20557,Malmö,,,,"Skåne län"
20558,Malmö,,,,"Skåne län"
20559,Malmö,,,,"Skåne län"
20560,Malmö,,,,"Skåne län"
20565,Malmö,,,,"Skåne län"
20570,Malmö,,,,"Skåne län"
20574,Malmö,,,,"Skåne län"
20575,Malmö,,,,"Skåne län"
20576,Malmö,,,,"Skåne län"
20577,Malmö,,,,"Skåne län"
20578,Malmö,,,,"Skåne län"
20579,Malmö,,,,"Skåne län"
20580,Malmö,,,,"Skåne län"
20581,Malmö,,,,"Skåne län"
20585,Malmö,,,,"Skåne län"
20590,Malmö,,,,"Skåne län"
20595,Malmö,,,,"Skåne län"
20701,Malmö,,,,"Skåne län"
20702,Malmö,,,,"Skåne län"
20703,Malmö,,,,"Skåne län"
20704,Malmö,,,,"Skåne län"
20705,Malmö,,,,"Skåne län"
20706,Malmö,,,,"Skåne län"
20707,Malmö,,,,"Skåne län"
20708,Malmö,,,,"Skåne län"
20709,Malmö,,,,"Skåne län"
20710,Malmö,,,,"Skåne län"
20711,Malmö,,,,"Skåne län"
20712,Malmö,,,,"Skåne län"
20713,Malmö,,,,"Skåne län"
20714,Malmö,,,,"Skåne län"
20715,Malmö,,,,"Skåne län"
20716,Malmö,,,,"Skåne län"
20717,Malmö,,,,"Skåne län"
20718,Malmö,,,,"Skåne län"
20719,Malmö,,,,"Skåne län"
20720,Malmö,,,,"Skåne län"
20721,Malmö,,,,"Skåne län"
20722,Malmö,,,,"Skåne län"
20723,Malmö,,,,"Skåne län"
20724,Malmö,,,,"Skåne län"
20725,Malmö,,,,"Skåne län"
20726,Malmö,,,,"Skåne län"
20727,Malmö,,,,"Skåne län"
20728,Malmö,,,,"Skåne län"
20791,Malmö,,,,"Skåne län"
20792,Malmö,,,,"Skåne län"
20794,Malmö,,,,"Skåne län"
20795,Malmö,,,,"Skåne län"
20797,Malmö,,,,"Skåne län"
20798,Malmö,,,,"Skåne län"
20799,Malmö,,,,"Skåne län"
20800,Malmö,,,,"Skåne län"
20801,Malmö,,,,"Skåne län"
20802,Malmö,,,,"Skåne län"
20803,Malmö,,,,"Skåne län"
20804,Malmö,,,,"Skåne län"
20805,Malmö,,,,"Skåne län"
20806,Malmö,,,,"Skåne län"
20807,Malmö,,,,"Skåne län"
20808,Malmö,,,,"Skåne län"
20809,Malmö,,,,"Skåne län"
20810,Malmö,,,,"Skåne län"
20811,Malmö,,,,"Skåne län"
20812,Malmö,,,,"Skåne län"
20813,Malmö,,,,"Skåne län"
20814,Malmö,,,,"Skåne län"
20815,Malmö,,,,"Skåne län"
20816,Malmö,,,,"Skåne län"
20817,Malmö,,,,"Skåne län"
20818,Malmö,,,,"Skåne län"
20819,Malmö,,,,"Skåne län"
20820,Malmö,,,,"Skåne län"
20821,Malmö,,,,"Skåne län"
20822,Malmö,,,,"Skåne län"
20823,Malmö,,,,"Skåne län"
20824,Malmö,,,,"Skåne län"
20825,Malmö,,,,"Skåne län"
20826,Malmö,,,,"Skåne län"
20827,Malmö,,,,"Skåne län"
20828,Malmö,,,,"Skåne län"
20829,Malmö,,,,"Skåne län"
20830,Malmö,,,,"Skåne län"
20831,Malmö,,,,"Skåne län"
20832,Malmö,,,,"Skåne län"
20833,Malmö,,,,"Skåne län"
20834,Malmö,,,,"Skåne län"
20835,Malmö,,,,"Skåne län"
20836,Malmö,,,,"Skåne län"
20837,Malmö,,,,"Skåne län"
20838,Malmö,,,,"Skåne län"
20839,Malmö,,,,"Skåne län"
20840,Malmö,,,,"Skåne län"
20841,Malmö,,,,"Skåne län"
20842,Malmö,,,,"Skåne län"
20843,Malmö,,,,"Skåne län"
20844,Malmö,,,,"Skåne län"
20845,Malmö,,,,"Skåne län"
20846,Malmö,,,,"Skåne län"
20847,Malmö,,,,"Skåne län"
20848,Malmö,,,,"Skåne län"
20849,Malmö,,,,"Skåne län"
20850,Malmö,,,,"Skåne län"
20851,Malmö,,,,"Skåne län"
20852,Malmö,,,,"Skåne län"
20853,Malmö,,,,"Skåne län"
20854,Malmö,,,,"Skåne län"
20855,Malmö,,,,"Skåne län"
20856,Malmö,,,,"Skåne län"
20857,Malmö,,,,"Skåne län"
20858,Malmö,,,,"Skåne län"
20859,Malmö,,,,"Skåne län"
20860,Malmö,,,,"Skåne län"
20861,Malmö,,,,"Skåne län"
20862,Malmö,,,,"Skåne län"
20863,Malmö,,,,"Skåne län"
20864,Malmö,,,,"Skåne län"
20865,Malmö,,,,"Skåne län"
20866,Malmö,,,,"Skåne län"
20867,Malmö,,,,"Skåne län"
20868,Malmö,,,,"Skåne län"
20869,Malmö,,,,"Skåne län"
20870,Malmö,,,,"Skåne län"
20871,Malmö,,,,"Skåne län"
20872,Malmö,,,,"Skåne län"
20873,Malmö,,,,"Skåne län"
20874,Malmö,,,,"Skåne län"
20875,Malmö,,,,"Skåne län"
20876,Malmö,,,,"Skåne län"
20877,Malmö,,,,"Skåne län"
20878,Malmö,,,,"Skåne län"
20879,Malmö,,,,"Skåne län"
20880,Malmö,,,,"Skåne län"
20881,Malmö,,,,"Skåne län"
20882,Malmö,,,,"Skåne län"
20883,Malmö,,,,"Skåne län"
20884,Malmö,,,,"Skåne län"
20885,Malmö,,,,"Skåne län"
20886,Malmö,,,,"Skåne län"
20887,Malmö,,,,"Skåne län"
20888,Malmö,,,,"Skåne län"
20889,Malmö,,,,"Skåne län"
20890,Malmö,,,,"Skåne län"
20891,Malmö,,,,"Skåne län"
20892,Malmö,,,,"Skåne län"
20893,Malmö,,,,"Skåne län"
20894,Malmö,,,,"Skåne län"
20895,Malmö,,,,"Skåne län"
20896,Malmö,,,,"Skåne län"
20897,Malmö,,,,"Skåne län"
20898,Malmö,,,,"Skåne län"
20899,Malmö,,,,"Skåne län"
20900,Malmö,,,,"Skåne län"
20901,Malmö,,,,"Skåne län"
20902,Malmö,,,,"Skåne län"
20903,Malmö,,,,"Skåne län"
20904,Malmö,,,,"Skåne län"
20905,Malmö,,,,"Skåne län"
20906,Malmö,,,,"Skåne län"
20907,Malmö,,,,"Skåne län"
20908,Malmö,,,,"Skåne län"
20909,Malmö,,,,"Skåne län"
20910,Malmö,,,,"Skåne län"
20911,Malmö,,,,"Skåne län"
20912,Malmö,,,,"Skåne län"
20913,Malmö,,,,"Skåne län"
20914,Malmö,,,,"Skåne län"
20915,Malmö,,,,"Skåne län"
20916,Malmö,,,,"Skåne län"
20917,Malmö,,,,"Skåne län"
20918,Malmö,,,,"Skåne län"
20919,Malmö,,,,"Skåne län"
20920,Malmö,,,,"Skåne län"
20921,Malmö,,,,"Skåne län"
20922,Malmö,,,,"Skåne län"
20923,Malmö,,,,"Skåne län"
20924,Malmö,,,,"Skåne län"
20925,Malmö,,,,"Skåne län"
20926,Malmö,,,,"Skåne län"
20927,Malmö,,,,"Skåne län"
20928,Malmö,,,,"Skåne län"
20929,Malmö,,,,"Skåne län"
20930,Malmö,,,,"Skåne län"
20931,Malmö,,,,"Skåne län"
20932,Malmö,,,,"Skåne län"
20933,Malmö,,,,"Skåne län"
20934,Malmö,,,,"Skåne län"
20935,Malmö,,,,"Skåne län"
20936,Malmö,,,,"Skåne län"
20937,Malmö,,,,"Skåne län"
20938,Malmö,,,,"Skåne län"
20939,Malmö,,,,"Skåne län"
20940,Malmö,,,,"Skåne län"
20941,Malmö,,,,"Skåne län"
20942,Malmö,,,,"Skåne län"
20943,Malmö,,,,"Skåne län"
20944,Malmö,,,,"Skåne län"
20945,Malmö,,,,"Skåne län"
20946,Malmö,,,,"Skåne län"
20947,Malmö,,,,"Skåne län"
20948,Malmö,,,,"Skåne län"
20949,Malmö,,,,"Skåne län"
20950,Malmö,,,,"Skåne län"
20951,Malmö,,,,"Skåne län"
20952,Malmö,,,,"Skåne län"
20953,Malmö,,,,"Skåne län"
20954,Malmö,,,,"Skåne län"
20955,Malmö,,,,"Skåne län"
20956,Malmö,,,,"Skåne län"
20957,Malmö,,,,"Skåne län"
20958,Malmö,,,,"Skåne län"
20959,Malmö,,,,"Skåne län"
20960,Malmö,,,,"Skåne län"
20961,Malmö,,,,"Skåne län"
20962,Malmö,,,,"Skåne län"
20963,Malmö,,,,"Skåne län"
20964,Malmö,,,,"Skåne län"
20965,Malmö,,,,"Skåne län"
20966,Malmö,,,,"Skåne län"
20967,Malmö,,,,"Skåne län"
20968,Malmö,,,,"Skåne län"
20969,Malmö,,,,"Skåne län"
20970,Malmö,,,,"Skåne län"
20971,Malmö,,,,"Skåne län"
20972,Malmö,,,,"Skåne län"
20973,Malmö,,,,"Skåne län"
20974,Malmö,,,,"Skåne län"
20975,Malmö,,,,"Skåne län"
20976,Malmö,,,,"Skåne län"
20977,Malmö,,,,"Skåne län"
20978,Malmö,,,,"Skåne län"
20979,Malmö,,,,"Skåne län"
20980,Malmö,,,,"Skåne län"
20981,Malmö,,,,"Skåne län"
20982,Malmö,,,,"Skåne län"
20983,Malmö,,,,"Skåne län"
20984,Malmö,,,,"Skåne län"
20985,Malmö,,,,"Skåne län"
20986,Malmö,,,,"Skåne län"
20987,Malmö,,,,"Skåne län"
20988,Malmö,,,,"Skåne län"
20989,Malmö,,,,"Skåne län"
20990,Malmö,,,,"Skåne län"
20991,Malmö,,,,"Skåne län"
20992,Malmö,,,,"Skåne län"
20993,Malmö,,,,"Skåne län"
20994,Malmö,,,,"Skåne län"
20995,Malmö,,,,"Skåne län"
20996,Malmö,,,,"Skåne län"
20997,Malmö,,,,"Skåne län"
20998,Malmö,,,,"Skåne län"
20999,Malmö,,,,"Skåne län"
21100,Malmö,,,,"Skåne län"
21101,Malmö,,,,"Skåne län"
21103,Malmö,,,,"Skåne län"
21105,Malmö,,,,"Skåne län"
21110,Malmö,,,,"Skåne län"
21111,Malmö,,,,"Skåne län"
21112,Malmö,,,,"Skåne län"
21113,Malmö,,,,"Skåne län"
21114,Malmö,,,,"Skåne län"
21115,Malmö,,,,"Skåne län"
21116,Malmö,,,,"Skåne län"
21117,Malmö,,,,"Skåne län"
21118,Malmö,,,,"Skåne län"
21119,Malmö,,,,"Skåne län"
21120,Malmö,,,,"Skåne län"
21121,Malmö,,,,"Skåne län"
21122,Malmö,,,,"Skåne län"
21124,Malmö,,,,"Skåne län"
21125,Malmö,,,,"Skåne län"
21126,Malmö,,,,"Skåne län"
21127,Malmö,,,,"Skåne län"
21128,Malmö,,,,"Skåne län"
21129,Malmö,,,,"Skåne län"
21130,Malmö,,,,"Skåne län"
21131,Malmö,,,,"Skåne län"
21132,Malmö,,,,"Skåne län"
21133,Malmö,,,,"Skåne län"
21134,Malmö,,,,"Skåne län"
21135,Malmö,,,,"Skåne län"
21136,Malmö,,,,"Skåne län"
21137,Malmö,,,,"Skåne län"
21138,Malmö,,,,"Skåne län"
21139,Malmö,,,,"Skåne län"
21140,Malmö,,,,"Skåne län"
21141,Malmö,,,,"Skåne län"
21142,Malmö,,,,"Skåne län"
21143,Malmö,,,,"Skåne län"
21144,Malmö,,,,"Skåne län"
21145,Malmö,,,,"Skåne län"
21146,Malmö,,,,"Skåne län"
21147,Malmö,,,,"Skåne län"
21148,Malmö,,,,"Skåne län"
21149,Malmö,,,,"Skåne län"
21150,Malmö,,,,"Skåne län"
21151,Malmö,,,,"Skåne län"
21152,Malmö,,,,"Skåne län"
21153,Malmö,,,,"Skåne län"
21154,Malmö,,,,"Skåne län"
21155,Malmö,,,,"Skåne län"
21156,Malmö,,,,"Skåne län"
21157,Malmö,,,,"Skåne län"
21158,Malmö,,,,"Skåne län"
21159,Malmö,,,,"Skåne län"
21160,Malmö,,,,"Skåne län"
21165,Malmö,,,,"Skåne län"
21171,Malmö,,,,"Skåne län"
21173,Malmö,,,,"Skåne län"
21174,Malmö,,,,"Skåne län"
21175,Malmö,,,,"Skåne län"
21176,Malmö,,,,"Skåne län"
21177,Malmö,,,,"Skåne län"
21200,Malmö,,,,"Skåne län"
21201,Malmö,,,,"Skåne län"
21202,Malmö,,,,"Skåne län"
21206,Malmö,,,,"Skåne län"
21207,Malmö,,,,"Skåne län"
21208,Malmö,,,,"Skåne län"
21209,Malmö,,,,"Skåne län"
21210,Malmö,,,,"Skåne län"
21211,Malmö,,,,"Skåne län"
21212,Malmö,,,,"Skåne län"
21213,Malmö,,,,"Skåne län"
21214,Malmö,,,,"Skåne län"
21215,Malmö,,,,"Skåne län"
21216,Malmö,,,,"Skåne län"
21217,Malmö,,,,"Skåne län"
21218,Malmö,,,,"Skåne län"
21219,Malmö,,,,"Skåne län"
21220,Malmö,,,,"Skåne län"
21221,Malmö,,,,"Skåne län"
21222,Malmö,,,,"Skåne län"
21223,Malmö,,,,"Skåne län"
21224,Malmö,,,,"Skåne län"
21225,Malmö,,,,"Skåne län"
21226,Malmö,,,,"Skåne län"
21227,Malmö,,,,"Skåne län"
21228,Malmö,,,,"Skåne län"
21229,Malmö,,,,"Skåne län"
21230,Malmö,,,,"Skåne län"
21231,Malmö,,,,"Skåne län"
21232,Malmö,,,,"Skåne län"
21233,Malmö,,,,"Skåne län"
21234,Malmö,,,,"Skåne län"
21235,Malmö,,,,"Skåne län"
21236,Malmö,,,,"Skåne län"
21237,Malmö,,,,"Skåne län"
21238,Malmö,,,,"Skåne län"
21239,Malmö,,,,"Skåne län"
21240,Malmö,,,,"Skåne län"
21241,Malmö,,,,"Skåne län"
21242,Malmö,,,,"Skåne län"
21243,Malmö,,,,"Skåne län"
21244,Malmö,,,,"Skåne län"
21245,Malmö,,,,"Skåne län"
21246,Malmö,,,,"Skåne län"
21250,Malmö,,,,"Skåne län"
21251,Malmö,,,,"Skåne län"
21252,Malmö,,,,"Skåne län"
21260,Malmö,,,,"Skåne län"
21291,Malmö,,,,"Skåne län"
21300,Malmö,,,,"Skåne län"
21361,Malmö,,,,"Skåne län"
21362,Malmö,,,,"Skåne län"
21363,Malmö,,,,"Skåne län"
21364,Malmö,,,,"Skåne län"
21365,Malmö,,,,"Skåne län"
21366,Malmö,,,,"Skåne län"
21367,Malmö,,,,"Skåne län"
21368,Malmö,,,,"Skåne län"
21369,Malmö,,,,"Skåne län"
21370,Malmö,,,,"Skåne län"
21371,Malmö,,,,"Skåne län"
21372,Malmö,,,,"Skåne län"
21373,Malmö,,,,"Skåne län"
21374,Malmö,,,,"Skåne län"
21375,Malmö,,,,"Skåne län"
21376,Malmö,,,,"Skåne län"
21377,Malmö,,,,"Skåne län"
21400,Malmö,,,,"Skåne län"
21402,Malmö,,,,"Skåne län"
21404,Malmö,,,,"Skåne län"
21410,Malmö,,,,"Skåne län"
21411,Malmö,,,,"Skåne län"
21412,Malmö,,,,"Skåne län"
21413,Malmö,,,,"Skåne län"
21420,Malmö,,,,"Skåne län"
21421,Malmö,,,,"Skåne län"
21422,Malmö,,,,"Skåne län"
21423,Malmö,,,,"Skåne län"
21424,Malmö,,,,"Skåne län"
21425,Malmö,,,,"Skåne län"
21426,Malmö,,,,"Skåne län"
21427,Malmö,,,,"Skåne län"
21428,Malmö,,,,"Skåne län"
21429,Malmö,,,,"Skåne län"
21430,Malmö,,,,"Skåne län"
21431,Malmö,,,,"Skåne län"
21432,Malmö,,,,"Skåne län"
21433,Malmö,,,,"Skåne län"
21434,Malmö,,,,"Skåne län"
21435,Malmö,,,,"Skåne län"
21436,Malmö,,,,"Skåne län"
21437,Malmö,,,,"Skåne län"
21438,Malmö,,,,"Skåne län"
21439,Malmö,,,,"Skåne län"
21440,Malmö,,,,"Skåne län"
21441,Malmö,,,,"Skåne län"
21442,Malmö,,,,"Skåne län"
21443,Malmö,,,,"Skåne län"
21444,Malmö,,,,"Skåne län"
21445,Malmö,,,,"Skåne län"
21446,Malmö,,,,"Skåne län"
21447,Malmö,,,,"Skåne län"
21448,Malmö,,,,"Skåne län"
21449,Malmö,,,,"Skåne län"
21450,Malmö,,,,"Skåne län"
21454,Malmö,,,,"Skåne län"
21455,Malmö,,,,"Skåne län"
21456,Malmö,,,,"Skåne län"
21457,Malmö,,,,"Skåne län"
21458,Malmö,,,,"Skåne län"
21459,Malmö,,,,"Skåne län"
21463,Malmö,,,,"Skåne län"
21466,Malmö,,,,"Skåne län"
21467,Malmö,,,,"Skåne län"
21500,Malmö,,,,"Skåne län"
21510,Malmö,,,,"Skåne län"
21526,Malmö,,,,"Skåne län"
21527,Malmö,,,,"Skåne län"
21532,Malmö,,,,"Skåne län"
21533,Malmö,,,,"Skåne län"
21534,Malmö,,,,"Skåne län"
21535,Malmö,,,,"Skåne län"
21536,Malmö,,,,"Skåne län"
21537,Malmö,,,,"Skåne län"
21550,Malmö,,,,"Skåne län"
21551,Malmö,,,,"Skåne län"
21552,Malmö,,,,"Skåne län"
21553,Malmö,,,,"Skåne län"
21558,Malmö,,,,"Skåne län"
21559,Malmö,,,,"Skåne län"
21560,Malmö,,,,"Skåne län"
21561,Malmö,,,,"Skåne län"
21562,Malmö,,,,"Skåne län"
21563,Malmö,,,,"Skåne län"
21564,Malmö,,,,"Skåne län"
21565,Malmö,,,,"Skåne län"
21566,Malmö,,,,"Skåne län"
21567,Malmö,,,,"Skåne län"
21568,Malmö,,,,"Skåne län"
21569,Malmö,,,,"Skåne län"
21570,Malmö,,,,"Skåne län"
21571,Malmö,,,,"Skåne län"
21572,Malmö,,,,"Skåne län"
21573,Malmö,,,,"Skåne län"
21574,Malmö,,,,"Skåne län"
21578,Malmö,,,,"Skåne län"
21579,Malmö,,,,"Skåne län"
21580,Malmö,,,,"Skåne län"
21581,Malmö,,,,"Skåne län"
21582,Malmö,,,,"Skåne län"
21583,Malmö,,,,"Skåne län"
21584,Malmö,,,,"Skåne län"
21585,Malmö,,,,"Skåne län"
21586,Malmö,,,,"Skåne län"
21600,Malmö,,,,"Skåne län"
21608,Limhamn,,,,"Skåne län"
21609,Limhamn,,,,"Skåne län"
21610,Limhamn,,,,"Skåne län"
21611,Limhamn,,,,"Skåne län"
21612,Limhamn,,,,"Skåne län"
21613,Limhamn,,,,"Skåne län"
21614,Limhamn,,,,"Skåne län"
21615,Limhamn,,,,"Skåne län"
21616,Limhamn,,,,"Skåne län"
21617,Limhamn,,,,"Skåne län"
21618,Limhamn,,,,"Skåne län"
21619,Malmö,,,,"Skåne län"
21620,Malmö,,,,"Skåne län"
21621,Malmö,,,,"Skåne län"
21622,Limhamn,,,,"Skåne län"
21623,Malmö,,,,"Skåne län"
21624,Malmö,,,,"Skåne län"
21625,Malmö,,,,"Skåne län"
21630,Limhamn,,,,"Skåne län"
21631,Limhamn,,,,"Skåne län"
21632,Limhamn,,,,"Skåne län"
21633,Limhamn,,,,"Skåne län"
21641,Limhamn,,,,"Skåne län"
21642,Limhamn,,,,"Skåne län"
21643,Limhamn,,,,"Skåne län"
21644,Limhamn,,,,"Skåne län"
21645,Limhamn,,,,"Skåne län"
21646,Limhamn,,,,"Skåne län"
21647,Limhamn,,,,"Skåne län"
21648,Limhamn,,,,"Skåne län"
21649,Limhamn,,,,"Skåne län"
21700,Malmö,,,,"Skåne län"
21701,Malmö,,,,"Skåne län"
21741,Malmö,,,,"Skåne län"
21742,Malmö,,,,"Skåne län"
21743,Malmö,,,,"Skåne län"
21744,Malmö,,,,"Skåne län"
21745,Malmö,,,,"Skåne län"
21746,Malmö,,,,"Skåne län"
21747,Malmö,,,,"Skåne län"
21748,Malmö,,,,"Skåne län"
21749,Malmö,,,,"Skåne län"
21751,Malmö,,,,"Skåne län"
21752,Malmö,,,,"Skåne län"
21753,Malmö,,,,"Skåne län"
21754,Malmö,,,,"Skåne län"
21755,Malmö,,,,"Skåne län"
21756,Malmö,,,,"Skåne län"
21757,Malmö,,,,"Skåne län"
21758,Malmö,,,,"Skåne län"
21759,Malmö,,,,"Skåne län"
21761,Malmö,,,,"Skåne län"
21762,Malmö,,,,"Skåne län"
21763,Malmö,,,,"Skåne län"
21764,Malmö,,,,"Skåne län"
21765,Malmö,,,,"Skåne län"
21766,Malmö,,,,"Skåne län"
21767,Malmö,,,,"Skåne län"
21771,Malmö,,,,"Skåne län"
21772,Malmö,,,,"Skåne län"
21773,Malmö,,,,"Skåne län"
21774,Malmö,,,,"Skåne län"
21775,Malmö,,,,"Skåne län"
21800,Bunkeflostrand,,,,"Skåne län"
21820,Limhamn,,,,"Skåne län"
21821,Tygelsjö,,,,"Skåne län"
21824,Bunkeflostrand,,,,"Skåne län"
21831,Bunkeflostrand,,,,"Skåne län"
21832,Bunkeflostrand,,,,"Skåne län"
21833,Bunkeflostrand,,,,"Skåne län"
21834,Bunkeflostrand,,,,"Skåne län"
21836,Bunkeflostrand,,,,"Skåne län"
21837,Bunkeflostrand,,,,"Skåne län"
21838,Bunkeflostrand,,,,"Skåne län"
21839,Bunkeflostrand,,,,"Skåne län"
21840,Bunkeflostrand,,,,"Skåne län"
21841,Bunkeflostrand,,,,"Skåne län"
21842,Bunkeflostrand,,,,"Skåne län"
21844,Malmö,,,,"Skåne län"
21846,Bunkeflostrand,,,,"Skåne län"
21847,Bunkeflostrand,,,,"Skåne län"
21851,Klagshamn,,,,"Skåne län"
21852,Klagshamn,,,,"Skåne län"
21853,Klagshamn,,,,"Skåne län"
21854,Klagshamn,,,,"Skåne län"
21855,Klagshamn,,,,"Skåne län"
21871,Tygelsjö,,,,"Skåne län"
21872,Tygelsjö,,,,"Skåne län"
21873,Tygelsjö,,,,"Skåne län"
21874,Tygelsjö,,,,"Skåne län"
21875,Tygelsjö,,,,"Skåne län"
22002,Lund,,,,"Skåne län"
22007,Lund,,,,"Skåne län"
22009,Lund,,,,"Skåne län"
22010,Lund,,,,"Skåne län"
22011,Lund,,,,"Skåne län"
22013,Lund,,,,"Skåne län"
22100,Lund,,,,"Skåne län"
22101,Lund,,,,"Skåne län"
22102,Lund,,,,"Skåne län"
22103,Lund,,,,"Skåne län"
22104,Lund,,,,"Skåne län"
22105,Lund,,,,"Skåne län"
22109,Lund,,,,"Skåne län"
22182,Lund,,,,"Skåne län"
22183,Lund,,,,"Skåne län"
22184,Lund,,,,"Skåne län"
22185,Lund,,,,"Skåne län"
22186,Lund,,,,"Skåne län"
22187,Lund,,,,"Skåne län"
22188,Lund,,,,"Skåne län"
22200,Lund,,,,"Skåne län"
22219,Lund,,,,"Skåne län"
22220,Lund,,,,"Skåne län"
22221,Lund,,,,"Skåne län"
22222,Lund,,,,"Skåne län"
22223,Lund,,,,"Skåne län"
22224,Lund,,,,"Skåne län"
22225,Lund,,,,"Skåne län"
22226,Lund,,,,"Skåne län"
22227,Lund,,,,"Skåne län"
22228,Lund,,,,"Skåne län"
22229,Lund,,,,"Skåne län"
22230,Lund,,,,"Skåne län"
22235,Lund,,,,"Skåne län"
22236,Lund,,,,"Skåne län"
22237,Lund,,,,"Skåne län"
22239,Lund,,,,"Skåne län"
22240,Lund,,,,"Skåne län"
22241,Lund,,,,"Skåne län"
22242,Lund,,,,"Skåne län"
22270,Lund,,,,"Skåne län"
22271,Lund,,,,"Skåne län"
22274,Lund,,,,"Skåne län"
22275,Lund,,,,"Skåne län"
22276,Lund,,,,"Skåne län"
22300,Lund,,,,"Skåne län"
22349,Lund,,,,"Skåne län"
22350,Lund,,,,"Skåne län"
22351,Lund,,,,"Skåne län"
22352,Lund,,,,"Skåne län"
22353,Lund,,,,"Skåne län"
22354,Lund,,,,"Skåne län"
22355,Lund,,,,"Skåne län"
22356,Lund,,,,"Skåne län"
22357,Lund,,,,"Skåne län"
22358,Lund,,,,"Skåne län"
22359,Lund,,,,"Skåne län"
22361,Lund,,,,"Skåne län"
22362,Lund,,,,"Skåne län"
22363,Lund,,,,"Skåne län"
22369,Lund,,,,"Skåne län"
22370,Lund,,,,"Skåne län"
22381,Lund,,,,"Skåne län"
22400,Lund,,,,"Skåne län"
22421,Lund,,,,"Skåne län"
22422,Lund,,,,"Skåne län"
22430,Lund,,,,"Skåne län"
22456,Lund,,,,"Skåne län"
22457,Lund,,,,"Skåne län"
22458,Lund,,,,"Skåne län"
22460,Lund,,,,"Skåne län"
22464,Lund,,,,"Skåne län"
22465,Lund,,,,"Skåne län"
22466,Lund,,,,"Skåne län"
22467,Lund,,,,"Skåne län"
22468,Lund,,,,"Skåne län"
22471,Lund,,,,"Skåne län"
22472,Lund,,,,"Skåne län"
22473,Lund,,,,"Skåne län"
22474,Lund,,,,"Skåne län"
22475,Lund,,,,"Skåne län"
22476,Lund,,,,"Skåne län"
22477,Lund,,,,"Skåne län"
22478,Lund,,,,"Skåne län"
22479,Lund,,,,"Skåne län"
22480,Lund,,,,"Skåne län"
22481,Lund,,,,"Skåne län"
22482,Lund,,,,"Skåne län"
22484,Lund,,,,"Skåne län"
22591,Lund,,,,"Skåne län"
22592,Lund,,,,"Skåne län"
22593,Lund,,,,"Skåne län"
22594,Lund,,,,"Skåne län"
22600,Lund,,,,"Skåne län"
22638,Lund,,,,"Skåne län"
22639,Lund,,,,"Skåne län"
22641,Lund,,,,"Skåne län"
22642,Lund,,,,"Skåne län"
22643,Lund,,,,"Skåne län"
22644,Lund,,,,"Skåne län"
22645,Lund,,,,"Skåne län"
22646,Lund,,,,"Skåne län"
22647,Lund,,,,"Skåne län"
22648,Lund,,,,"Skåne län"
22649,Lund,,,,"Skåne län"
22650,Lund,,,,"Skåne län"
22651,Lund,,,,"Skåne län"
22652,Lund,,,,"Skåne län"
22653,Lund,,,,"Skåne län"
22654,Lund,,,,"Skåne län"
22655,Lund,,,,"Skåne län"
22656,Lund,,,,"Skåne län"
22657,Lund,,,,"Skåne län"
22658,Lund,,,,"Skåne län"
22660,Lund,,,,"Skåne län"
22700,Lund,,,,"Skåne län"
22721,Lund,,,,"Skåne län"
22722,Lund,,,,"Skåne län"
22728,Lund,,,,"Skåne län"
22729,Lund,,,,"Skåne län"
22730,Lund,,,,"Skåne län"
22731,Lund,,,,"Skåne län"
22732,Lund,,,,"Skåne län"
22733,Lund,,,,"Skåne län"
22734,Lund,,,,"Skåne län"
22735,Lund,,,,"Skåne län"
22736,Lund,,,,"Skåne län"
22738,Lund,,,,"Skåne län"
22760,Lund,,,,"Skåne län"
22761,Lund,,,,"Skåne län"
22762,Lund,,,,"Skåne län"
22763,Lund,,,,"Skåne län"
22764,Lund,,,,"Skåne län"
22800,Lund,,,,"Skåne län"
22810,Lund,,,,"Skåne län"
22811,Lund,,,,"Skåne län"
22812,Lund,,,,"Skåne län"
22813,Lund,,,,"Skåne län"
22814,Lund,,,,"Skåne län"
22820,Lund,,,,"Skåne län"
23042,Tygelsjö,,,,"Skåne län"
23043,Klagshamn,,,,"Skåne län"
23044,Bunkeflostrand,,,,"Skåne län"
23102,Trelleborg,,,,"Skåne län"
23120,Trelleborg,,,,"Skåne län"
23131,Trelleborg,,,,"Skåne län"
23167,Trelleborg,,,,"Skåne län"
23220,Arlöv,,,,"Skåne län"
23241,Arlöv,,,,"Skåne län"
23320,Svedala,,,,"Skåne län"
23343,Svedala,,,,"Skåne län"
23344,Svedala,,,,"Skåne län"
23420,Lomma,,,,"Skåne län"
23439,Lomma,,,,"Skåne län"
23520,Vellinge,,,,"Skåne län"
23620,Höllviken,,,,"Skåne län"
23720,Bjärred,,,,"Skåne län"
23742,Bjärred,,,,"Skåne län"
23820,Oxie,,,,"Skåne län"
23920,Skanör,,,,"Skåne län"
24120,Eslöv,,,,"Skåne län"
24220,Hörby,,,,"Skåne län"
24320,Höör,,,,"Skåne län"
24420,Kävlinge,,,,"Skåne län"
24520,Staffanstorp,,,,"Skåne län"
24620,Löddeköpinge,,,,"Skåne län"
24720,"Södra Sandby",,,,"Skåne län"
25449,Helsingborg,,,,"Skåne län"
25734,Rydebäck,,,,"Skåne län"
25800,Helsingborg,,,,"Skåne län"
25801,Helsingborg,,,,"Skåne län"
25802,Helsingborg,,,,"Skåne län"
25803,Helsingborg,,,,"Skåne län"
25804,Helsingborg,,,,"Skåne län"
25805,Helsingborg,,,,"Skåne län"
25806,Helsingborg,,,,"Skåne län"
25807,Helsingborg,,,,"Skåne län"
25808,Helsingborg,,,,"Skåne län"
25809,Helsingborg,,,,"Skåne län"
25810,Helsingborg,,,,"Skåne län"
25811,Helsingborg,,,,"Skåne län"
25812,Helsingborg,,,,"Skåne län"
25813,Helsingborg,,,,"Skåne län"
25814,Helsingborg,,,,"Skåne län"
25815,Helsingborg,,,,"Skåne län"
25816,Helsingborg,,,,"Skåne län"
25817,Helsingborg,,,,"Skåne län"
25818,Helsingborg,,,,"Skåne län"
25819,Helsingborg,,,,"Skåne län"
25820,Helsingborg,,,,"Skåne län"
25821,Helsingborg,,,,"Skåne län"
25822,Helsingborg,,,,"Skåne län"
25823,Helsingborg,,,,"Skåne län"
25824,Helsingborg,,,,"Skåne län"
25825,Helsingborg,,,,"Skåne län"
25826,Helsingborg,,,,"Skåne län"
25827,Helsingborg,,,,"Skåne län"
25828,Helsingborg,,,,"Skåne län"
25829,Helsingborg,,,,"Skåne län"
25830,Helsingborg,,,,"Skåne län"
25835,Helsingborg,,,,"Skåne län"
25840,Helsingborg,,,,"Skåne län"
25845,Ramlösa,,,,"Skåne län"
25850,Helsingborg,,,,"Skåne län"
25851,Helsingborg,,,,"Skåne län"
25852,Helsingborg,,,,"Skåne län"
25853,Helsingborg,,,,"Skåne län"
25854,Helsingborg,,,,"Skåne län"
25855,Helsingborg,,,,"Skåne län"
25856,Helsingborg,,,,"Skåne län"
25857,Helsingborg,,,,"Skåne län"
25858,Helsingborg,,,,"Skåne län"
25859,Helsingborg,,,,"Skåne län"
25860,Helsingborg,,,,"Skåne län"
25870,Helsingborg,,,,"Skåne län"
25890,Helsingborg,,,,"Skåne län"
25895,Helsingborg,,,,"Skåne län"
25896,Helsingborg,,,,"Skåne län"
25960,Helsingborg,,,,"Skåne län"
25961,Helsingborg,,,,"Skåne län"
25962,Helsingborg,,,,"Skåne län"
25963,Helsingborg,,,,"Skåne län"
25964,Helsingborg,,,,"Skåne län"
25965,Helsingborg,,,,"Skåne län"
25966,Helsingborg,,,,"Skåne län"
25967,Helsingborg,,,,"Skåne län"
25968,Helsingborg,,,,"Skåne län"
25969,Helsingborg,,,,"Skåne län"
25970,Helsingborg,,,,"Skåne län"
25971,Helsingborg,,,,"Skåne län"
25972,Helsingborg,,,,"Skåne län"
25973,Helsingborg,,,,"Skåne län"
25974,Helsingborg,,,,"Skåne län"
25975,Helsingborg,,,,"Skåne län"
25976,Helsingborg,,,,"Skåne län"
25977,Helsingborg,,,,"Skåne län"
25978,Helsingborg,,,,"Skåne län"
25979,Helsingborg,,,,"Skåne län"
25980,Helsingborg,,,,"Skåne län"
25981,Helsingborg,,,,"Skåne län"
25982,Helsingborg,,,,"Skåne län"
25983,Helsingborg,,,,"Skåne län"
25984,Helsingborg,,,,"Skåne län"
25985,Helsingborg,,,,"Skåne län"
25986,Helsingborg,,,,"Skåne län"
25987,Helsingborg,,,,"Skåne län"
25988,Helsingborg,,,,"Skåne län"
25989,Helsingborg,,,,"Skåne län"
25990,Helsingborg,,,,"Skåne län"
25991,Helsingborg,,,,"Skåne län"
25992,Helsingborg,,,,"Skåne län"
25993,Helsingborg,,,,"Skåne län"
25994,Helsingborg,,,,"Skåne län"
25995,Helsingborg,,,,"Skåne län"
25996,Helsingborg,,,,"Skåne län"
25997,Helsingborg,,,,"Skåne län"
25998,Helsingborg,,,,"Skåne län"
25999,Helsingborg,,,,"Skåne län"
26037,Ödåkra,,,,"Skåne län"
26120,Landskrona,,,,"Skåne län"
26130,Landskrona,,,,"Skåne län"
26220,Ängelholm,,,,"Skåne län"
26258,Ängelholm,,,,"Skåne län"
26274,Ängelholm,,,,"Skåne län"
26320,Höganäs,,,,"Skåne län"
26335,Höganäs,,,,"Skåne län"
26350,Höganäs,,,,"Skåne län"
26420,Klippan,,,,"Skåne län"
26520,Åstorp,,,,"Skåne län"
26720,Bjuv,,,,"Skåne län"
26820,Svalöv,,,,"Skåne län"
26920,Båstad,,,,"Skåne län"
27120,Ystad,,,,"Skåne län"
27146,Ystad,,,,"Skåne län"
27157,Ystad,,,,"Skåne län"
27172,Köpingebro,,,,"Skåne län"
27173,Köpingebro,,,,"Skåne län"
27220,Simrishamn,,,,"Skåne län"
27320,Tomelilla,,,,"Skåne län"
27420,Skurup,,,,"Skåne län"
27520,Sjöbo,,,,"Skåne län"
27701,Kivik,,,,"Skåne län"
28100,Hässleholm,,,,"Skåne län"
28101,Hässleholm,,,,"Skåne län"
28120,Hässleholm,,,,"Skåne län"
28155,Hässleholm,,,,"Skåne län"
28201,Tyringe,,,,"Skåne län"
28220,Tyringe,,,,"Skåne län"
28320,Osby,,,,"Skåne län"
28420,Perstorp,,,,"Skåne län"
28620,Örkelljunga,,,,"Skåne län"
28638,Örkelljunga,,,,"Skåne län"
28820,Vinslöv,,,,"Skåne län"
28920,Knislinge,,,,"Skåne län"
29120,Kristianstad,,,,"Skåne län"
29520,Bromölla,,,,"Skåne län"
29620,Åhus,,,,"Skåne län"
29720,Degeberga,,,,"Skåne län"
31083,Unnaryd,,,,"Hallands län"
31401,Hyltebruk,,,,"Hallands län"
31403,Torup,,,,"Hallands län"
31404,Landeryd,,,,"Hallands län"
31405,Kinnared,,,,"Hallands län"
31421,Hyltebruk,,,,"Hallands län"
31422,Hyltebruk,,,,"Hallands län"
31431,Hyltebruk,,,,"Hallands län"
31432,Hyltebruk,,,,"Hallands län"
31433,Hyltebruk,,,,"Hallands län"
31434,Hyltebruk,,,,"Hallands län"
31441,Torup,,,,"Hallands län"
31442,Rydöbruk,,,,"Hallands län"
31451,Unnaryd,,,,"Hallands län"
31452,Unnaryd,,,,"Hallands län"
31480,Hyltebruk,,,,"Hallands län"
31481,Hyltebruk,,,,"Hallands län"
31482,Hyltebruk,,,,"Hallands län"
31491,Hyltebruk,,,,"Hallands län"
31492,Långaryd,,,,"Hallands län"
31493,Hyltebruk,,,,"Hallands län"
31494,Landeryd,,,,"Hallands län"
31495,Kinnared,,,,"Hallands län"
31496,Torup,,,,"Hallands län"
31498,Torup,,,,"Hallands län"
33393,Skeppshult,,,,"Hallands län"
34010,Lidhult,,,,"Hallands län"
34171,Lidhult,,,,"Hallands län"
34172,Lidhult,,,,"Hallands län"
34173,Lidhult,,,,"Hallands län"
30004,Halmstad,,,,"Hallands län"
30005,Halmstad,,,,"Hallands län"
30007,Halmstad,,,,"Hallands län"
30008,Halmstad,,,,"Hallands län"
30010,Halmstad,,,,"Hallands län"
30013,Halmstad,,,,"Hallands län"
30102,Halmstad,,,,"Hallands län"
30103,Halmstad,,,,"Hallands län"
30104,Halmstad,,,,"Hallands län"
30105,Halmstad,,,,"Hallands län"
30106,Halmstad,,,,"Hallands län"
30107,Halmstad,,,,"Hallands län"
30108,Halmstad,,,,"Hallands län"
30109,Halmstad,,,,"Hallands län"
30110,Halmstad,,,,"Hallands län"
30116,Halmstad,,,,"Hallands län"
30117,Halmstad,,,,"Hallands län"
30118,Halmstad,,,,"Hallands län"
30119,Halmstad,,,,"Hallands län"
30121,Halmstad,,,,"Hallands län"
30122,Halmstad,,,,"Hallands län"
30123,Halmstad,,,,"Hallands län"
30124,Halmstad,,,,"Hallands län"
30125,Halmstad,,,,"Hallands län"
30127,Halmstad,,,,"Hallands län"
30128,Halmstad,,,,"Hallands län"
30180,Halmstad,,,,"Hallands län"
30181,Halmstad,,,,"Hallands län"
30182,Halmstad,,,,"Hallands län"
30185,Halmstad,,,,"Hallands län"
30186,Halmstad,,,,"Hallands län"
30187,Halmstad,,,,"Hallands län"
30201,Halmstad,,,,"Hallands län"
30202,Halmstad,,,,"Hallands län"
30203,Halmstad,,,,"Hallands län"
30204,Halmstad,,,,"Hallands län"
30220,Halmstad,,,,"Hallands län"
30221,Halmstad,,,,"Hallands län"
30222,Halmstad,,,,"Hallands län"
30223,Halmstad,,,,"Hallands län"
30225,Halmstad,,,,"Hallands län"
30227,Halmstad,,,,"Hallands län"
30228,Halmstad,,,,"Hallands län"
30230,Halmstad,,,,"Hallands län"
30231,Halmstad,,,,"Hallands län"
30232,Halmstad,,,,"Hallands län"
30233,Halmstad,,,,"Hallands län"
30234,Halmstad,,,,"Hallands län"
30235,Halmstad,,,,"Hallands län"
30236,Halmstad,,,,"Hallands län"
30237,Halmstad,,,,"Hallands län"
30238,Halmstad,,,,"Hallands län"
30239,Halmstad,,,,"Hallands län"
30240,Halmstad,,,,"Hallands län"
30241,Halmstad,,,,"Hallands län"
30242,Halmstad,,,,"Hallands län"
30243,Halmstad,,,,"Hallands län"
30244,Halmstad,,,,"Hallands län"
30245,Halmstad,,,,"Hallands län"
30246,Halmstad,,,,"Hallands län"
30247,Halmstad,,,,"Hallands län"
30248,Halmstad,,,,"Hallands län"
30249,Halmstad,,,,"Hallands län"
30250,Halmstad,,,,"Hallands län"
30251,Halmstad,,,,"Hallands län"
30252,Halmstad,,,,"Hallands län"
30253,Halmstad,,,,"Hallands län"
30254,Halmstad,,,,"Hallands län"
30255,Halmstad,,,,"Hallands län"
30256,Halmstad,,,,"Hallands län"
30257,Halmstad,,,,"Hallands län"
30258,Halmstad,,,,"Hallands län"
30259,Halmstad,,,,"Hallands län"
30260,Halmstad,,,,"Hallands län"
30261,Halmstad,,,,"Hallands län"
30262,Halmstad,,,,"Hallands län"
30263,Halmstad,,,,"Hallands län"
30264,Halmstad,,,,"Hallands län"
30265,Halmstad,,,,"Hallands län"
30266,Halmstad,,,,"Hallands län"
30267,Halmstad,,,,"Hallands län"
30268,Halmstad,,,,"Hallands län"
30269,Halmstad,,,,"Hallands län"
30270,Halmstad,,,,"Hallands län"
30271,Halmstad,,,,"Hallands län"
30272,Halmstad,,,,"Hallands län"
30273,Halmstad,,,,"Hallands län"
30274,Halmstad,,,,"Hallands län"
30275,Halmstad,,,,"Hallands län"
30276,Halmstad,,,,"Hallands län"
30277,Halmstad,,,,"Hallands län"
30279,Holm,,,,"Hallands län"
30283,Halmstad,,,,"Hallands län"
30290,Halmstad,,,,"Hallands län"
30291,Halmstad,,,,"Hallands län"
30292,Halmstad,,,,"Hallands län"
30293,Halmstad,,,,"Hallands län"
30294,Halmstad,,,,"Hallands län"
30295,Halmstad,,,,"Hallands län"
30296,Halmstad,,,,"Hallands län"
30504,Haverdal,,,,"Hallands län"
30505,Getinge,,,,"Hallands län"
30560,Harplinge,,,,"Hallands län"
30561,Harplinge,,,,"Hallands län"
30564,Gullbrandstorp,,,,"Hallands län"
30565,Villshärad,,,,"Hallands län"
30570,Haverdal,,,,"Hallands län"
30571,Haverdal,,,,"Hallands län"
30572,Steninge,,,,"Hallands län"
30575,Getinge,,,,"Hallands län"
30576,Getinge,,,,"Hallands län"
30577,Getinge,,,,"Hallands län"
30578,Kvibille,,,,"Hallands län"
30591,Halmstad,,,,"Hallands län"
30592,Holm,,,,"Hallands län"
30593,Halmstad,,,,"Hallands län"
30594,Halmstad,,,,"Hallands län"
30595,Halmstad,,,,"Hallands län"
30596,Eldsberga,,,,"Hallands län"
30597,Eldsberga,,,,"Hallands län"
31031,Eldsberga,,,,"Hallands län"
31034,Kvibille,,,,"Hallands län"
31038,Simlångsdalen,,,,"Hallands län"
31040,Harplinge,,,,"Hallands län"
31041,Gullbrandstorp,,,,"Hallands län"
31301,Oskarström,,,,"Hallands län"
31302,Sennan,,,,"Hallands län"
31303,Åled,,,,"Hallands län"
31321,Oskarström,,,,"Hallands län"
31322,Oskarström,,,,"Hallands län"
31330,Oskarström,,,,"Hallands län"
31331,Oskarström,,,,"Hallands län"
31332,Oskarström,,,,"Hallands län"
31333,Oskarström,,,,"Hallands län"
31350,Åled,,,,"Hallands län"
31392,Oskarström,,,,"Hallands län"
31393,Slättåkra,,,,"Hallands län"
31394,Sennan,,,,"Hallands län"
31395,Åled,,,,"Hallands län"
31396,Simlångsdalen,,,,"Hallands län"
31397,Simlångsdalen,,,,"Hallands län"
26695,Munka-Ljungby,,,,"Hallands län"
28040,"Skånes Fagerhult",,,,"Hallands län"
28673,"Skånes Fagerhult",,,,"Hallands län"
28675,"Skånes Fagerhult",,,,"Hallands län"
31020,Knäred,,,,"Hallands län"
31021,Hishult,,,,"Hallands län"
31200,Laholm,,,,"Hallands län"
31202,Genevad,,,,"Hallands län"
31203,Veinge,,,,"Hallands län"
31204,Vallberga,,,,"Hallands län"
31205,Skottorp,,,,"Hallands län"
31206,Mellbystrand,,,,"Hallands län"
31207,Våxtorp,,,,"Hallands län"
31221,Laholm,,,,"Hallands län"
31222,Laholm,,,,"Hallands län"
31230,Laholm,,,,"Hallands län"
31231,Laholm,,,,"Hallands län"
31232,Laholm,,,,"Hallands län"
31233,Laholm,,,,"Hallands län"
31234,Laholm,,,,"Hallands län"
31235,Laholm,,,,"Hallands län"
31236,Laholm,,,,"Hallands län"
31240,Genevad,,,,"Hallands län"
31245,Veinge,,,,"Hallands län"
31250,Vallberga,,,,"Hallands län"
31251,Knäred,,,,"Hallands län"
31252,Knäred,,,,"Hallands län"
31253,Hishult,,,,"Hallands län"
31260,Mellbystrand,,,,"Hallands län"
31261,Mellbystrand,,,,"Hallands län"
31262,Mellbystrand,,,,"Hallands län"
31271,Skummeslövsstrand,,,,"Hallands län"
31272,Skummeslövsstrand,,,,"Hallands län"
31273,Skummeslövsstrand,,,,"Hallands län"
31275,Våxtorp,,,,"Hallands län"
31277,Skottorp,,,,"Hallands län"
31280,Laholm,,,,"Hallands län"
31291,Laholm,,,,"Hallands län"
31292,Laholm,,,,"Hallands län"
31293,Laholm,,,,"Hallands län"
31294,Laholm,,,,"Hallands län"
31295,Laholm,,,,"Hallands län"
31296,Laholm,,,,"Hallands län"
31297,Laholm,,,,"Hallands län"
31298,Våxtorp,,,,"Hallands län"
31042,Haverdal,,,,"Hallands län"
31044,Getinge,,,,"Hallands län"
31050,Slöinge,,,,"Hallands län"
31061,Ätran,,,,"Hallands län"
31062,Fegen,,,,"Hallands län"
31063,Älvsered,,,,"Hallands län"
31100,Falkenberg,,,,"Hallands län"
31101,Falkenberg,,,,"Hallands län"
31103,Långås,,,,"Hallands län"
31104,Glommen,,,,"Hallands län"
31105,Vinberg,,,,"Hallands län"
31106,Heberg,,,,"Hallands län"
31110,Falkenberg,,,,"Hallands län"
31121,Falkenberg,,,,"Hallands län"
31122,Falkenberg,,,,"Hallands län"
31123,Falkenberg,,,,"Hallands län"
31130,Falkenberg,,,,"Hallands län"
31131,Falkenberg,,,,"Hallands län"
31132,Falkenberg,,,,"Hallands län"
31133,Falkenberg,,,,"Hallands län"
31134,Falkenberg,,,,"Hallands län"
31135,Falkenberg,,,,"Hallands län"
31136,Falkenberg,,,,"Hallands län"
31137,Falkenberg,,,,"Hallands län"
31138,Falkenberg,,,,"Hallands län"
31139,Falkenberg,,,,"Hallands län"
31140,Falkenberg,,,,"Hallands län"
31141,Falkenberg,,,,"Hallands län"
31142,Falkenberg,,,,"Hallands län"
31143,Falkenberg,,,,"Hallands län"
31144,Falkenberg,,,,"Hallands län"
31145,Falkenberg,,,,"Hallands län"
31147,Falkenberg,,,,"Hallands län"
31148,Falkenberg,,,,"Hallands län"
31150,Falkenberg,,,,"Hallands län"
31151,Ätran,,,,"Hallands län"
31152,Fegen,,,,"Hallands län"
31154,Glommen,,,,"Hallands län"
31163,Älvsered,,,,"Hallands län"
31167,Slöinge,,,,"Hallands län"
31168,Slöinge,,,,"Hallands län"
31169,Ugglarp,,,,"Hallands län"
31170,Falkenberg,,,,"Hallands län"
31171,Falkenberg,,,,"Hallands län"
31172,Falkenberg,,,,"Hallands län"
31173,Falkenberg,,,,"Hallands län"
31174,Falkenberg,,,,"Hallands län"
31175,Falkenberg,,,,"Hallands län"
31176,Falkenberg,,,,"Hallands län"
31177,Falkenberg,,,,"Hallands län"
31178,Falkenberg,,,,"Hallands län"
31179,Falkenberg,,,,"Hallands län"
31180,Falkenberg,,,,"Hallands län"
31181,Falkenberg,,,,"Hallands län"
31182,Falkenberg,,,,"Hallands län"
31183,Falkenberg,,,,"Hallands län"
31191,Falkenberg,,,,"Hallands län"
31192,Falkenberg,,,,"Hallands län"
31194,Falkenberg,,,,"Hallands län"
31195,Falkenberg,,,,"Hallands län"
31196,Heberg,,,,"Hallands län"
31197,Falkenberg,,,,"Hallands län"
31198,Glommen,,,,"Hallands län"
31199,Vinberg,,,,"Hallands län"
31391,Oskarström,,,,"Hallands län"
31497,Torup,,,,"Hallands län"
31058,Vessigebro,,,,"Hallands län"
31060,Ullared,,,,"Hallands län"
31109,Ullared,,,,"Hallands län"
31160,Ullared,,,,"Hallands län"
31161,Ullared,,,,"Hallands län"
31162,Ullared,,,,"Hallands län"
31164,Vessigebro,,,,"Hallands län"
31165,Vessigebro,,,,"Hallands län"
31185,Ullared,,,,"Hallands län"
31190,Morud,,,,"Hallands län"
31193,Långås,,,,"Hallands län"
43010,Tvååker,,,,"Hallands län"
43016,Rolfstorp,,,,"Hallands län"
43017,Skällinge,,,,"Hallands län"
43022,Väröbacka,,,,"Hallands län"
43024,Väröbacka,,,,"Hallands län"
43025,Väröbacka,,,,"Hallands län"
43201,Varberg,,,,"Hallands län"
43202,Varberg,,,,"Hallands län"
43203,Träslövsläge,,,,"Hallands län"
43205,Tvååker,,,,"Hallands län"
43206,Bua,,,,"Hallands län"
43208,Rolfstorp,,,,"Hallands län"
43213,Varberg,,,,"Hallands län"
43214,Varberg,,,,"Hallands län"
43215,Varberg,,,,"Hallands län"
43216,Varberg,,,,"Hallands län"
43217,Varberg,,,,"Hallands län"
43218,Varberg,,,,"Hallands län"
43219,Varberg,,,,"Hallands län"
43221,Varberg,,,,"Hallands län"
43222,Varberg,,,,"Hallands län"
43223,Varberg,,,,"Hallands län"
43224,Varberg,,,,"Hallands län"
43225,Varberg,,,,"Hallands län"
43230,Varberg,,,,"Hallands län"
43231,Varberg,,,,"Hallands län"
43232,Varberg,,,,"Hallands län"
43233,Varberg,,,,"Hallands län"
43234,Varberg,,,,"Hallands län"
43235,Varberg,,,,"Hallands län"
43236,Varberg,,,,"Hallands län"
43237,Varberg,,,,"Hallands län"
43238,Varberg,,,,"Hallands län"
43239,Varberg,,,,"Hallands län"
43240,Varberg,,,,"Hallands län"
43241,Varberg,,,,"Hallands län"
43242,Varberg,,,,"Hallands län"
43243,Varberg,,,,"Hallands län"
43244,Varberg,,,,"Hallands län"
43245,Varberg,,,,"Hallands län"
43247,Varberg,,,,"Hallands län"
43250,Varberg,,,,"Hallands län"
43251,Varberg,,,,"Hallands län"
43252,Varberg,,,,"Hallands län"
43253,Varberg,,,,"Hallands län"
43254,Varberg,,,,"Hallands län"
43255,Varberg,,,,"Hallands län"
43257,Varberg,,,,"Hallands län"
43263,Bua,,,,"Hallands län"
43264,Bua,,,,"Hallands län"
43265,Väröbacka,,,,"Hallands län"
43266,Veddinge,,,,"Hallands län"
43268,Veddinge,,,,"Hallands län"
43269,"Karl Gustav",,,,"Hallands län"
43274,Träslövsläge,,,,"Hallands län"
43275,Träslövsläge,,,,"Hallands län"
43276,Tvååker,,,,"Hallands län"
43277,Tvååker,,,,"Hallands län"
43278,Tvååker,,,,"Hallands län"
43279,Tvååker,,,,"Hallands län"
43280,Varberg,,,,"Hallands län"
43281,Varberg,,,,"Hallands län"
43282,Varberg,,,,"Hallands län"
43284,Varberg,,,,"Hallands län"
43285,Väröbacka,,,,"Hallands län"
43286,Väröbacka,,,,"Hallands län"
43289,Varberg,,,,"Hallands län"
43291,Varberg,,,,"Hallands län"
43292,Varberg,,,,"Hallands län"
43293,Varberg,,,,"Hallands län"
43294,Varberg,,,,"Hallands län"
43295,Varberg,,,,"Hallands län"
43296,Åskloster,,,,"Hallands län"
43297,Rolfstorp,,,,"Hallands län"
43298,Grimetom,,,,"Hallands län"
43299,Skällinge,,,,"Hallands län"
51993,Kungsäter,,,,"Hallands län"
42700,Billdal,,,,"Hallands län"
42750,Billdal,,,,"Hallands län"
42911,Särö,,,,"Hallands län"
42912,Särö,,,,"Hallands län"
42913,Särö,,,,"Hallands län"
42921,Kullavik,,,,"Hallands län"
42922,Kullavik,,,,"Hallands län"
42923,Kullavik,,,,"Hallands län"
42930,Kullavik,,,,"Hallands län"
42931,Kullavik,,,,"Hallands län"
42932,Kullavik,,,,"Hallands län"
42933,Kullavik,,,,"Hallands län"
42934,Kullavik,,,,"Hallands län"
42935,Kullavik,,,,"Hallands län"
42941,Särö,,,,"Hallands län"
42942,Särö,,,,"Hallands län"
42943,Särö,,,,"Hallands län"
42944,Särö,,,,"Hallands län"
42980,Särö,,,,"Hallands län"
43020,Veddige,,,,"Hallands län"
43030,Frillesås,,,,"Hallands län"
43031,Åsa,,,,"Hallands län"
43207,Veddige,,,,"Hallands län"
43267,Veddige,,,,"Hallands län"
43287,Veddige,,,,"Hallands län"
43400,Kungsbacka,,,,"Hallands län"
43401,Kungsbacka,,,,"Hallands län"
43403,Vallda,,,,"Hallands län"
43421,Kungsbacka,,,,"Hallands län"
43422,Kungsbacka,,,,"Hallands län"
43423,Kungsbacka,,,,"Hallands län"
43424,Kungsbacka,,,,"Hallands län"
43430,Kungsbacka,,,,"Hallands län"
43431,Kungsbacka,,,,"Hallands län"
43432,Kungsbacka,,,,"Hallands län"
43433,Kungsbacka,,,,"Hallands län"
43434,Kungsbacka,,,,"Hallands län"
43435,Kungsbacka,,,,"Hallands län"
43436,Kungsbacka,,,,"Hallands län"
43437,Kungsbacka,,,,"Hallands län"
43438,Kungsbacka,,,,"Hallands län"
43439,Kungsbacka,,,,"Hallands län"
43440,Kungsbacka,,,,"Hallands län"
43441,Kungsbacka,,,,"Hallands län"
43442,Kungsbacka,,,,"Hallands län"
43443,Kungsbacka,,,,"Hallands län"
43444,Kungsbacka,,,,"Hallands län"
43445,Kungsbacka,,,,"Hallands län"
43446,Kungsbacka,,,,"Hallands län"
43447,Kungsbacka,,,,"Hallands län"
43448,Kungsbacka,,,,"Hallands län"
43450,Kungsbacka,,,,"Hallands län"
43451,Kungsbacka,,,,"Hallands län"
43452,Kungsbacka,,,,"Hallands län"
43460,Kungsbacka,,,,"Hallands län"
43479,Vallda,,,,"Hallands län"
43480,Kungsbacka,,,,"Hallands län"
43481,Kungsbacka,,,,"Hallands län"
43488,Kungsbacka,,,,"Hallands län"
43490,Vallda,,,,"Hallands län"
43491,Kungsbacka,,,,"Hallands län"
43492,Vallda,,,,"Hallands län"
43493,Vallda,,,,"Hallands län"
43494,Vallda,,,,"Hallands län"
43495,Kungsbacka,,,,"Hallands län"
43496,Kungsbacka,,,,"Hallands län"
43497,Kungsbacka,,,,"Hallands län"
43498,Kungsbacka,,,,"Hallands län"
43499,Kungsbacka,,,,"Hallands län"
43900,Onsala,,,,"Hallands län"
43905,Åsa,,,,"Hallands län"
43908,Frillesås,,,,"Hallands län"
43921,Onsala,,,,"Hallands län"
43922,Onsala,,,,"Hallands län"
43923,Onsala,,,,"Hallands län"
43924,Onsala,,,,"Hallands län"
43925,Onsala,,,,"Hallands län"
43926,Onsala,,,,"Hallands län"
43930,Onsala,,,,"Hallands län"
43931,Onsala,,,,"Hallands län"
43932,Onsala,,,,"Hallands län"
43933,Onsala,,,,"Hallands län"
43934,Onsala,,,,"Hallands län"
43935,Onsala,,,,"Hallands län"
43936,Onsala,,,,"Hallands län"
43937,Onsala,,,,"Hallands län"
43951,Åsa,,,,"Hallands län"
43952,Åsa,,,,"Hallands län"
43953,Åsa,,,,"Hallands län"
43954,Åsa,,,,"Hallands län"
43955,Åsa,,,,"Hallands län"
43961,Frillesås,,,,"Hallands län"
43962,Frillesås,,,,"Hallands län"
43963,Frillesås,,,,"Hallands län"
43964,Frillesås,,,,"Hallands län"
43965,Stråvalla,,,,"Hallands län"
43991,Onsala,,,,"Hallands län"
43992,Onsala,,,,"Hallands län"
43993,Onsala,,,,"Hallands län"
43994,Onsala,,,,"Hallands län"
30224,Halmstad,,,,"Hallands län"
30226,Halmstad,,,,"Hallands län"
30229,Halmstad,,,,"Hallands län"
30800,Halmstad,,,,"Hallands län"
30801,Halmstad,,,,"Hallands län"
31120,Falkenberg,,,,"Hallands län"
31146,Falkenberg,,,,"Hallands län"
31184,Falkenberg,,,,"Hallands län"
31220,Laholm,,,,"Hallands län"
31320,Oskarström,,,,"Hallands län"
31420,Hyltebruk,,,,"Hallands län"
42920,Kullavik,,,,"Hallands län"
43200,Varberg,,,,"Hallands län"
43210,Varberg,,,,"Hallands län"
43246,Varberg,,,,"Hallands län"
43248,Varberg,,,,"Hallands län"
43256,Varberg,,,,"Hallands län"
43420,Kungsbacka,,,,"Hallands län"
43482,Kungsbacka,,,,"Hallands län"
43920,Onsala,,,,"Hallands län"
43500,Mölnlycke,,,,"Västra Götalands län"
43501,Mölnlycke,,,,"Västra Götalands län"
43521,Mölnlycke,,,,"Västra Götalands län"
43522,Mölnlycke,,,,"Västra Götalands län"
43523,Mölnlycke,,,,"Västra Götalands län"
43524,Mölnlycke,,,,"Västra Götalands län"
43525,Mölnlycke,,,,"Västra Götalands län"
43530,Mölnlycke,,,,"Västra Götalands län"
43531,Mölnlycke,,,,"Västra Götalands län"
43532,Mölnlycke,,,,"Västra Götalands län"
43533,Mölnlycke,,,,"Västra Götalands län"
43535,Mölnlycke,,,,"Västra Götalands län"
43537,Mölnlycke,,,,"Västra Götalands län"
43538,Mölnlycke,,,,"Västra Götalands län"
43540,Mölnlycke,,,,"Västra Götalands län"
43541,Mölnlycke,,,,"Västra Götalands län"
43544,Mölnlycke,,,,"Västra Götalands län"
43580,Mölnlycke,,,,"Västra Götalands län"
43582,Mölnlycke,,,,"Västra Götalands län"
43583,Mölnlycke,,,,"Västra Götalands län"
43584,Mölnlycke,,,,"Västra Götalands län"
43585,Mölnlycke,,,,"Västra Götalands län"
43587,Mölnlycke,,,,"Västra Götalands län"
43588,Mölnlycke,,,,"Västra Götalands län"
43800,Härryda,,,,"Västra Götalands län"
43807,Härryda,,,,"Västra Götalands län"
43808,Härryda,,,,"Västra Götalands län"
43809,Härryda,,,,"Västra Götalands län"
43811,Landvetter,,,,"Västra Götalands län"
43812,Landvetter,,,,"Västra Götalands län"
43813,Landvetter,,,,"Västra Götalands län"
43814,Landvetter,,,,"Västra Götalands län"
43821,Landvetter,,,,"Västra Götalands län"
43822,Landvetter,,,,"Västra Götalands län"
43823,Landvetter,,,,"Västra Götalands län"
43824,Landvetter,,,,"Västra Götalands län"
43832,Landvetter,,,,"Västra Götalands län"
43833,Landvetter,,,,"Västra Götalands län"
43834,Landvetter,,,,"Västra Götalands län"
43835,Landvetter,,,,"Västra Götalands län"
43836,Landvetter,,,,"Västra Götalands län"
43838,Landvetter,,,,"Västra Götalands län"
43839,Landvetter,,,,"Västra Götalands län"
43870,Härryda,,,,"Västra Götalands län"
43880,Landvetter,,,,"Västra Götalands län"
43881,Landvetter,,,,"Västra Götalands län"
43891,Landvetter,,,,"Västra Götalands län"
43892,Härryda,,,,"Västra Götalands län"
43894,Härryda,,,,"Västra Götalands län"
43300,Partille,,,,"Västra Götalands län"
43302,Sävedalen,,,,"Västra Götalands län"
43304,Jonsered,,,,"Västra Götalands län"
43321,Partille,,,,"Västra Götalands län"
43322,Partille,,,,"Västra Götalands län"
43323,Partille,,,,"Västra Götalands län"
43324,Partille,,,,"Västra Götalands län"
43325,Partille,,,,"Västra Götalands län"
43326,Partille,,,,"Västra Götalands län"
43328,Partille,,,,"Västra Götalands län"
43330,Partille,,,,"Västra Götalands län"
43331,Partille,,,,"Västra Götalands län"
43332,Partille,,,,"Västra Götalands län"
43333,Partille,,,,"Västra Götalands län"
43334,Partille,,,,"Västra Götalands län"
43335,Partille,,,,"Västra Götalands län"
43336,Partille,,,,"Västra Götalands län"
43337,Partille,,,,"Västra Götalands län"
43338,Partille,,,,"Västra Götalands län"
43341,Partille,,,,"Västra Götalands län"
43342,Partille,,,,"Västra Götalands län"
43343,Partille,,,,"Västra Götalands län"
43344,Partille,,,,"Västra Götalands län"
43345,Partille,,,,"Västra Götalands län"
43346,Partille,,,,"Västra Götalands län"
43347,Partille,,,,"Västra Götalands län"
43348,Partille,,,,"Västra Götalands län"
43349,Partille,,,,"Västra Götalands län"
43350,Öjersjö,,,,"Västra Götalands län"
43351,Öjersjö,,,,"Västra Götalands län"
43352,Öjersjö,,,,"Västra Götalands län"
43353,Öjersjö,,,,"Västra Götalands län"
43360,Sävedalen,,,,"Västra Götalands län"
43361,Sävedalen,,,,"Västra Götalands län"
43362,Sävedalen,,,,"Västra Götalands län"
43363,Sävedalen,,,,"Västra Götalands län"
43364,Sävedalen,,,,"Västra Götalands län"
43365,Sävedalen,,,,"Västra Götalands län"
43366,Sävedalen,,,,"Västra Götalands län"
43367,Sävedalen,,,,"Västra Götalands län"
43368,Sävedalen,,,,"Västra Götalands län"
43369,Sävedalen,,,,"Västra Götalands län"
43370,Sävedalen,,,,"Västra Götalands län"
43380,Partille,,,,"Västra Götalands län"
43381,Jonsered,,,,"Västra Götalands län"
43382,Partille,,,,"Västra Götalands län"
43383,Partille,,,,"Västra Götalands län"
43384,Partille,,,,"Västra Götalands län"
43386,Partille,,,,"Västra Götalands län"
43090,Öckerö,,,,"Västra Götalands län"
43092,Fotö,,,,"Västra Götalands län"
43093,Hälsö,,,,"Västra Götalands län"
43094,Bohus-Björkö,,,,"Västra Götalands län"
43095,Källö-Knippla,,,,"Västra Götalands län"
43096,Hyppeln,,,,"Västra Götalands län"
43097,Rörö,,,,"Västra Götalands län"
47500,Öckerö,,,,"Västra Götalands län"
47510,Hälsö,,,,"Västra Götalands län"
47511,Hälsö,,,,"Västra Götalands län"
47512,Hälsö,,,,"Västra Götalands län"
47520,Öckerö,,,,"Västra Götalands län"
47522,Öckerö,,,,"Västra Götalands län"
47525,Hönö,,,,"Västra Götalands län"
47531,Öckerö,,,,"Västra Götalands län"
47532,Öckerö,,,,"Västra Götalands län"
47535,Grötö,,,,"Västra Götalands län"
47536,Kalvsund,,,,"Västra Götalands län"
47537,Bohus-Björkö,,,,"Västra Götalands län"
47540,Hönö,,,,"Västra Götalands län"
47541,Hönö,,,,"Västra Götalands län"
47542,Hönö,,,,"Västra Götalands län"
47545,Fotö,,,,"Västra Götalands län"
47550,Hälsö,,,,"Västra Götalands län"
47551,Källö-Knippla,,,,"Västra Götalands län"
47552,Hyppeln,,,,"Västra Götalands län"
47553,Rörö,,,,"Västra Götalands län"
47580,Öckerö,,,,"Västra Götalands län"
44400,Stenungsund,,,,"Västra Götalands län"
44402,"Stora Höga",,,,"Västra Götalands län"
44419,Stenungsund,,,,"Västra Götalands län"
44421,Stenungsund,,,,"Västra Götalands län"
44422,Stenungsund,,,,"Västra Götalands län"
44423,Stenungsund,,,,"Västra Götalands län"
44424,Stenungsund,,,,"Västra Götalands län"
44426,Stenungsund,,,,"Västra Götalands län"
44428,Stenungsund,,,,"Västra Götalands län"
44430,Stenungsund,,,,"Västra Götalands län"
44431,Stenungsund,,,,"Västra Götalands län"
44432,Stenungsund,,,,"Västra Götalands län"
44440,Stenungsund,,,,"Västra Götalands län"
44441,Stenungsund,,,,"Västra Götalands län"
44442,Stenungsund,,,,"Västra Götalands län"
44443,Stenungsund,,,,"Västra Götalands län"
44444,Stenungsund,,,,"Västra Götalands län"
44445,Stenungsund,,,,"Västra Götalands län"
44446,Stenungsund,,,,"Västra Götalands län"
44447,Stenungsund,,,,"Västra Götalands län"
44448,Stenungsund,,,,"Västra Götalands län"
44453,Stenungsund,,,,"Västra Götalands län"
44454,Stenungsund,,,,"Västra Götalands län"
44455,Stenungsund,,,,"Västra Götalands län"
44460,"Stora Höga",,,,"Västra Götalands län"
44461,"Stora Höga",,,,"Västra Götalands län"
44465,Jörlanda,,,,"Västra Götalands län"
44482,Stenungsund,,,,"Västra Götalands län"
44483,Stenungsund,,,,"Västra Götalands län"
44484,Stenungsund,,,,"Västra Götalands län"
44485,Stenungsund,,,,"Västra Götalands län"
44486,Stenungsund,,,,"Västra Götalands län"
44487,Stenungsund,,,,"Västra Götalands län"
44491,Stenungsund,,,,"Västra Götalands län"
44492,Jörlanda,,,,"Västra Götalands län"
44493,Spekeröd,,,,"Västra Götalands län"
44494,Ucklum,,,,"Västra Götalands län"
44495,Ödsmål,,,,"Västra Götalands län"
44496,Ödsmål,,,,"Västra Götalands län"
47175,Hjälteby,,,,"Västra Götalands län"
47100,Kållekärr,,,,"Västra Götalands län"
47101,Skärhamn,,,,"Västra Götalands län"
47110,Rönnäng,,,,"Västra Götalands län"
47111,Rönnäng,,,,"Västra Götalands län"
47112,Åstol,,,,"Västra Götalands län"
47113,Åstol,,,,"Västra Götalands län"
47114,Dyrön,,,,"Västra Götalands län"
47115,Dyrön,,,,"Västra Götalands län"
47116,Myggenäs,,,,"Västra Götalands län"
47117,Myggenäs,,,,"Västra Götalands län"
47121,Skärhamn,,,,"Västra Götalands län"
47122,Skärhamn,,,,"Västra Götalands län"
47130,Skärhamn,,,,"Västra Götalands län"
47131,Skärhamn,,,,"Västra Götalands län"
47132,Skärhamn,,,,"Västra Götalands län"
47133,Skärhamn,,,,"Västra Götalands län"
47141,Rönnäng,,,,"Västra Götalands län"
47142,Rönnäng,,,,"Västra Götalands län"
47143,Dyrön,,,,"Västra Götalands län"
47144,Åstol,,,,"Västra Götalands län"
47150,Bleket,,,,"Västra Götalands län"
47151,Klädesholmen,,,,"Västra Götalands län"
47160,Myggenäs,,,,"Västra Götalands län"
47161,Myggenäs,,,,"Västra Götalands län"
47162,Höviksnäs,,,,"Västra Götalands län"
47170,Höviksnäs,,,,"Västra Götalands län"
47171,Hakenäset,,,,"Västra Götalands län"
47172,Hjälteby,,,,"Västra Götalands län"
47173,Hjälteby,,,,"Västra Götalands län"
47174,Hjälteby,,,,"Västra Götalands län"
47180,Skärhamn,,,,"Västra Götalands län"
47190,Kyrkesund,,,,"Västra Götalands län"
47191,Klövedal,,,,"Västra Götalands län"
47192,Klövedal,,,,"Västra Götalands län"
47193,Kållekärr,,,,"Västra Götalands län"
47194,Kållekärr,,,,"Västra Götalands län"
47195,Skärhamn,,,,"Västra Götalands län"
47196,Bleket,,,,"Västra Götalands län"
47197,Rönnäng,,,,"Västra Götalands län"
47198,Fagerfjäll,,,,"Västra Götalands län"
47199,Vallhamn,,,,"Västra Götalands län"
47200,Varekil,,,,"Västra Götalands län"
47201,Svanesund,,,,"Västra Götalands län"
47221,Svanesund,,,,"Västra Götalands län"
47222,Svanesund,,,,"Västra Götalands län"
47223,Svanesund,,,,"Västra Götalands län"
47231,Svanesund,,,,"Västra Götalands län"
47232,Svanesund,,,,"Västra Götalands län"
47291,Stillingsön,,,,"Västra Götalands län"
47292,Stillingsön,,,,"Västra Götalands län"
47293,Svanesund,,,,"Västra Götalands län"
47294,Svanesund,,,,"Västra Götalands län"
47295,Varekil,,,,"Västra Götalands län"
47296,Varekil,,,,"Västra Götalands län"
47297,Varekil,,,,"Västra Götalands län"
47298,Askerön,,,,"Västra Götalands län"
47300,Henån,,,,"Västra Götalands län"
47301,Henån,,,,"Västra Götalands län"
47321,Henån,,,,"Västra Götalands län"
47322,Henån,,,,"Västra Götalands län"
47323,Henån,,,,"Västra Götalands län"
47331,Henån,,,,"Västra Götalands län"
47332,Henån,,,,"Västra Götalands län"
47333,Henån,,,,"Västra Götalands län"
47334,Henån,,,,"Västra Götalands län"
47380,Henån,,,,"Västra Götalands län"
47391,Henån,,,,"Västra Götalands län"
47393,Henån,,,,"Västra Götalands län"
47394,Henån,,,,"Västra Götalands län"
47395,Henån,,,,"Västra Götalands län"
47396,Henån,,,,"Västra Götalands län"
47397,Henån,,,,"Västra Götalands län"
47398,Henån,,,,"Västra Götalands län"
47399,Henån,,,,"Västra Götalands län"
47401,Ellös,,,,"Västra Götalands län"
47402,Mollösund,,,,"Västra Götalands län"
47404,Käringön,,,,"Västra Götalands län"
47411,Mollösund,,,,"Västra Götalands län"
47412,Mollösund,,,,"Västra Götalands län"
47413,Mollösund,,,,"Västra Götalands län"
47414,Gullholmen,,,,"Västra Götalands län"
47415,Gullholmen,,,,"Västra Götalands län"
47416,Gullholmen,,,,"Västra Götalands län"
47421,Ellös,,,,"Västra Götalands län"
47422,Ellös,,,,"Västra Götalands län"
47423,Ellös,,,,"Västra Götalands län"
47431,Ellös,,,,"Västra Götalands län"
47432,Ellös,,,,"Västra Götalands län"
47470,Mollösund,,,,"Västra Götalands län"
47471,Gullholmen,,,,"Västra Götalands län"
47492,Ellös,,,,"Västra Götalands län"
47493,Ellös,,,,"Västra Götalands län"
47494,Hälleviksstrand,,,,"Västra Götalands län"
47495,Hälleviksstrand,,,,"Västra Götalands län"
47496,Nösund,,,,"Västra Götalands län"
45043,Smögen,,,,"Västra Götalands län"
45045,Bohus-Malmön,,,,"Västra Götalands län"
45046,Hunnebostrand,,,,"Västra Götalands län"
45047,Bovallstrand,,,,"Västra Götalands län"
45601,Kungshamn,,,,"Västra Götalands län"
45621,Kungshamn,,,,"Västra Götalands län"
45622,Kungshamn,,,,"Västra Götalands län"
45623,Kungshamn,,,,"Västra Götalands län"
45624,Kungshamn,,,,"Västra Götalands län"
45625,Smögen,,,,"Västra Götalands län"
45626,Hunnebostrand,,,,"Västra Götalands län"
45631,Kungshamn,,,,"Västra Götalands län"
45632,Kungshamn,,,,"Västra Götalands län"
45633,Kungshamn,,,,"Västra Götalands län"
45634,Kungshamn,,,,"Västra Götalands län"
45642,Kungshamn,,,,"Västra Götalands län"
45643,Kungshamn,,,,"Västra Götalands län"
45644,Kungshamn,,,,"Västra Götalands län"
45647,Bovallstrand,,,,"Västra Götalands län"
45650,Smögen,,,,"Västra Götalands län"
45651,Smögen,,,,"Västra Götalands län"
45655,Bohus-Malmön,,,,"Västra Götalands län"
45660,Hunnebostrand,,,,"Västra Götalands län"
45661,Hunnebostrand,,,,"Västra Götalands län"
45662,Hunnebostrand,,,,"Västra Götalands län"
45680,Kungshamn,,,,"Västra Götalands län"
45681,Kungshamn,,,,"Västra Götalands län"
45691,Kungshamn,,,,"Västra Götalands län"
45692,Hunnebostrand,,,,"Västra Götalands län"
45693,Hunnebostrand,,,,"Västra Götalands län"
45694,Hunnebostrand,,,,"Västra Götalands län"
45054,Hedekas,,,,"Västra Götalands län"
45500,Munkedal,,,,"Västra Götalands län"
45501,Munkedal,,,,"Västra Götalands län"
45521,Munkedal,,,,"Västra Götalands län"
45522,Munkedal,,,,"Västra Götalands län"
45530,Munkedal,,,,"Västra Götalands län"
45531,Munkedal,,,,"Västra Götalands län"
45532,Munkedal,,,,"Västra Götalands län"
45533,Munkedal,,,,"Västra Götalands län"
45534,Munkedal,,,,"Västra Götalands län"
45535,Munkedal,,,,"Västra Götalands län"
45541,Hedekas,,,,"Västra Götalands län"
45580,Munkedal,,,,"Västra Götalands län"
45581,Munkedal,,,,"Västra Götalands län"
45582,Munkedal,,,,"Västra Götalands län"
45591,Munkedal,,,,"Västra Götalands län"
45592,Munkedal,,,,"Västra Götalands län"
45593,Munkedal,,,,"Västra Götalands län"
45595,Hedekas,,,,"Västra Götalands län"
45596,Hedekas,,,,"Västra Götalands län"
45053,Hällevadsholm,,,,"Västra Götalands län"
45070,Hamburgsund,,,,"Västra Götalands län"
45071,Fjällbacka,,,,"Västra Götalands län"
45073,Rabbalshede,,,,"Västra Götalands län"
45084,Bullaren,,,,"Västra Götalands län"
45700,Tanumshede,,,,"Västra Götalands län"
45701,Tanumshede,,,,"Västra Götalands län"
45702,Grebbestad,,,,"Västra Götalands län"
45718,Grebbestad,,,,"Västra Götalands län"
45721,Tanumshede,,,,"Västra Götalands län"
45722,Tanumshede,,,,"Västra Götalands län"
45723,Tanumshede,,,,"Västra Götalands län"
45727,Fjällbacka,,,,"Västra Götalands län"
45730,Tanumshede,,,,"Västra Götalands län"
45731,Tanumshede,,,,"Västra Götalands län"
45732,Tanumshede,,,,"Västra Götalands län"
45740,Fjällbacka,,,,"Västra Götalands län"
45741,Fjällbacka,,,,"Västra Götalands län"
45742,Fjällbacka,,,,"Västra Götalands län"
45743,Fjällbacka,,,,"Västra Götalands län"
45745,Hamburgsund,,,,"Västra Götalands län"
45746,Hamburgsund,,,,"Västra Götalands län"
45747,Hamburgsung,,,,"Västra Götalands län"
45748,Hamburgsund,,,,"Västra Götalands län"
45750,Bullaren,,,,"Västra Götalands län"
45751,Bullaren,,,,"Västra Götalands län"
45755,Rabbalshede,,,,"Västra Götalands län"
45756,Rabbalshede,,,,"Västra Götalands län"
45760,Hällevadsholm,,,,"Västra Götalands län"
45761,Hällevadsholm,,,,"Västra Götalands län"
45772,Grebbestad,,,,"Västra Götalands län"
45773,Havstenssund,,,,"Västra Götalands län"
45780,Tanumshede,,,,"Västra Götalands län"
45781,Tanumshede,,,,"Västra Götalands län"
45782,Tanumshede,,,,"Västra Götalands län"
45791,Tanumshede,,,,"Västra Götalands län"
45793,Tanumshede,,,,"Västra Götalands län"
45795,Grebbestad,,,,"Västra Götalands län"
45797,Resö,,,,"Västra Götalands län"
66800,Ed,,,,"Västra Götalands län"
66801,Ed,,,,"Västra Götalands län"
66821,Ed,,,,"Västra Götalands län"
66822,Ed,,,,"Västra Götalands län"
66824,Ed,,,,"Västra Götalands län"
66830,Ed,,,,"Västra Götalands län"
66831,Ed,,,,"Västra Götalands län"
66832,Ed,,,,"Västra Götalands län"
45801,Färgelanda,,,,"Västra Götalands län"
45821,Färgelanda,,,,"Västra Götalands län"
45822,Färgelanda,,,,"Västra Götalands län"
45830,Färgelanda,,,,"Västra Götalands län"
45831,Färgelanda,,,,"Västra Götalands län"
45832,Färgelanda,,,,"Västra Götalands län"
45840,Ödeborg,,,,"Västra Götalands län"
45880,Färgelanda,,,,"Västra Götalands län"
45881,Färgelanda,,,,"Västra Götalands län"
45891,Färgelanda,,,,"Västra Götalands län"
45892,Färgelanda,,,,"Västra Götalands län"
45893,Färgelanda,,,,"Västra Götalands län"
45894,Stigen,,,,"Västra Götalands län"
44502,Surte,,,,"Västra Götalands län"
44521,Bohus,,,,"Västra Götalands län"
44522,Bohus,,,,"Västra Götalands län"
44523,Bohus,,,,"Västra Götalands län"
44532,Bohus,,,,"Västra Götalands län"
44533,Bohus,,,,"Västra Götalands län"
44536,Bohus,,,,"Västra Götalands län"
44537,Bohus,,,,"Västra Götalands län"
44552,Surte,,,,"Västra Götalands län"
44555,Surte,,,,"Västra Götalands län"
44556,Surte,,,,"Västra Götalands län"
44557,Surte,,,,"Västra Götalands län"
44580,Bohus,,,,"Västra Götalands län"
44600,Älvängen,,,,"Västra Götalands län"
44621,Älvängen,,,,"Västra Götalands län"
44622,Älvängen,,,,"Västra Götalands län"
44623,Älvängen,,,,"Västra Götalands län"
44632,Älvängen,,,,"Västra Götalands län"
44633,Älvängen,,,,"Västra Götalands län"
44634,Älvängen,,,,"Västra Götalands län"
44635,Älvängen,,,,"Västra Götalands län"
44636,Älvängen,,,,"Västra Götalands län"
44637,Älvängen,,,,"Västra Götalands län"
44638,Älvängen,,,,"Västra Götalands län"
44640,Skepplanda,,,,"Västra Götalands län"
44641,Skepplanda,,,,"Västra Götalands län"
44692,Skepplanda,,,,"Västra Götalands län"
44694,Skepplanda,,,,"Västra Götalands län"
44695,Älvängen,,,,"Västra Götalands län"
44696,Hålanda,,,,"Västra Götalands län"
44697,Älvängen,,,,"Västra Götalands län"
44900,Nödinge,,,,"Västra Götalands län"
44911,Nol,,,,"Västra Götalands län"
44914,Alafors,,,,"Västra Götalands län"
44915,Alafors,,,,"Västra Götalands län"
44921,Nödinge,,,,"Västra Götalands län"
44922,Nödinge,,,,"Västra Götalands län"
44930,Nödinge,,,,"Västra Götalands län"
44931,Nödinge,,,,"Västra Götalands län"
44932,Nödinge,,,,"Västra Götalands län"
44933,Nödinge,,,,"Västra Götalands län"
44934,Nödinge,,,,"Västra Götalands län"
44940,Nol,,,,"Västra Götalands län"
44941,Nol,,,,"Västra Götalands län"
44942,Nol,,,,"Västra Götalands län"
44943,Nol,,,,"Västra Götalands län"
44944,Nol,,,,"Västra Götalands län"
44950,Alafors,,,,"Västra Götalands län"
44951,Alafors,,,,"Västra Götalands län"
44980,Alafors,,,,"Västra Götalands län"
44981,Nol,,,,"Västra Götalands län"
43375,Jonsered,,,,"Västra Götalands län"
43376,Jonsered,,,,"Västra Götalands län"
44300,Lerum,,,,"Västra Götalands län"
44303,Stenkullen,,,,"Västra Götalands län"
44304,Gråbo,,,,"Västra Götalands län"
44305,Sjövik,,,,"Västra Götalands län"
44311,Gråbo,,,,"Västra Götalands län"
44312,Gråbo,,,,"Västra Götalands län"
44313,Gråbo,,,,"Västra Götalands län"
44314,Gråbo,,,,"Västra Götalands län"
44315,Gråbo,,,,"Västra Götalands län"
44321,Lerum,,,,"Västra Götalands län"
44322,Lerum,,,,"Västra Götalands län"
44323,Lerum,,,,"Västra Götalands län"
44324,Lerum,,,,"Västra Götalands län"
44325,Lerum,,,,"Västra Götalands län"
44330,Lerum,,,,"Västra Götalands län"
44331,Lerum,,,,"Västra Götalands län"
44332,Lerum,,,,"Västra Götalands län"
44333,Lerum,,,,"Västra Götalands län"
44334,Lerum,,,,"Västra Götalands län"
44335,Lerum,,,,"Västra Götalands län"
44336,Lerum,,,,"Västra Götalands län"
44338,Lerum,,,,"Västra Götalands län"
44339,Lerum,,,,"Västra Götalands län"
44340,Gråbo,,,,"Västra Götalands län"
44341,Gråbo,,,,"Västra Götalands län"
44342,Gråbo,,,,"Västra Götalands län"
44343,Gråbo,,,,"Västra Götalands län"
44344,Gråbo,,,,"Västra Götalands län"
44345,Sjövik,,,,"Västra Götalands län"
44350,Lerum,,,,"Västra Götalands län"
44351,Lerum,,,,"Västra Götalands län"
44360,Stenkullen,,,,"Västra Götalands län"
44361,Stenkullen,,,,"Västra Götalands län"
44370,Gråbo,,,,"Västra Götalands län"
44371,Gråbo,,,,"Västra Götalands län"
44372,Gråbo,,,,"Västra Götalands län"
44373,Gråbo,,,,"Västra Götalands län"
44374,Sjövik,,,,"Västra Götalands län"
44380,Lerum,,,,"Västra Götalands län"
44391,Lerum,,,,"Västra Götalands län"
44392,Lerum,,,,"Västra Götalands län"
44395,Stenkullen,,,,"Västra Götalands län"
44396,Stenkullen,,,,"Västra Götalands län"
44800,Floda,,,,"Västra Götalands län"
44802,Tollered,,,,"Västra Götalands län"
44821,Floda,,,,"Västra Götalands län"
44822,Floda,,,,"Västra Götalands län"
44823,Floda,,,,"Västra Götalands län"
44824,Floda,,,,"Västra Götalands län"
44830,Floda,,,,"Västra Götalands län"
44831,Floda,,,,"Västra Götalands län"
44832,Floda,,,,"Västra Götalands län"
44833,Floda,,,,"Västra Götalands län"
44834,Floda,,,,"Västra Götalands län"
44835,Floda,,,,"Västra Götalands län"
44836,Floda,,,,"Västra Götalands län"
44837,Floda,,,,"Västra Götalands län"
44851,Tollered,,,,"Västra Götalands län"
44891,Floda,,,,"Västra Götalands län"
44892,Floda,,,,"Västra Götalands län"
44990,Nol,,,,"Västra Götalands län"
44700,Vårgårda,,,,"Västra Götalands län"
44721,Vårgårda,,,,"Västra Götalands län"
44722,Vårgårda,,,,"Västra Götalands län"
44723,Vårgårda,,,,"Västra Götalands län"
44724,Vårgårda,,,,"Västra Götalands län"
44730,Vårgårda,,,,"Västra Götalands län"
44731,Vårgårda,,,,"Västra Götalands län"
44732,Vårgårda,,,,"Västra Götalands län"
44733,Vårgårda,,,,"Västra Götalands län"
44734,Vårgårda,,,,"Västra Götalands län"
44735,Vårgårda,,,,"Västra Götalands län"
44737,Vårgårda,,,,"Västra Götalands län"
44780,Vårgårda,,,,"Västra Götalands län"
44781,Vårgårda,,,,"Västra Götalands län"
44782,Vårgårda,,,,"Västra Götalands län"
44783,Vårgårda,,,,"Västra Götalands län"
44784,Vårgårda,,,,"Västra Götalands län"
44791,Vårgårda,,,,"Västra Götalands län"
44792,Vårgårda,,,,"Västra Götalands län"
44793,Vårgårda,,,,"Västra Götalands län"
44794,Vårgårda,,,,"Västra Götalands län"
44795,Vårgårda,,,,"Västra Götalands län"
43063,Hindås,,,,"Västra Götalands län"
43805,Hindås,,,,"Västra Götalands län"
43853,Hindås,,,,"Västra Götalands län"
43854,Hindås,,,,"Västra Götalands län"
43898,Hindås,,,,"Västra Götalands län"
51700,Bollebygd,,,,"Västra Götalands län"
51721,Bollebygd,,,,"Västra Götalands län"
51722,Bollebygd,,,,"Västra Götalands län"
51723,Bollebygd,,,,"Västra Götalands län"
51733,Bollebygd,,,,"Västra Götalands län"
51734,Bollebygd,,,,"Västra Götalands län"
51735,Bollebygd,,,,"Västra Götalands län"
51736,Bollebygd,,,,"Västra Götalands län"
51737,Bollebygd,,,,"Västra Götalands län"
51770,Töllsjö,,,,"Västra Götalands län"
51771,Olsfors,,,,"Västra Götalands län"
51781,Bollebygd,,,,"Västra Götalands län"
51782,Bollebygd,,,,"Västra Götalands län"
51783,Bollebygd,,,,"Västra Götalands län"
51791,Bollebygd,,,,"Västra Götalands län"
51792,Bollebygd,,,,"Västra Götalands län"
51793,Töllsjö,,,,"Västra Götalands län"
51794,Töllsjö,,,,"Västra Götalands län"
46701,Grästorp,,,,"Västra Götalands län"
46721,Grästorp,,,,"Västra Götalands län"
46722,Grästorp,,,,"Västra Götalands län"
46723,Grästorp,,,,"Västra Götalands län"
46730,Grästorp,,,,"Västra Götalands län"
46731,Grästorp,,,,"Västra Götalands län"
46732,Grästorp,,,,"Västra Götalands län"
46735,Grästorp,,,,"Västra Götalands län"
46740,Grästorp,,,,"Västra Götalands län"
46780,Grästorp,,,,"Västra Götalands län"
46781,Grästorp,,,,"Västra Götalands län"
46782,Grästorp,,,,"Västra Götalands län"
46783,Grästorp,,,,"Västra Götalands län"
46784,Grästorp,,,,"Västra Götalands län"
46791,Grästorp,,,,"Västra Götalands län"
46792,Grästorp,,,,"Västra Götalands län"
46793,Grästorp,,,,"Västra Götalands län"
46794,Grästorp,,,,"Västra Götalands län"
46795,Grästorp,,,,"Västra Götalands län"
46796,Grästorp,,,,"Västra Götalands län"
46501,Nossebro,,,,"Västra Götalands län"
46521,Nossebro,,,,"Västra Götalands län"
46530,Nossebro,,,,"Västra Götalands län"
46531,Nossebro,,,,"Västra Götalands län"
46580,Nossebro,,,,"Västra Götalands län"
46581,Nossebro,,,,"Västra Götalands län"
46582,Nossebro,,,,"Västra Götalands län"
46591,Nossebro,,,,"Västra Götalands län"
46594,Nossebro,,,,"Västra Götalands län"
46596,Nossebro,,,,"Västra Götalands län"
46597,Nossebro,,,,"Västra Götalands län"
46598,Nossebro,,,,"Västra Götalands län"
54601,Karlsborg,,,,"Västra Götalands län"
54618,Karlsborg,,,,"Västra Götalands län"
54621,Karlsborg,,,,"Västra Götalands län"
54622,Karlsborg,,,,"Västra Götalands län"
54623,Karlsborg,,,,"Västra Götalands län"
54630,Karlsborg,,,,"Västra Götalands län"
54631,Karlsborg,,,,"Västra Götalands län"
54632,Karlsborg,,,,"Västra Götalands län"
54633,Karlsborg,,,,"Västra Götalands län"
54634,Karlsborg,,,,"Västra Götalands län"
54672,Mölltorp,,,,"Västra Götalands län"
54673,Forsvik,,,,"Västra Götalands län"
54681,Karlsborg,,,,"Västra Götalands län"
54682,Karlsborg,,,,"Västra Götalands län"
54691,Karlsborg,,,,"Västra Götalands län"
54692,Mölltorp,,,,"Västra Götalands län"
54693,Undenäs,,,,"Västra Götalands län"
54694,Undenäs,,,,"Västra Götalands län"
54695,Karlsborg,,,,"Västra Götalands län"
54700,Gullspång,,,,"Västra Götalands län"
54702,Otterbäcken,,,,"Västra Götalands län"
54721,Gullspång,,,,"Västra Götalands län"
54722,Gullspång,,,,"Västra Götalands län"
54724,Gullspång,,,,"Västra Götalands län"
54725,Gullspång,,,,"Västra Götalands län"
54730,Gullspång,,,,"Västra Götalands län"
54731,Gullspång,,,,"Västra Götalands län"
54772,Otterbäcken,,,,"Västra Götalands län"
54781,Otterbäcken,,,,"Västra Götalands län"
54782,Otterbäcken,,,,"Västra Götalands län"
54791,Gullspång,,,,"Västra Götalands län"
54792,Gullspång,,,,"Västra Götalands län"
54793,Skagersvik,,,,"Västra Götalands län"
54800,Hova,,,,"Västra Götalands län"
54821,Hova,,,,"Västra Götalands län"
54822,Hova,,,,"Västra Götalands län"
54831,Hova,,,,"Västra Götalands län"
54832,Hova,,,,"Västra Götalands län"
54892,Hova,,,,"Västra Götalands län"
33027,Hestra,,,,"Västra Götalands län"
33503,Hestra,,,,"Västra Götalands län"
33571,Hestra,,,,"Västra Götalands län"
33572,Hestra,,,,"Västra Götalands län"
51400,Tranemo,,,,"Västra Götalands län"
51405,Länghem,,,,"Västra Götalands län"
51406,Dalstorp,,,,"Västra Götalands län"
51411,Limmared,,,,"Västra Götalands län"
51412,Limmared,,,,"Västra Götalands län"
51421,Tranemo,,,,"Västra Götalands län"
51422,Tranemo,,,,"Västra Götalands län"
51423,Tranemo,,,,"Västra Götalands län"
51424,Tranemo,,,,"Västra Götalands län"
51431,Tranemo,,,,"Västra Götalands län"
51432,Tranemo,,,,"Västra Götalands län"
51433,Tranemo,,,,"Västra Götalands län"
51434,Tranemo,,,,"Västra Götalands län"
51435,Tranemo,,,,"Västra Götalands län"
51440,Limmared,,,,"Västra Götalands län"
51441,Limmared,,,,"Västra Götalands län"
51442,Limmared,,,,"Västra Götalands län"
51443,Länghem,,,,"Västra Götalands län"
51444,Länghem,,,,"Västra Götalands län"
51450,Limmared,,,,"Västra Götalands län"
51452,Länghem,,,,"Västra Götalands län"
51453,Månstad,,,,"Västra Götalands län"
51454,Nittorp,,,,"Västra Götalands län"
51455,Ljungsarp,,,,"Västra Götalands län"
51460,Dalstorp,,,,"Västra Götalands län"
51461,Dalstorp,,,,"Västra Götalands län"
51462,Ölsremma,,,,"Västra Götalands län"
51463,Dalstorp,,,,"Västra Götalands län"
51470,Grimsås,,,,"Västra Götalands län"
51480,Tranemo,,,,"Västra Götalands län"
51481,Grimsås,,,,"Västra Götalands län"
51483,Limmared,,,,"Västra Götalands län"
51484,Ölsremma,,,,"Västra Götalands län"
51491,Tranemo,,,,"Västra Götalands län"
51493,Ambjörnarp,,,,"Västra Götalands län"
51495,Grimsås,,,,"Västra Götalands län"
56025,Bottnaryd,,,,"Västra Götalands län"
56576,Bottnaryd,,,,"Västra Götalands län"
56596,Bottnaryd,,,,"Västra Götalands län"
56597,Bottnaryd,,,,"Västra Götalands län"
45063,Högsäter,,,,"Västra Götalands län"
45870,Högsäter,,,,"Västra Götalands län"
45896,Högsäter,,,,"Västra Götalands län"
45897,Högsäter,,,,"Västra Götalands län"
66010,"Dals Långed",,,,"Västra Götalands län"
66011,Billingsfors,,,,"Västra Götalands län"
66600,Bengtsfors,,,,"Västra Götalands län"
66601,Bengtsfors,,,,"Västra Götalands län"
66621,Bengtsfors,,,,"Västra Götalands län"
66622,Bengtsfors,,,,"Västra Götalands län"
66623,Bengtsfors,,,,"Västra Götalands län"
66624,Bengtsfors,,,,"Västra Götalands län"
66625,Bengtsfors,,,,"Västra Götalands län"
66630,Bengtsfors,,,,"Västra Götalands län"
66631,Bengtsfors,,,,"Västra Götalands län"
66632,Bengtsfors,,,,"Västra Götalands län"
66640,Skåpafors,,,,"Västra Götalands län"
66641,Billingsfors,,,,"Västra Götalands län"
66691,Bengtsfors,,,,"Västra Götalands län"
66692,Bengtsfors,,,,"Västra Götalands län"
66694,"Dals Långed",,,,"Västra Götalands län"
66695,"Dals Långed",,,,"Västra Götalands län"
66840,Bäckefors,,,,"Västra Götalands län"
66888,Bäckefors,,,,"Västra Götalands län"
66891,Ed,,,,"Västra Götalands län"
66892,Ed,,,,"Västra Götalands län"
66893,Ed,,,,"Västra Götalands län"
66895,Ödskölt,,,,"Västra Götalands län"
46401,Mellerud,,,,"Västra Götalands län"
46421,Mellerud,,,,"Västra Götalands län"
46422,Mellerud,,,,"Västra Götalands län"
46423,Mellerud,,,,"Västra Götalands län"
46430,Mellerud,,,,"Västra Götalands län"
46431,Mellerud,,,,"Västra Götalands län"
46432,Mellerud,,,,"Västra Götalands län"
46433,Mellerud,,,,"Västra Götalands län"
46434,Mellerud,,,,"Västra Götalands län"
46440,Åsensbruk,,,,"Västra Götalands län"
46450,"Dals Rostock",,,,"Västra Götalands län"
46466,Mellerud,,,,"Västra Götalands län"
46471,Köpmannebro,,,,"Västra Götalands län"
46480,Mellerud,,,,"Västra Götalands län"
46482,Åsensbruk,,,,"Västra Götalands län"
46491,"Dals Rostock",,,,"Västra Götalands län"
46492,Mellerud,,,,"Västra Götalands län"
46493,Mellerud,,,,"Västra Götalands län"
46494,Mellerud,,,,"Västra Götalands län"
46495,Dalskog,,,,"Västra Götalands län"
66894,Bäckefors,,,,"Västra Götalands län"
44691,Alvhem,,,,"Västra Götalands län"
44693,Skepplanda,,,,"Västra Götalands län"
46011,Nygård,,,,"Västra Götalands län"
46012,Prässebo,,,,"Västra Götalands län"
46301,"Lilla Edet",,,,"Västra Götalands län"
46321,"Lilla Edet",,,,"Västra Götalands län"
46322,"Lilla Edet",,,,"Västra Götalands län"
46323,"Lilla Edet",,,,"Västra Götalands län"
46330,"Lilla Edet",,,,"Västra Götalands län"
46331,"Lilla Edet",,,,"Västra Götalands län"
46332,"Lilla Edet",,,,"Västra Götalands län"
46333,"Lilla Edet",,,,"Västra Götalands län"
46334,"Lilla Edet",,,,"Västra Götalands län"
46335,Göta,,,,"Västra Götalands län"
46371,Lödöse,,,,"Västra Götalands län"
46372,Lödöse,,,,"Västra Götalands län"
46375,Hjärtum,,,,"Västra Götalands län"
46380,"Lilla Edet",,,,"Västra Götalands län"
46381,"Lilla Edet",,,,"Västra Götalands län"
46382,"Lilla Edet",,,,"Västra Götalands län"
46383,"Lilla Edet",,,,"Västra Götalands län"
46391,"Lilla Edet",,,,"Västra Götalands län"
46392,"Lilla Edet",,,,"Västra Götalands län"
46393,Västerlanda,,,,"Västra Götalands län"
46394,"Lilla Edet",,,,"Västra Götalands län"
46395,Lödöse,,,,"Västra Götalands län"
46396,Nygård,,,,"Västra Götalands län"
46397,Prässebo,,,,"Västra Götalands län"
43033,Fjärås,,,,"Västra Götalands län"
43064,Hällingsjö,,,,"Västra Götalands län"
43065,Rävlanda,,,,"Västra Götalands län"
43851,Rävlanda,,,,"Västra Götalands län"
43852,Rävlanda,,,,"Västra Götalands län"
43895,Hällingsjö,,,,"Västra Götalands län"
43896,Hällingsjö,,,,"Västra Götalands län"
43897,Rävlanda,,,,"Västra Götalands län"
43903,Fjärås,,,,"Västra Götalands län"
43971,Fjärås,,,,"Västra Götalands län"
43972,Fjärås,,,,"Västra Götalands län"
43973,Fjärås,,,,"Västra Götalands län"
43974,Fjärås,,,,"Västra Götalands län"
43975,Fjärås,,,,"Västra Götalands län"
51021,Sätila,,,,"Västra Götalands län"
51022,Hyssna,,,,"Västra Götalands län"
51100,Kinna,,,,"Västra Götalands län"
51102,Skene,,,,"Västra Götalands län"
51103,Örby,,,,"Västra Götalands län"
51104,Kinnahult,,,,"Västra Götalands län"
51105,Rydal,,,,"Västra Götalands län"
51110,Fritsla,,,,"Västra Götalands län"
51121,Kinna,,,,"Västra Götalands län"
51122,Kinna,,,,"Västra Götalands län"
51123,Kinna,,,,"Västra Götalands län"
51131,Örby,,,,"Västra Götalands län"
51141,Kinna,,,,"Västra Götalands län"
51142,Kinnahult,,,,"Västra Götalands län"
51154,Kinna,,,,"Västra Götalands län"
51155,Kinna,,,,"Västra Götalands län"
51156,Kinna,,,,"Västra Götalands län"
51157,Kinna,,,,"Västra Götalands län"
51158,Kinna,,,,"Västra Götalands län"
51159,Kinna,,,,"Västra Götalands län"
51161,Skene,,,,"Västra Götalands län"
51162,Skene,,,,"Västra Götalands län"
51163,Skene,,,,"Västra Götalands län"
51164,Skene,,,,"Västra Götalands län"
51168,Hyssna,,,,"Västra Götalands län"
51169,Sätila,,,,"Västra Götalands län"
51170,Rydal,,,,"Västra Götalands län"
51171,Fritsla,,,,"Västra Götalands län"
51172,Fritsla,,,,"Västra Götalands län"
51173,Fritsla,,,,"Västra Götalands län"
51180,Kinna,,,,"Västra Götalands län"
51181,Skene,,,,"Västra Götalands län"
51182,Kinna,,,,"Västra Götalands län"
51191,Skene,,,,"Västra Götalands län"
51192,Örby,,,,"Västra Götalands län"
51193,Torestorp,,,,"Västra Götalands län"
51194,Älekulla,,,,"Västra Götalands län"
51195,Öxabäck,,,,"Västra Götalands län"
51196,Berghem,,,,"Västra Götalands län"
51197,Hajom,,,,"Västra Götalands län"
51198,Hyssna,,,,"Västra Götalands län"
51199,SÄTILA,,,,"Västra Götalands län"
51900,Horred,,,,"Västra Götalands län"
51921,Horred,,,,"Västra Götalands län"
51930,Horred,,,,"Västra Götalands län"
51931,Horred,,,,"Västra Götalands län"
51981,Horred,,,,"Västra Götalands län"
51990,Horred,,,,"Västra Götalands län"
51991,Istorp,,,,"Västra Götalands län"
51992,Kungsäter,,,,"Västra Götalands län"
51994,Björketorp,,,,"Västra Götalands län"
51995,Tostared,,,,"Västra Götalands län"
51996,Fotskäl,,,,"Västra Götalands län"
51997,Öxnevalla,,,,"Västra Götalands län"
51200,Svenljunga,,,,"Västra Götalands län"
51204,Överlida,,,,"Västra Götalands län"
51221,Svenljunga,,,,"Västra Götalands län"
51222,Svenljunga,,,,"Västra Götalands län"
51223,Svenljunga,,,,"Västra Götalands län"
51224,Svenljunga,,,,"Västra Götalands län"
51250,Svenljunga,,,,"Västra Götalands län"
51251,Svenljunga,,,,"Västra Götalands län"
51252,Svenljunga,,,,"Västra Götalands län"
51253,Svenljunga,,,,"Västra Götalands län"
51254,Svenljunga,,,,"Västra Götalands län"
51260,Överlida,,,,"Västra Götalands län"
51261,Kalv,,,,"Västra Götalands län"
51262,Mårdaklev,,,,"Västra Götalands län"
51263,"Östra Frölunda",,,,"Västra Götalands län"
51264,Holsljunga,,,,"Västra Götalands län"
51265,Mjöbäck,,,,"Västra Götalands län"
51276,Hillared,,,,"Västra Götalands län"
51277,Sexdrega,,,,"Västra Götalands län"
51280,Svenljunga,,,,"Västra Götalands län"
51281,Svenljunga,,,,"Västra Götalands län"
51283,Överlida,,,,"Västra Götalands län"
51284,Överlida,,,,"Västra Götalands län"
51285,Svenljunga,,,,"Västra Götalands län"
51290,Hillared,,,,"Västra Götalands län"
51292,Svenljunga,,,,"Västra Götalands län"
51293,Svenljunga,,,,"Västra Götalands län"
51294,Svenljunga,,,,"Västra Götalands län"
51295,Håcksvik,,,,"Västra Götalands län"
51492,Uddebo,,,,"Västra Götalands län"
51494,Sjötofta,,,,"Västra Götalands län"
52401,Herrljunga,,,,"Västra Götalands län"
52402,Ljung,,,,"Västra Götalands län"
52421,Herrljunga,,,,"Västra Götalands län"
52422,Herrljunga,,,,"Västra Götalands län"
52423,Herrljunga,,,,"Västra Götalands län"
52424,Herrljunga,,,,"Västra Götalands län"
52425,Herrljunga,,,,"Västra Götalands län"
52426,Herrljunga,,,,"Västra Götalands län"
52430,Herrljunga,,,,"Västra Götalands län"
52431,Herrljunga,,,,"Västra Götalands län"
52432,Herrljunga,,,,"Västra Götalands län"
52441,Ljung,,,,"Västra Götalands län"
52442,Ljung,,,,"Västra Götalands län"
52480,Ljung,,,,"Västra Götalands län"
52491,Herrljunga,,,,"Västra Götalands län"
52492,Herrljunga,,,,"Västra Götalands län"
52493,Herrljunga,,,,"Västra Götalands län"
46595,Nossebro,,,,"Västra Götalands län"
53010,Vedum,,,,"Västra Götalands län"
53401,Vara,,,,"Västra Götalands län"
53403,"Stora Levene",,,,"Västra Götalands län"
53421,Vara,,,,"Västra Götalands län"
53422,Vara,,,,"Västra Götalands län"
53423,Vara,,,,"Västra Götalands län"
53424,Vara,,,,"Västra Götalands län"
53425,Vara,,,,"Västra Götalands län"
53430,Vara,,,,"Västra Götalands län"
53431,Vara,,,,"Västra Götalands län"
53432,Vara,,,,"Västra Götalands län"
53433,Vara,,,,"Västra Götalands län"
53434,Vara,,,,"Västra Götalands län"
53450,Vara,,,,"Västra Götalands län"
53460,Vedum,,,,"Västra Götalands län"
53461,Vedum,,,,"Västra Götalands län"
53462,Larv,,,,"Västra Götalands län"
53473,"Stora Levene",,,,"Västra Götalands län"
53481,Vara,,,,"Västra Götalands län"
53482,Vara,,,,"Västra Götalands län"
53484,Vedum,,,,"Västra Götalands län"
53490,Vara,,,,"Västra Götalands län"
53491,Vara,,,,"Västra Götalands län"
53492,Tråvad,,,,"Västra Götalands län"
53494,Vara,,,,"Västra Götalands län"
53495,Vara,,,,"Västra Götalands län"
53496,Vara,,,,"Västra Götalands län"
53521,Kvänum,,,,"Västra Götalands län"
53522,Kvänum,,,,"Västra Götalands län"
53523,Kvänum,,,,"Västra Götalands län"
53530,Kvänum,,,,"Västra Götalands län"
53591,Kvänum,,,,"Västra Götalands län"
53593,Kvänum,,,,"Västra Götalands län"
53173,Källby,,,,"Västra Götalands län"
53174,Källby,,,,"Västra Götalands län"
53182,Källby,,,,"Västra Götalands län"
53195,Källby,,,,"Västra Götalands län"
53301,Götene,,,,"Västra Götalands län"
53302,Lundsbrunn,,,,"Västra Götalands län"
53303,Källby,,,,"Västra Götalands län"
53304,Hällekis,,,,"Västra Götalands län"
53321,Götene,,,,"Västra Götalands län"
53322,Götene,,,,"Västra Götalands län"
53323,Götene,,,,"Västra Götalands län"
53330,Götene,,,,"Västra Götalands län"
53331,Götene,,,,"Västra Götalands län"
53332,Götene,,,,"Västra Götalands län"
53333,Götene,,,,"Västra Götalands län"
53334,Götene,,,,"Västra Götalands län"
53350,Götene,,,,"Västra Götalands län"
53372,Lundsbrunn,,,,"Västra Götalands län"
53373,Källby,,,,"Västra Götalands län"
53374,Hällekis,,,,"Västra Götalands län"
53380,Götene,,,,"Västra Götalands län"
53381,Källby,,,,"Västra Götalands län"
53382,Götene,,,,"Västra Götalands län"
53391,Götene,,,,"Västra Götalands län"
53393,Källby,,,,"Västra Götalands län"
53394,Hällekis,,,,"Västra Götalands län"
53395,Götene,,,,"Västra Götalands län"
53396,Götene,,,,"Västra Götalands län"
53397,Götene,,,,"Västra Götalands län"
54301,Tibro,,,,"Västra Götalands län"
54321,Tibro,,,,"Västra Götalands län"
54322,Tibro,,,,"Västra Götalands län"
54323,Tibro,,,,"Västra Götalands län"
54330,Tibro,,,,"Västra Götalands län"
54331,Tibro,,,,"Västra Götalands län"
54332,Tibro,,,,"Västra Götalands län"
54333,Tibro,,,,"Västra Götalands län"
54334,Tibro,,,,"Västra Götalands län"
54335,Tibro,,,,"Västra Götalands län"
54336,Tibro,,,,"Västra Götalands län"
54337,Tibro,,,,"Västra Götalands län"
54350,Tibro,,,,"Västra Götalands län"
54351,Tibro,,,,"Västra Götalands län"
54380,Tibro,,,,"Västra Götalands län"
54381,Tibro,,,,"Västra Götalands län"
54391,Tibro,,,,"Västra Götalands län"
54392,Tibro,,,,"Västra Götalands län"
54393,Tibro,,,,"Västra Götalands län"
54394,Tibro,,,,"Västra Götalands län"
54395,Fagersanna,,,,"Västra Götalands län"
54501,Töreboda,,,,"Västra Götalands län"
54502,Älgarås,,,,"Västra Götalands län"
54521,Töreboda,,,,"Västra Götalands län"
54522,Töreboda,,,,"Västra Götalands län"
54523,Töreboda,,,,"Västra Götalands län"
54530,Töreboda,,,,"Västra Götalands län"
54531,Töreboda,,,,"Västra Götalands län"
54532,Töreboda,,,,"Västra Götalands län"
54533,Töreboda,,,,"Västra Götalands län"
54534,Töreboda,,,,"Västra Götalands län"
54535,Töreboda,,,,"Västra Götalands län"
54541,Moholm,,,,"Västra Götalands län"
54572,Älgarås,,,,"Västra Götalands län"
54590,Töreboda,,,,"Västra Götalands län"
54591,Töreboda,,,,"Västra Götalands län"
54592,Älgarås,,,,"Västra Götalands län"
54593,Töreboda,,,,"Västra Götalands län"
54594,Moholm,,,,"Västra Götalands län"
54595,Moholm,,,,"Västra Götalands län"
54891,Hova,,,,"Västra Götalands län"
54902,Moholm,,,,"Västra Götalands län"
54903,Moholm,,,,"Västra Götalands län"
54904,Moholm,,,,"Västra Götalands län"
54905,Moholm,,,,"Västra Götalands län"
54906,Moholm,,,,"Västra Götalands län"
54941,Moholm,,,,"Västra Götalands län"
54993,Moholm,,,,"Västra Götalands län"
40010,Göteborg,,,,"Västra Götalands län"
40012,Göteborg,,,,"Västra Götalands län"
40013,Göteborg,,,,"Västra Götalands län"
40014,Göteborg,,,,"Västra Götalands län"
40015,Göteborg,,,,"Västra Götalands län"
40016,Göteborg,,,,"Västra Götalands län"
40018,Göteborg,,,,"Västra Götalands län"
40020,Göteborg,,,,"Västra Götalands län"
40022,Göteborg,,,,"Västra Götalands län"
40024,Göteborg,,,,"Västra Götalands län"
40025,Göteborg,,,,"Västra Götalands län"
40026,Göteborg,,,,"Västra Götalands län"
40027,Göteborg,,,,"Västra Götalands län"
40028,Göteborg,,,,"Västra Götalands län"
40029,Göteborg,,,,"Västra Götalands län"
40031,Göteborg,,,,"Västra Götalands län"
40032,Göteborg,,,,"Västra Götalands län"
40036,Göteborg,,,,"Västra Götalands län"
40040,Göteborg,,,,"Västra Götalands län"
40043,Göteborg,,,,"Västra Götalands län"
40050,Göteborg,,,,"Västra Götalands län"
40053,Göteborg,,,,"Västra Götalands län"
40060,Göteborg,,,,"Västra Götalands län"
40064,Göteborg,,,,"Västra Götalands län"
40070,Göteborg,,,,"Västra Götalands län"
40072,Göteborg,,,,"Västra Götalands län"
40091,Göteborg,,,,"Västra Götalands län"
40092,Göteborg,,,,"Västra Götalands län"
40093,Göteborg,,,,"Västra Götalands län"
40094,Göteborg,,,,"Västra Götalands län"
40095,Göteborg,,,,"Västra Götalands län"
40096,Göteborg,,,,"Västra Götalands län"
40097,Göteborg,,,,"Västra Götalands län"
40110,Göteborg,,,,"Västra Götalands län"
40111,Göteborg,,,,"Västra Götalands län"
40120,Göteborg,,,,"Västra Götalands län"
40121,Göteborg,,,,"Västra Götalands län"
40122,Göteborg,,,,"Västra Götalands län"
40123,Göteborg,,,,"Västra Götalands län"
40124,Göteborg,,,,"Västra Götalands län"
40125,Göteborg,,,,"Västra Götalands län"
40126,Göteborg,,,,"Västra Götalands län"
40127,Göteborg,,,,"Västra Götalands län"
40150,Göteborg,,,,"Västra Götalands län"
40151,Göteborg,,,,"Västra Götalands län"
40180,Göteborg,,,,"Västra Götalands län"
40182,Göteborg,,,,"Västra Götalands län"
40183,Göteborg,,,,"Västra Götalands län"
40184,Göteborg,,,,"Västra Götalands län"
40199,Göteborg,,,,"Västra Götalands län"
40221,Göteborg,,,,"Västra Götalands län"
40222,Göteborg,,,,"Västra Götalands län"
40223,Göteborg,,,,"Västra Götalands län"
40224,Göteborg,,,,"Västra Götalands län"
40225,Göteborg,,,,"Västra Götalands län"
40226,Göteborg,,,,"Västra Götalands län"
40227,Göteborg,,,,"Västra Götalands län"
40228,Göteborg,,,,"Västra Götalands län"
40229,Göteborg,,,,"Västra Götalands län"
40230,Göteborg,,,,"Västra Götalands län"
40231,Göteborg,,,,"Västra Götalands län"
40232,Göteborg,,,,"Västra Götalands län"
40233,Göteborg,,,,"Västra Götalands län"
40234,Göteborg,,,,"Västra Götalands län"
40235,Göteborg,,,,"Västra Götalands län"
40236,Göteborg,,,,"Västra Götalands län"
40238,Göteborg,,,,"Västra Götalands län"
40241,Göteborg,,,,"Västra Götalands län"
40242,Göteborg,,,,"Västra Götalands län"
40243,Göteborg,,,,"Västra Götalands län"
40250,Göteborg,,,,"Västra Götalands län"
40251,Göteborg,,,,"Västra Götalands län"
40252,Göteborg,,,,"Västra Götalands län"
40254,Göteborg,,,,"Västra Götalands län"
40255,Göteborg,,,,"Västra Götalands län"
40257,Göteborg,,,,"Västra Götalands län"
40258,Göteborg,,,,"Västra Götalands län"
40259,Göteborg,,,,"Västra Götalands län"
40261,Göteborg,,,,"Västra Götalands län"
40264,Göteborg,,,,"Västra Götalands län"
40271,Göteborg,,,,"Västra Götalands län"
40272,Göteborg,,,,"Västra Götalands län"
40273,Göteborg,,,,"Västra Götalands län"
40274,Göteborg,,,,"Västra Götalands län"
40275,Göteborg,,,,"Västra Götalands län"
40276,Göteborg,,,,"Västra Götalands län"
40277,Göteborg,,,,"Västra Götalands län"
40278,Göteborg,,,,"Västra Götalands län"
40300,Göteborg,,,,"Västra Götalands län"
40311,Göteborg,,,,"Västra Götalands län"
40312,Göteborg,,,,"Västra Götalands län"
40313,Göteborg,,,,"Västra Götalands län"
40314,Göteborg,,,,"Västra Götalands län"
40315,Göteborg,,,,"Västra Götalands län"
40316,Göteborg,,,,"Västra Götalands län"
40317,Göteborg,,,,"Västra Götalands län"
40320,Göteborg,,,,"Västra Götalands län"
40321,Göteborg,,,,"Västra Götalands län"
40330,Göteborg,,,,"Västra Götalands län"
40331,Göteborg,,,,"Västra Götalands län"
40336,Göteborg,,,,"Västra Götalands län"
40338,Göteborg,,,,"Västra Götalands län"
40339,Göteborg,,,,"Västra Götalands län"
40340,Göteborg,,,,"Västra Götalands län"
40401,Göteborg,,,,"Västra Götalands län"
40421,Göteborg,,,,"Västra Götalands län"
40422,Göteborg,,,,"Västra Götalands län"
40423,Göteborg,,,,"Västra Götalands län"
40424,Göteborg,,,,"Västra Götalands län"
40425,Göteborg,,,,"Västra Götalands län"
40426,Göteborg,,,,"Västra Götalands län"
40427,Göteborg,,,,"Västra Götalands län"
40428,Göteborg,,,,"Västra Götalands län"
40429,Göteborg,,,,"Västra Götalands län"
40430,Göteborg,,,,"Västra Götalands län"
40431,Göteborg,,,,"Västra Götalands län"
40432,Göteborg,,,,"Västra Götalands län"
40439,Göteborg,,,,"Västra Götalands län"
40480,Göteborg,,,,"Västra Götalands län"
40482,Göteborg,,,,"Västra Götalands län"
40483,Göteborg,,,,"Västra Götalands län"
40484,Göteborg,,,,"Västra Götalands län"
40485,Göteborg,,,,"Västra Götalands län"
40500,Göteborg,,,,"Västra Götalands län"
40502,Göteborg,,,,"Västra Götalands län"
40503,Göteborg,,,,"Västra Götalands län"
40504,Göteborg,,,,"Västra Götalands län"
40505,Göteborg,,,,"Västra Götalands län"
40506,Göteborg,,,,"Västra Götalands län"
40507,Göteborg,,,,"Västra Götalands län"
40508,Göteborg,,,,"Västra Götalands län"
40509,Göteborg,,,,"Västra Götalands län"
40510,Göteborg,,,,"Västra Götalands län"
40512,Göteborg,,,,"Västra Götalands län"
40513,Göteborg,,,,"Västra Götalands län"
40514,Göteborg,,,,"Västra Götalands län"
40515,Göteborg,,,,"Västra Götalands län"
40516,Göteborg,,,,"Västra Götalands län"
40518,Göteborg,,,,"Västra Götalands län"
40519,Göteborg,,,,"Västra Götalands län"
40520,Göteborg,,,,"Västra Götalands län"
40521,Göteborg,,,,"Västra Götalands län"
40522,Göteborg,,,,"Västra Götalands län"
40523,Göteborg,,,,"Västra Götalands län"
40524,Göteborg,,,,"Västra Götalands län"
40530,Göteborg,,,,"Västra Götalands län"
40531,Göteborg,,,,"Västra Götalands län"
40532,Göteborg,,,,"Västra Götalands län"
40533,Göteborg,,,,"Västra Götalands län"
40535,Göteborg,,,,"Västra Götalands län"
40536,Göteborg,,,,"Västra Götalands län"
40540,Göteborg,,,,"Västra Götalands län"
40544,Göteborg,,,,"Västra Götalands län"
40545,Göteborg,,,,"Västra Götalands län"
40550,Göteborg,,,,"Västra Götalands län"
40570,Göteborg,,,,"Västra Götalands län"
40583,Göteborg,,,,"Västra Götalands län"
40590,Göteborg,,,,"Västra Götalands län"
41100,Göteborg,,,,"Västra Götalands län"
41101,Göteborg,,,,"Västra Götalands län"
41102,Göteborg,,,,"Västra Götalands län"
41103,Göteborg,,,,"Västra Götalands län"
41104,Göteborg,,,,"Västra Götalands län"
41105,Göteborg,,,,"Västra Götalands län"
41106,Göteborg,,,,"Västra Götalands län"
41107,Göteborg,,,,"Västra Götalands län"
41108,Göteborg,,,,"Västra Götalands län"
41109,Göteborg,,,,"Västra Götalands län"
41110,Göteborg,,,,"Västra Götalands län"
41111,Göteborg,,,,"Västra Götalands län"
41112,Göteborg,,,,"Västra Götalands län"
41113,Göteborg,,,,"Västra Götalands län"
41114,Göteborg,,,,"Västra Götalands län"
41115,Göteborg,,,,"Västra Götalands län"
41116,Göteborg,,,,"Västra Götalands län"
41117,Göteborg,,,,"Västra Götalands län"
41118,Göteborg,,,,"Västra Götalands län"
41119,Göteborg,,,,"Västra Götalands län"
41120,Göteborg,,,,"Västra Götalands län"
41121,Göteborg,,,,"Västra Götalands län"
41122,Göteborg,,,,"Västra Götalands län"
41123,Göteborg,,,,"Västra Götalands län"
41124,Göteborg,,,,"Västra Götalands län"
41125,Göteborg,,,,"Västra Götalands län"
41126,Göteborg,,,,"Västra Götalands län"
41127,Göteborg,,,,"Västra Götalands län"
41128,Göteborg,,,,"Västra Götalands län"
41129,Göteborg,,,,"Västra Götalands län"
41130,Göteborg,,,,"Västra Götalands län"
41131,Göteborg,,,,"Västra Götalands län"
41132,Göteborg,,,,"Västra Götalands län"
41133,Göteborg,,,,"Västra Götalands län"
41134,Göteborg,,,,"Västra Götalands län"
41135,Göteborg,,,,"Västra Götalands län"
41136,Göteborg,,,,"Västra Götalands län"
41137,Göteborg,,,,"Västra Götalands län"
41138,Göteborg,,,,"Västra Götalands län"
41139,Göteborg,,,,"Västra Götalands län"
41140,Göteborg,,,,"Västra Götalands län"
41141,Göteborg,,,,"Västra Götalands län"
41142,Göteborg,,,,"Västra Götalands län"
41143,Göteborg,,,,"Västra Götalands län"
41181,Göteborg,,,,"Västra Götalands län"
41185,Göteborg,,,,"Västra Götalands län"
41190,Göteborg,,,,"Västra Götalands län"
41200,Göteborg,,,,"Västra Götalands län"
41220,Göteborg,,,,"Västra Götalands län"
41221,Göteborg,,,,"Västra Götalands län"
41222,Göteborg,,,,"Västra Götalands län"
41249,Göteborg,,,,"Västra Götalands län"
41250,Göteborg,,,,"Västra Götalands län"
41251,Göteborg,,,,"Västra Götalands län"
41252,Göteborg,,,,"Västra Götalands län"
41253,Göteborg,,,,"Västra Götalands län"
41254,Göteborg,,,,"Västra Götalands län"
41255,Göteborg,,,,"Västra Götalands län"
41256,Göteborg,,,,"Västra Götalands län"
41257,Göteborg,,,,"Västra Götalands län"
41258,Göteborg,,,,"Västra Götalands län"
41259,Göteborg,,,,"Västra Götalands län"
41260,Göteborg,,,,"Västra Götalands län"
41261,Göteborg,,,,"Västra Götalands län"
41262,Göteborg,,,,"Västra Götalands län"
41263,Göteborg,,,,"Västra Götalands län"
41264,Göteborg,,,,"Västra Götalands län"
41265,Göteborg,,,,"Västra Götalands län"
41266,Göteborg,,,,"Västra Götalands län"
41267,Göteborg,,,,"Västra Götalands län"
41268,Göteborg,,,,"Västra Götalands län"
41269,Göteborg,,,,"Västra Götalands län"
41270,Göteborg,,,,"Västra Götalands län"
41271,Göteborg,,,,"Västra Götalands län"
41272,Göteborg,,,,"Västra Götalands län"
41273,Göteborg,,,,"Västra Götalands län"
41274,Göteborg,,,,"Västra Götalands län"
41275,Göteborg,,,,"Västra Götalands län"
41276,Göteborg,,,,"Västra Götalands län"
41277,Göteborg,,,,"Västra Götalands län"
41278,Göteborg,,,,"Västra Götalands län"
41279,Göteborg,,,,"Västra Götalands län"
41280,Göteborg,,,,"Västra Götalands län"
41281,Göteborg,,,,"Västra Götalands län"
41282,Göteborg,,,,"Västra Götalands län"
41285,Göteborg,,,,"Västra Götalands län"
41286,Göteborg,,,,"Västra Götalands län"
41287,Göteborg,,,,"Västra Götalands län"
41288,Göteborg,,,,"Västra Götalands län"
41290,Göteborg,,,,"Västra Götalands län"
41292,Göteborg,,,,"Västra Götalands län"
41294,Göteborg,,,,"Västra Götalands län"
41295,Göteborg,,,,"Västra Götalands län"
41296,Göteborg,,,,"Västra Götalands län"
41297,Göteborg,,,,"Västra Götalands län"
41298,Göteborg,,,,"Västra Götalands län"
41299,Göteborg,,,,"Västra Götalands län"
41300,Göteborg,,,,"Västra Götalands län"
41301,Göteborg,,,,"Västra Götalands län"
41302,Göteborg,,,,"Västra Götalands län"
41303,Göteborg,,,,"Västra Götalands län"
41304,Göteborg,,,,"Västra Götalands län"
41305,Göteborg,,,,"Västra Götalands län"
41306,Göteborg,,,,"Västra Götalands län"
41307,Göteborg,,,,"Västra Götalands län"
41308,Göteborg,,,,"Västra Götalands län"
41309,Göteborg,,,,"Västra Götalands län"
41310,Göteborg,,,,"Västra Götalands län"
41311,Göteborg,,,,"Västra Götalands län"
41312,Göteborg,,,,"Västra Götalands län"
41313,Göteborg,,,,"Västra Götalands län"
41314,Göteborg,,,,"Västra Götalands län"
41315,Göteborg,,,,"Västra Götalands län"
41316,Göteborg,,,,"Västra Götalands län"
41317,Göteborg,,,,"Västra Götalands län"
41318,Göteborg,,,,"Västra Götalands län"
41319,Göteborg,,,,"Västra Götalands län"
41320,Göteborg,,,,"Västra Götalands län"
41321,Göteborg,,,,"Västra Götalands län"
41322,Göteborg,,,,"Västra Götalands län"
41323,Göteborg,,,,"Västra Götalands län"
41324,Göteborg,,,,"Västra Götalands län"
41325,Göteborg,,,,"Västra Götalands län"
41326,Göteborg,,,,"Västra Götalands län"
41327,Göteborg,,,,"Västra Götalands län"
41328,Göteborg,,,,"Västra Götalands län"
41345,Göteborg,,,,"Västra Götalands län"
41346,Göteborg,,,,"Västra Götalands län"
41380,Göteborg,,,,"Västra Götalands län"
41385,Göteborg,,,,"Västra Götalands län"
41390,Göteborg,,,,"Västra Götalands län"
41400,Göteborg,,,,"Västra Götalands län"
41420,Göteborg,,,,"Västra Götalands län"
41450,Göteborg,,,,"Västra Götalands län"
41451,Göteborg,,,,"Västra Götalands län"
41452,Göteborg,,,,"Västra Götalands län"
41453,Göteborg,,,,"Västra Götalands län"
41454,Göteborg,,,,"Västra Götalands län"
41455,Göteborg,,,,"Västra Götalands län"
41456,Göteborg,,,,"Västra Götalands län"
41457,Göteborg,,,,"Västra Götalands län"
41458,Göteborg,,,,"Västra Götalands län"
41459,Göteborg,,,,"Västra Götalands län"
41460,Göteborg,,,,"Västra Götalands län"
41461,Göteborg,,,,"Västra Götalands län"
41462,Göteborg,,,,"Västra Götalands län"
41463,Göteborg,,,,"Västra Götalands län"
41464,Göteborg,,,,"Västra Götalands län"
41465,Göteborg,,,,"Västra Götalands län"
41466,Göteborg,,,,"Västra Götalands län"
41467,Göteborg,,,,"Västra Götalands län"
41468,Göteborg,,,,"Västra Götalands län"
41469,Göteborg,,,,"Västra Götalands län"
41470,Göteborg,,,,"Västra Götalands län"
41471,Göteborg,,,,"Västra Götalands län"
41472,Göteborg,,,,"Västra Götalands län"
41473,Göteborg,,,,"Västra Götalands län"
41474,Göteborg,,,,"Västra Götalands län"
41475,Göteborg,,,,"Västra Götalands län"
41476,Göteborg,,,,"Västra Götalands län"
41477,Göteborg,,,,"Västra Götalands län"
41478,Göteborg,,,,"Västra Götalands län"
41479,Göteborg,,,,"Västra Götalands län"
41480,Göteborg,,,,"Västra Götalands län"
41481,Göteborg,,,,"Västra Götalands län"
41482,Göteborg,,,,"Västra Götalands län"
41483,Göteborg,,,,"Västra Götalands län"
41484,Göteborg,,,,"Västra Götalands län"
41485,Göteborg,,,,"Västra Götalands län"
41500,Göteborg,,,,"Västra Götalands län"
41501,Göteborg,,,,"Västra Götalands län"
41502,Göteborg,,,,"Västra Götalands län"
41503,Göteborg,,,,"Västra Götalands län"
41504,Göteborg,,,,"Västra Götalands län"
41505,Göteborg,,,,"Västra Götalands län"
41506,Göteborg,,,,"Västra Götalands län"
41507,Göteborg,,,,"Västra Götalands län"
41508,Göteborg,,,,"Västra Götalands län"
41509,Göteborg,,,,"Västra Götalands län"
41510,Göteborg,,,,"Västra Götalands län"
41511,Göteborg,,,,"Västra Götalands län"
41512,Göteborg,,,,"Västra Götalands län"
41513,Göteborg,,,,"Västra Götalands län"
41514,Göteborg,,,,"Västra Götalands län"
41515,Göteborg,,,,"Västra Götalands län"
41516,Göteborg,,,,"Västra Götalands län"
41517,Göteborg,,,,"Västra Götalands län"
41518,Göteborg,,,,"Västra Götalands län"
41519,Göteborg,,,,"Västra Götalands län"
41520,Göteborg,,,,"Västra Götalands län"
41521,Göteborg,,,,"Västra Götalands län"
41522,Göteborg,,,,"Västra Götalands län"
41523,Göteborg,,,,"Västra Götalands län"
41525,Göteborg,,,,"Västra Götalands län"
41526,Göteborg,,,,"Västra Götalands län"
41528,Göteborg,,,,"Västra Götalands län"
41531,Göteborg,,,,"Västra Götalands län"
41532,Göteborg,,,,"Västra Götalands län"
41533,Göteborg,,,,"Västra Götalands län"
41534,Göteborg,,,,"Västra Götalands län"
41535,Göteborg,,,,"Västra Götalands län"
41536,Göteborg,,,,"Västra Götalands län"
41537,Göteborg,,,,"Västra Götalands län"
41538,Göteborg,,,,"Västra Götalands län"
41541,Göteborg,,,,"Västra Götalands län"
41542,Göteborg,,,,"Västra Götalands län"
41543,Göteborg,,,,"Västra Götalands län"
41544,Göteborg,,,,"Västra Götalands län"
41545,Göteborg,,,,"Västra Götalands län"
41546,Göteborg,,,,"Västra Götalands län"
41547,Göteborg,,,,"Västra Götalands län"
41548,Göteborg,,,,"Västra Götalands län"
41550,Göteborg,,,,"Västra Götalands län"
41551,Göteborg,,,,"Västra Götalands län"
41552,Göteborg,,,,"Västra Götalands län"
41553,Göteborg,,,,"Västra Götalands län"
41554,Göteborg,,,,"Västra Götalands län"
41555,Göteborg,,,,"Västra Götalands län"
41556,Göteborg,,,,"Västra Götalands län"
41557,Göteborg,,,,"Västra Götalands län"
41561,Göteborg,,,,"Västra Götalands län"
41562,Göteborg,,,,"Västra Götalands län"
41563,Göteborg,,,,"Västra Götalands län"
41564,Göteborg,,,,"Västra Götalands län"
41565,Göteborg,,,,"Västra Götalands län"
41566,Göteborg,,,,"Västra Götalands län"
41567,Göteborg,,,,"Västra Götalands län"
41568,Göteborg,,,,"Västra Götalands län"
41571,Göteborg,,,,"Västra Götalands län"
41572,Göteborg,,,,"Västra Götalands län"
41573,Göteborg,,,,"Västra Götalands län"
41574,Göteborg,,,,"Västra Götalands län"
41580,Göteborg,,,,"Västra Götalands län"
41581,Göteborg,,,,"Västra Götalands län"
41582,Göteborg,,,,"Västra Götalands län"
41583,Göteborg,,,,"Västra Götalands län"
41590,Göteborg,,,,"Västra Götalands län"
41599,Göteborg,,,,"Västra Götalands län"
41600,Göteborg,,,,"Västra Götalands län"
41647,Göteborg,,,,"Västra Götalands län"
41651,Göteborg,,,,"Västra Götalands län"
41652,Göteborg,,,,"Västra Götalands län"
41653,Göteborg,,,,"Västra Götalands län"
41654,Göteborg,,,,"Västra Götalands län"
41655,Göteborg,,,,"Västra Götalands län"
41656,Göteborg,,,,"Västra Götalands län"
41657,Göteborg,,,,"Västra Götalands län"
41658,Göteborg,,,,"Västra Götalands län"
41659,Göteborg,,,,"Västra Götalands län"
41660,Göteborg,,,,"Västra Götalands län"
41661,Göteborg,,,,"Västra Götalands län"
41662,Göteborg,,,,"Västra Götalands län"
41663,Göteborg,,,,"Västra Götalands län"
41664,Göteborg,,,,"Västra Götalands län"
41665,Göteborg,,,,"Västra Götalands län"
41666,Göteborg,,,,"Västra Götalands län"
41667,Göteborg,,,,"Västra Götalands län"
41668,Göteborg,,,,"Västra Götalands län"
41669,Göteborg,,,,"Västra Götalands län"
41670,Göteborg,,,,"Västra Götalands län"
41671,Göteborg,,,,"Västra Götalands län"
41672,Göteborg,,,,"Västra Götalands län"
41673,Göteborg,,,,"Västra Götalands län"
41674,Göteborg,,,,"Västra Götalands län"
41675,Göteborg,,,,"Västra Götalands län"
41676,Göteborg,,,,"Västra Götalands län"
41677,Göteborg,,,,"Västra Götalands län"
41678,Göteborg,,,,"Västra Götalands län"
41679,Göteborg,,,,"Västra Götalands län"
41680,Göteborg,,,,"Västra Götalands län"
41681,Göteborg,,,,"Västra Götalands län"
41685,Göteborg,,,,"Västra Götalands län"
41699,Göteborg,,,,"Västra Götalands län"
41700,Göteborg,,,,"Västra Götalands län"
41701,Göteborg,,,,"Västra Götalands län"
41702,Göteborg,,,,"Västra Götalands län"
41703,Göteborg,,,,"Västra Götalands län"
41704,Göteborg,,,,"Västra Götalands län"
41705,Göteborg,,,,"Västra Götalands län"
41706,Göteborg,,,,"Västra Götalands län"
41707,Göteborg,,,,"Västra Götalands län"
41708,Göteborg,,,,"Västra Götalands län"
41709,Göteborg,,,,"Västra Götalands län"
41710,Göteborg,,,,"Västra Götalands län"
41711,Göteborg,,,,"Västra Götalands län"
41712,Göteborg,,,,"Västra Götalands län"
41713,Göteborg,,,,"Västra Götalands län"
41714,Göteborg,,,,"Västra Götalands län"
41715,Göteborg,,,,"Västra Götalands län"
41716,Göteborg,,,,"Västra Götalands län"
41717,Göteborg,,,,"Västra Götalands län"
41718,Göteborg,,,,"Västra Götalands län"
41719,Göteborg,,,,"Västra Götalands län"
41720,Göteborg,,,,"Västra Götalands län"
41721,Göteborg,,,,"Västra Götalands län"
41722,Göteborg,,,,"Västra Götalands län"
41723,Göteborg,,,,"Västra Götalands län"
41724,Göteborg,,,,"Västra Götalands län"
41725,Göteborg,,,,"Västra Götalands län"
41726,Göteborg,,,,"Västra Götalands län"
41727,Göteborg,,,,"Västra Götalands län"
41728,Göteborg,,,,"Västra Götalands län"
41729,Göteborg,,,,"Västra Götalands län"
41730,Göteborg,,,,"Västra Götalands län"
41739,Göteborg,,,,"Västra Götalands län"
41740,Göteborg,,,,"Västra Götalands län"
41741,Göteborg,,,,"Västra Götalands län"
41742,Göteborg,,,,"Västra Götalands län"
41743,Göteborg,,,,"Västra Götalands län"
41744,Göteborg,,,,"Västra Götalands län"
41745,Göteborg,,,,"Västra Götalands län"
41746,Göteborg,,,,"Västra Götalands län"
41747,Göteborg,,,,"Västra Götalands län"
41748,Göteborg,,,,"Västra Götalands län"
41749,Göteborg,,,,"Västra Götalands län"
41750,Göteborg,,,,"Västra Götalands län"
41752,Göteborg,,,,"Västra Götalands län"
41753,Göteborg,,,,"Västra Götalands län"
41754,Göteborg,,,,"Västra Götalands län"
41755,Göteborg,,,,"Västra Götalands län"
41756,Göteborg,,,,"Västra Götalands län"
41757,Göteborg,,,,"Västra Götalands län"
41758,Göteborg,,,,"Västra Götalands län"
41760,Göteborg,,,,"Västra Götalands län"
41761,Göteborg,,,,"Västra Götalands län"
41762,Göteborg,,,,"Västra Götalands län"
41763,Göteborg,,,,"Västra Götalands län"
41764,Göteborg,,,,"Västra Götalands län"
41766,Göteborg,,,,"Västra Götalands län"
41767,Göteborg,,,,"Västra Götalands län"
41768,Göteborg,,,,"Västra Götalands län"
41769,Göteborg,,,,"Västra Götalands län"
41770,Göteborg,,,,"Västra Götalands län"
41779,Göteborg,,,,"Västra Götalands län"
41780,Göteborg,,,,"Västra Götalands län"
41781,Göteborg,,,,"Västra Götalands län"
41785,Göteborg,,,,"Västra Götalands län"
41803,Göteborg,,,,"Västra Götalands län"
41804,Göteborg,,,,"Västra Götalands län"
41805,Göteborg,,,,"Västra Götalands län"
41811,Göteborg,,,,"Västra Götalands län"
41812,Göteborg,,,,"Västra Götalands län"
41821,Göteborg,,,,"Västra Götalands län"
41822,Göteborg,,,,"Västra Götalands län"
41823,Göteborg,,,,"Västra Götalands län"
41824,Göteborg,,,,"Västra Götalands län"
41830,Göteborg,,,,"Västra Götalands län"
41831,Göteborg,,,,"Västra Götalands län"
41832,Göteborg,,,,"Västra Götalands län"
41833,Göteborg,,,,"Västra Götalands län"
41834,Göteborg,,,,"Västra Götalands län"
41835,Göteborg,,,,"Västra Götalands län"
41836,Göteborg,,,,"Västra Götalands län"
41837,Göteborg,,,,"Västra Götalands län"
41838,Göteborg,,,,"Västra Götalands län"
41839,Göteborg,,,,"Västra Götalands län"
41840,Göteborg,,,,"Västra Götalands län"
41841,Göteborg,,,,"Västra Götalands län"
41842,Göteborg,,,,"Västra Götalands län"
41843,Göteborg,,,,"Västra Götalands län"
41870,Göteborg,,,,"Västra Götalands län"
41871,Göteborg,,,,"Västra Götalands län"
41872,Göteborg,,,,"Västra Götalands län"
41873,Göteborg,,,,"Västra Götalands län"
41874,Göteborg,,,,"Västra Götalands län"
41875,Göteborg,,,,"Västra Götalands län"
41876,Göteborg,,,,"Västra Götalands län"
41877,Göteborg,,,,"Västra Götalands län"
41878,Göteborg,,,,"Västra Götalands län"
41879,Göteborg,,,,"Västra Götalands län"
42100,"Västra Frölunda",,,,"Västra Götalands län"
42101,"Västra Frölunda",,,,"Västra Götalands län"
42102,"Västra Frölunda",,,,"Västra Götalands län"
42108,"Västra Frölunda",,,,"Västra Götalands län"
42110,"Västra Frölunda",,,,"Västra Götalands län"
42121,"Västra Frölunda",,,,"Västra Götalands län"
42122,"Västra Frölunda",,,,"Västra Götalands län"
42123,"Västra Frölunda",,,,"Västra Götalands län"
42126,"Västra Frölunda",,,,"Västra Götalands län"
42130,"Västra Frölunda",,,,"Västra Götalands län"
42131,"Västra Frölunda",,,,"Västra Götalands län"
42132,"Västra Frölunda",,,,"Västra Götalands län"
42133,"Västra Frölunda",,,,"Västra Götalands län"
42134,"Västra Frölunda",,,,"Västra Götalands län"
42135,"Västra Frölunda",,,,"Västra Götalands län"
42136,"Västra Frölunda",,,,"Västra Götalands län"
42137,"Västra Frölunda",,,,"Västra Götalands län"
42138,"Västra Frölunda",,,,"Västra Götalands län"
42139,"Västra Frölunda",,,,"Västra Götalands län"
42140,"Västra Frölunda",,,,"Västra Götalands län"
42141,"Västra Frölunda",,,,"Västra Götalands län"
42142,"Västra Frölunda",,,,"Västra Götalands län"
42143,"Västra Frölunda",,,,"Västra Götalands län"
42144,"Västra Frölunda",,,,"Västra Götalands län"
42145,"Västra Frölunda",,,,"Västra Götalands län"
42146,"Västra Frölunda",,,,"Västra Götalands län"
42147,"Västra Frölunda",,,,"Västra Götalands län"
42148,"Västra Frölunda",,,,"Västra Götalands län"
42149,"Västra Frölunda",,,,"Västra Götalands län"
42150,"Västra Frölunda",,,,"Västra Götalands län"
42151,"Västra Frölunda",,,,"Västra Götalands län"
42152,"Västra Frölunda",,,,"Västra Götalands län"
42153,"Västra Frölunda",,,,"Västra Götalands län"
42154,"Västra Frölunda",,,,"Västra Götalands län"
42157,"Västra Frölunda",,,,"Västra Götalands län"
42158,"Västra Frölunda",,,,"Västra Götalands län"
42159,"Västra Frölunda",,,,"Västra Götalands län"
42160,"Västra Frölunda",,,,"Västra Götalands län"
42161,"Västra Frölunda",,,,"Västra Götalands län"
42162,"Västra Frölunda",,,,"Västra Götalands län"
42163,"Västra Frölunda",,,,"Västra Götalands län"
42164,"Västra Frölunda",,,,"Västra Götalands län"
42165,"Västra Frölunda",,,,"Västra Götalands län"
42166,"Västra Frölunda",,,,"Västra Götalands län"
42167,"Västra Frölunda",,,,"Västra Götalands län"
42170,"Västra Frölunda",,,,"Västra Götalands län"
42171,"Västra Frölunda",,,,"Västra Götalands län"
42172,"Västra Frölunda",,,,"Västra Götalands län"
42173,"Västra Frölunda",,,,"Västra Götalands län"
42174,"Västra Frölunda",,,,"Västra Götalands län"
42200,"Hisings Backa",,,,"Västra Götalands län"
42202,"Hisings Backa",,,,"Västra Götalands län"
42203,"Hisings Backa",,,,"Västra Götalands län"
42204,"Hisings Backa",,,,"Västra Götalands län"
42210,"Hisings Backa",,,,"Västra Götalands län"
42241,"Hisings Backa",,,,"Västra Götalands län"
42242,"Hisings Backa",,,,"Västra Götalands län"
42243,"Hisings Backa",,,,"Västra Götalands län"
42244,"Hisings Backa",,,,"Västra Götalands län"
42245,"Hisings Backa",,,,"Västra Götalands län"
42246,"Hisings Backa",,,,"Västra Götalands län"
42247,"Hisings Backa",,,,"Västra Götalands län"
42248,"Hisings Backa",,,,"Västra Götalands län"
42249,"Hisings Backa",,,,"Västra Götalands län"
42250,"Hisings Backa",,,,"Västra Götalands län"
42251,"Hisings Backa",,,,"Västra Götalands län"
42252,"Hisings Backa",,,,"Västra Götalands län"
42253,"Hisings Backa",,,,"Västra Götalands län"
42254,"Hisings Backa",,,,"Västra Götalands län"
42255,"Hisings Backa",,,,"Västra Götalands län"
42256,"Hisings Backa",,,,"Västra Götalands län"
42257,"Hisings Backa",,,,"Västra Götalands län"
42258,"Hisings Backa",,,,"Västra Götalands län"
42259,"Hisings Backa",,,,"Västra Götalands län"
42280,"Hisings Backa",,,,"Västra Götalands län"
42300,Torslanda,,,,"Västra Götalands län"
42321,Torslanda,,,,"Västra Götalands län"
42322,Torslanda,,,,"Västra Götalands län"
42323,Torslanda,,,,"Västra Götalands län"
42332,Torslanda,,,,"Västra Götalands län"
42333,Torslanda,,,,"Västra Götalands län"
42334,Torslanda,,,,"Västra Götalands län"
42335,Torslanda,,,,"Västra Götalands län"
42336,Torslanda,,,,"Västra Götalands län"
42337,Torslanda,,,,"Västra Götalands län"
42338,Torslanda,,,,"Västra Götalands län"
42339,Torslanda,,,,"Västra Götalands län"
42340,Torslanda,,,,"Västra Götalands län"
42341,Torslanda,,,,"Västra Götalands län"
42342,Torslanda,,,,"Västra Götalands län"
42343,Torslanda,,,,"Västra Götalands län"
42344,Torslanda,,,,"Västra Götalands län"
42346,Torslanda,,,,"Västra Götalands län"
42347,Torslanda,,,,"Västra Götalands län"
42348,Torslanda,,,,"Västra Götalands län"
42349,Torslanda,,,,"Västra Götalands län"
42350,Torslanda,,,,"Västra Götalands län"
42351,Torslanda,,,,"Västra Götalands län"
42352,Torslanda,,,,"Västra Götalands län"
42353,Torslanda,,,,"Västra Götalands län"
42354,Torslanda,,,,"Västra Götalands län"
42355,Torslanda,,,,"Västra Götalands län"
42356,Torslanda,,,,"Västra Götalands län"
42359,Torslanda,,,,"Västra Götalands län"
42361,Torslanda,,,,"Västra Götalands län"
42363,Torslanda,,,,"Västra Götalands län"
42370,Säve,,,,"Västra Götalands län"
42371,Säve,,,,"Västra Götalands län"
42372,Säve,,,,"Västra Götalands län"
42373,Säve,,,,"Västra Götalands län"
42400,Angered,,,,"Västra Götalands län"
42401,Angered,,,,"Västra Götalands län"
42402,Angered,,,,"Västra Götalands län"
42406,Angered,,,,"Västra Götalands län"
42410,Angered,,,,"Västra Götalands län"
42421,Angered,,,,"Västra Götalands län"
42422,Angered,,,,"Västra Götalands län"
42423,Angered,,,,"Västra Götalands län"
42424,Angered,,,,"Västra Götalands län"
42431,Angered,,,,"Västra Götalands län"
42432,Angered,,,,"Västra Götalands län"
42433,Angered,,,,"Västra Götalands län"
42434,Angered,,,,"Västra Götalands län"
42435,Angered,,,,"Västra Götalands län"
42436,Angered,,,,"Västra Götalands län"
42437,Angered,,,,"Västra Götalands län"
42438,Agnesberg,,,,"Västra Götalands län"
42439,Angered,,,,"Västra Götalands län"
42440,Angered,,,,"Västra Götalands län"
42441,Angered,,,,"Västra Götalands län"
42442,Angered,,,,"Västra Götalands län"
42443,Angered,,,,"Västra Götalands län"
42444,Angered,,,,"Västra Götalands län"
42445,Angered,,,,"Västra Götalands län"
42446,Angered,,,,"Västra Götalands län"
42447,Angered,,,,"Västra Götalands län"
42448,Angered,,,,"Västra Götalands län"
42449,Angered,,,,"Västra Götalands län"
42450,Angered,,,,"Västra Götalands län"
42453,Angered,,,,"Västra Götalands län"
42455,Angered,,,,"Västra Götalands län"
42456,Gunnilse,,,,"Västra Götalands län"
42457,Gunnilse,,,,"Västra Götalands län"
42461,Angered,,,,"Västra Götalands län"
42465,Angered,,,,"Västra Götalands län"
42466,Angered,,,,"Västra Götalands län"
42467,Angered,,,,"Västra Götalands län"
42468,Angered,,,,"Västra Götalands län"
42469,Angered,,,,"Västra Götalands län"
42470,Olofstorp,,,,"Västra Götalands län"
42471,Olofstorp,,,,"Västra Götalands län"
42472,Olofstorp,,,,"Västra Götalands län"
42480,Angered,,,,"Västra Götalands län"
42490,Olofstorp,,,,"Västra Götalands län"
42491,Olofstorp,,,,"Västra Götalands län"
42500,"Hisings Kärra",,,,"Västra Götalands län"
42502,"Hisings Kärra",,,,"Västra Götalands län"
42508,"Hisings Kärra",,,,"Västra Götalands län"
42530,"Hisings Kärra",,,,"Västra Götalands län"
42531,"Hisings Kärra",,,,"Västra Götalands län"
42532,"Hisings Kärra",,,,"Västra Götalands län"
42533,"Hisings Kärra",,,,"Västra Götalands län"
42534,"Hisings Kärra",,,,"Västra Götalands län"
42535,"Hisings Kärra",,,,"Västra Götalands län"
42536,"Hisings Kärra",,,,"Västra Götalands län"
42537,"Hisings Kärra",,,,"Västra Götalands län"
42538,"Hisings Kärra",,,,"Västra Götalands län"
42539,"Hisings Kärra",,,,"Västra Götalands län"
42541,"Hisings Kärra",,,,"Västra Götalands län"
42542,"Hisings Kärra",,,,"Västra Götalands län"
42543,"Hisings Kärra",,,,"Västra Götalands län"
42565,"Hisings Kärra",,,,"Västra Götalands län"
42600,"Västra Frölunda",,,,"Västra Götalands län"
42604,"Västra Frölunda",,,,"Västra Götalands län"
42605,"Västra Frölunda",,,,"Västra Götalands län"
42650,"Västra Frölunda",,,,"Västra Götalands län"
42651,"Västra Frölunda",,,,"Västra Götalands län"
42652,"Västra Frölunda",,,,"Västra Götalands län"
42653,"Västra Frölunda",,,,"Västra Götalands län"
42654,"Västra Frölunda",,,,"Västra Götalands län"
42655,"Västra Frölunda",,,,"Västra Götalands län"
42656,"Västra Frölunda",,,,"Västra Götalands län"
42657,"Västra Frölunda",,,,"Västra Götalands län"
42658,"Västra Frölunda",,,,"Västra Götalands län"
42659,"Västra Frölunda",,,,"Västra Götalands län"
42668,"Västra Frölunda",,,,"Västra Götalands län"
42669,"Västra Frölunda",,,,"Västra Götalands län"
42670,"Västra Frölunda",,,,"Västra Götalands län"
42671,"Västra Frölunda",,,,"Västra Götalands län"
42672,"Västra Frölunda",,,,"Västra Götalands län"
42673,"Västra Frölunda",,,,"Västra Götalands län"
42674,"Västra Frölunda",,,,"Västra Götalands län"
42676,"Västra Frölunda",,,,"Västra Götalands län"
42677,"Västra Frölunda",,,,"Västra Götalands län"
42679,"Västra Frölunda",,,,"Västra Götalands län"
42680,"Västra Frölunda",,,,"Västra Götalands län"
42721,Billdal,,,,"Västra Götalands län"
42722,Billdal,,,,"Västra Götalands län"
42723,Billdal,,,,"Västra Götalands län"
42734,Billdal,,,,"Västra Götalands län"
42735,Billdal,,,,"Västra Götalands län"
42736,Billdal,,,,"Västra Götalands län"
42737,Billdal,,,,"Västra Götalands län"
42738,Billdal,,,,"Västra Götalands län"
42739,Billdal,,,,"Västra Götalands län"
42740,Billdal,,,,"Västra Götalands län"
42741,Billdal,,,,"Västra Götalands län"
42742,Billdal,,,,"Västra Götalands län"
43080,Asperö,,,,"Västra Götalands län"
43081,Köpstadsö,,,,"Västra Götalands län"
43082,Donsö,,,,"Västra Götalands län"
43083,Vrångö,,,,"Västra Götalands län"
43084,Styrsö,,,,"Västra Götalands län"
43085,Brännö,,,,"Västra Götalands län"
43600,Askim,,,,"Västra Götalands län"
43601,Askim,,,,"Västra Götalands län"
43602,Hovås,,,,"Västra Götalands län"
43621,Askim,,,,"Västra Götalands län"
43622,Askim,,,,"Västra Götalands län"
43623,Askim,,,,"Västra Götalands län"
43626,Askim,,,,"Västra Götalands län"
43632,Askim,,,,"Västra Götalands län"
43633,Askim,,,,"Västra Götalands län"
43634,Askim,,,,"Västra Götalands län"
43635,Askim,,,,"Västra Götalands län"
43636,Askim,,,,"Västra Götalands län"
43637,Askim,,,,"Västra Götalands län"
43638,Askim,,,,"Västra Götalands län"
43639,Askim,,,,"Västra Götalands län"
43640,Askim,,,,"Västra Götalands län"
43642,Askim,,,,"Västra Götalands län"
43643,Askim,,,,"Västra Götalands län"
43644,Askim,,,,"Västra Götalands län"
43645,Askim,,,,"Västra Götalands län"
43650,Hovås,,,,"Västra Götalands län"
43651,Hovås,,,,"Västra Götalands län"
43652,Hovås,,,,"Västra Götalands län"
43653,Hovås,,,,"Västra Götalands län"
43654,Hovås,,,,"Västra Götalands län"
43655,Hovås,,,,"Västra Götalands län"
43656,Hovås,,,,"Västra Götalands län"
43657,Hovås,,,,"Västra Götalands län"
43658,Hovås,,,,"Västra Götalands län"
43682,Askim,,,,"Västra Götalands län"
43683,Askim,,,,"Västra Götalands län"
43684,Askim,,,,"Västra Götalands län"
44534,Bohus,,,,"Västra Götalands län"
44970,Nödinge,,,,"Västra Götalands län"
42751,Billdal,,,,"Västra Götalands län"
42821,Kållered,,,,"Västra Götalands län"
42822,Kållered,,,,"Västra Götalands län"
42830,Kållered,,,,"Västra Götalands län"
42831,Kållered,,,,"Västra Götalands län"
42832,Kållered,,,,"Västra Götalands län"
42833,Kållered,,,,"Västra Götalands län"
42834,Kållered,,,,"Västra Götalands län"
42835,Kållered,,,,"Västra Götalands län"
42836,Kållered,,,,"Västra Götalands län"
42837,Kållered,,,,"Västra Götalands län"
42881,Kållered,,,,"Västra Götalands län"
43100,Mölndal,,,,"Västra Götalands län"
43101,Mölndal,,,,"Västra Götalands län"
43102,Mölndal,,,,"Västra Götalands län"
43104,Mölndal,,,,"Västra Götalands län"
43110,Mölndal,,,,"Västra Götalands län"
43119,Mölndal,,,,"Västra Götalands län"
43121,Mölndal,,,,"Västra Götalands län"
43122,Mölndal,,,,"Västra Götalands län"
43123,Mölndal,,,,"Västra Götalands län"
43124,Mölndal,,,,"Västra Götalands län"
43125,Mölndal,,,,"Västra Götalands län"
43126,Mölndal,,,,"Västra Götalands län"
43130,Mölndal,,,,"Västra Götalands län"
43131,Mölndal,,,,"Västra Götalands län"
43132,Mölndal,,,,"Västra Götalands län"
43133,Mölndal,,,,"Västra Götalands län"
43134,Mölndal,,,,"Västra Götalands län"
43135,Mölndal,,,,"Västra Götalands län"
43136,Mölndal,,,,"Västra Götalands län"
43137,Mölndal,,,,"Västra Götalands län"
43138,Mölndal,,,,"Västra Götalands län"
43139,Mölndal,,,,"Västra Götalands län"
43140,Mölndal,,,,"Västra Götalands län"
43141,Mölndal,,,,"Västra Götalands län"
43142,Mölndal,,,,"Västra Götalands län"
43143,Mölndal,,,,"Västra Götalands län"
43144,Mölndal,,,,"Västra Götalands län"
43145,Mölndal,,,,"Västra Götalands län"
43146,Mölndal,,,,"Västra Götalands län"
43147,Mölndal,,,,"Västra Götalands län"
43148,Mölndal,,,,"Västra Götalands län"
43149,Mölndal,,,,"Västra Götalands län"
43150,Mölndal,,,,"Västra Götalands län"
43151,Mölndal,,,,"Västra Götalands län"
43153,Mölndal,,,,"Västra Götalands län"
43159,Mölndal,,,,"Västra Götalands län"
43160,Mölndal,,,,"Västra Götalands län"
43161,Mölndal,,,,"Västra Götalands län"
43162,Mölndal,,,,"Västra Götalands län"
43163,Mölndal,,,,"Västra Götalands län"
43164,Mölndal,,,,"Västra Götalands län"
43166,Mölndal,,,,"Västra Götalands län"
43167,Mölndal,,,,"Västra Götalands län"
43168,Mölndal,,,,"Västra Götalands län"
43169,Mölndal,,,,"Västra Götalands län"
43180,Mölndal,,,,"Västra Götalands län"
43181,Mölndal,,,,"Västra Götalands län"
43182,Mölndal,,,,"Västra Götalands län"
43183,Mölndal,,,,"Västra Götalands län"
43184,Mölndal,,,,"Västra Götalands län"
43186,Mölndal,,,,"Västra Götalands län"
43187,Mölndal,,,,"Västra Götalands län"
43190,Mölndal,,,,"Västra Götalands län"
43539,Mölnlycke,,,,"Västra Götalands län"
43542,Mölnlycke,,,,"Västra Götalands län"
43543,Pixbo,,,,"Västra Götalands län"
43700,Lindome,,,,"Västra Götalands län"
43721,Lindome,,,,"Västra Götalands län"
43722,Lindome,,,,"Västra Götalands län"
43730,Lindome,,,,"Västra Götalands län"
43731,Lindome,,,,"Västra Götalands län"
43732,Lindome,,,,"Västra Götalands län"
43733,Lindome,,,,"Västra Götalands län"
43734,Lindome,,,,"Västra Götalands län"
43735,Lindome,,,,"Västra Götalands län"
43736,Lindome,,,,"Västra Götalands län"
43738,Lindome,,,,"Västra Götalands län"
43740,Lindome,,,,"Västra Götalands län"
43741,Lindome,,,,"Västra Götalands län"
43742,Lindome,,,,"Västra Götalands län"
43791,Lindome,,,,"Västra Götalands län"
43792,Lindome,,,,"Västra Götalands län"
43793,Lindome,,,,"Västra Götalands län"
43893,Landvetter,,,,"Västra Götalands län"
44030,Marstrand,,,,"Västra Götalands län"
44200,Kungälv,,,,"Västra Götalands län"
44202,Ytterby,,,,"Västra Götalands län"
44206,Kungälv,,,,"Västra Götalands län"
44210,Kungälv,,,,"Västra Götalands län"
44211,Kungälv,,,,"Västra Götalands län"
44212,Kungälv,,,,"Västra Götalands län"
44215,Kungälv,,,,"Västra Götalands län"
44216,Kungälv,,,,"Västra Götalands län"
44217,Kungälv,,,,"Västra Götalands län"
44218,Kungälv,,,,"Västra Götalands län"
44219,Marstrand,,,,"Västra Götalands län"
44230,Kungälv,,,,"Västra Götalands län"
44231,Kungälv,,,,"Västra Götalands län"
44232,Kungälv,,,,"Västra Götalands län"
44233,Kungälv,,,,"Västra Götalands län"
44234,Kungälv,,,,"Västra Götalands län"
44235,Kungälv,,,,"Västra Götalands län"
44236,Kungälv,,,,"Västra Götalands län"
44237,Kungälv,,,,"Västra Götalands län"
44238,Kungälv,,,,"Västra Götalands län"
44239,Kungälv,,,,"Västra Götalands län"
44240,Kungälv,,,,"Västra Götalands län"
44241,Kungälv,,,,"Västra Götalands län"
44242,Kungälv,,,,"Västra Götalands län"
44243,Kungälv,,,,"Västra Götalands län"
44246,Kareby,,,,"Västra Götalands län"
44247,Kungälv,,,,"Västra Götalands län"
44248,Kungälv,,,,"Västra Götalands län"
44249,Kungälv,,,,"Västra Götalands län"
44250,Ytterby,,,,"Västra Götalands län"
44251,Ytterby,,,,"Västra Götalands län"
44252,Ytterby,,,,"Västra Götalands län"
44253,Ytterby,,,,"Västra Götalands län"
44254,Ytterby,,,,"Västra Götalands län"
44255,Ytterby,,,,"Västra Götalands län"
44260,Kode,,,,"Västra Götalands län"
44265,Marstrand,,,,"Västra Götalands län"
44266,Marstrand,,,,"Västra Götalands län"
44267,Marstrand,,,,"Västra Götalands län"
44270,Kärna,,,,"Västra Götalands län"
44271,Kärna,,,,"Västra Götalands län"
44272,Kärna,,,,"Västra Götalands län"
44273,Kärna,,,,"Västra Götalands län"
44274,Harestad,,,,"Västra Götalands län"
44275,Lycke,,,,"Västra Götalands län"
44277,Romelanda,,,,"Västra Götalands län"
44280,Kungälv,,,,"Västra Götalands län"
44281,Kungälv,,,,"Västra Götalands län"
44282,Kungälv,,,,"Västra Götalands län"
44283,Kungälv,,,,"Västra Götalands län"
44284,Kungälv,,,,"Västra Götalands län"
44290,Kungälv,,,,"Västra Götalands län"
44291,Romelanda,,,,"Västra Götalands län"
44292,Romelanda,,,,"Västra Götalands län"
44293,Kareby,,,,"Västra Götalands län"
44294,Ytterby,,,,"Västra Götalands län"
44295,Hålta,,,,"Västra Götalands län"
44296,Kode,,,,"Västra Götalands län"
44297,Kode,,,,"Västra Götalands län"
44298,Kode,,,,"Västra Götalands län"
45033,Grundsund,,,,"Västra Götalands län"
45034,Fiskebäckskil,,,,"Västra Götalands län"
45052,Dingle,,,,"Västra Götalands län"
45178,Fiskebäckskil,,,,"Västra Götalands län"
45179,Grundsund,,,,"Västra Götalands län"
45300,Lysekil,,,,"Västra Götalands län"
45301,Lysekil,,,,"Västra Götalands län"
45318,Lysekil,,,,"Västra Götalands län"
45321,Lysekil,,,,"Västra Götalands län"
45322,Lysekil,,,,"Västra Götalands län"
45323,Lysekil,,,,"Västra Götalands län"
45324,Lysekil,,,,"Västra Götalands län"
45325,Lysekil,,,,"Västra Götalands län"
45329,Lysekil,,,,"Västra Götalands län"
45330,Lysekil,,,,"Västra Götalands län"
45331,Lysekil,,,,"Västra Götalands län"
45332,Lysekil,,,,"Västra Götalands län"
45333,Lysekil,,,,"Västra Götalands län"
45334,Lysekil,,,,"Västra Götalands län"
45335,Lysekil,,,,"Västra Götalands län"
45336,Lysekil,,,,"Västra Götalands län"
45337,Lysekil,,,,"Västra Götalands län"
45338,Lysekil,,,,"Västra Götalands län"
45340,Lysekil,,,,"Västra Götalands län"
45341,Lysekil,,,,"Västra Götalands län"
45350,Lysekil,,,,"Västra Götalands län"
45380,Lysekil,,,,"Västra Götalands län"
45381,Lysekil,,,,"Västra Götalands län"
45391,Lysekil,,,,"Västra Götalands län"
45392,Lysekil,,,,"Västra Götalands län"
45393,Lysekil,,,,"Västra Götalands län"
45421,Brastad,,,,"Västra Götalands län"
45430,Brastad,,,,"Västra Götalands län"
45431,Brastad,,,,"Västra Götalands län"
45432,Brastad,,,,"Västra Götalands län"
45480,Brastad,,,,"Västra Götalands län"
45491,Brastad,,,,"Västra Götalands län"
45492,Brastad,,,,"Västra Götalands län"
45493,Brastad,,,,"Västra Götalands län"
45494,Brastad,,,,"Västra Götalands län"
45495,Brastad,,,,"Västra Götalands län"
45561,Dingle,,,,"Västra Götalands län"
45583,Dingle,,,,"Västra Götalands län"
45597,Dingle,,,,"Västra Götalands län"
45598,Dingle,,,,"Västra Götalands län"
47491,Ellös,,,,"Västra Götalands län"
44497,Svenshögen,,,,"Västra Götalands län"
45101,Uddevalla,,,,"Västra Götalands län"
45103,Uddevalla,,,,"Västra Götalands län"
45105,Uddevalla,,,,"Västra Götalands län"
45107,Uddevalla,,,,"Västra Götalands län"
45110,Uddevalla,,,,"Västra Götalands län"
45115,Uddevalla,,,,"Västra Götalands län"
45116,Uddevalla,,,,"Västra Götalands län"
45117,Uddevalla,,,,"Västra Götalands län"
45118,Uddevalla,,,,"Västra Götalands län"
45119,Uddevalla,,,,"Västra Götalands län"
45121,Uddevalla,,,,"Västra Götalands län"
45122,Uddevalla,,,,"Västra Götalands län"
45123,Uddevalla,,,,"Västra Götalands län"
45124,Uddevalla,,,,"Västra Götalands län"
45125,Uddevalla,,,,"Västra Götalands län"
45126,Uddevalla,,,,"Västra Götalands län"
45127,Uddevalla,,,,"Västra Götalands län"
45130,Uddevalla,,,,"Västra Götalands län"
45131,Uddevalla,,,,"Västra Götalands län"
45132,Uddevalla,,,,"Västra Götalands län"
45133,Uddevalla,,,,"Västra Götalands län"
45134,Uddevalla,,,,"Västra Götalands län"
45140,Uddevalla,,,,"Västra Götalands län"
45141,Uddevalla,,,,"Västra Götalands län"
45142,Uddevalla,,,,"Västra Götalands län"
45143,Uddevalla,,,,"Västra Götalands län"
45144,Uddevalla,,,,"Västra Götalands län"
45145,Uddevalla,,,,"Västra Götalands län"
45150,Uddevalla,,,,"Västra Götalands län"
45151,Uddevalla,,,,"Västra Götalands län"
45152,Uddevalla,,,,"Västra Götalands län"
45153,Uddevalla,,,,"Västra Götalands län"
45154,Uddevalla,,,,"Västra Götalands län"
45155,Uddevalla,,,,"Västra Götalands län"
45160,Uddevalla,,,,"Västra Götalands län"
45161,Uddevalla,,,,"Västra Götalands län"
45162,Uddevalla,,,,"Västra Götalands län"
45163,Uddevalla,,,,"Västra Götalands län"
45170,Uddevalla,,,,"Västra Götalands län"
45171,Uddevalla,,,,"Västra Götalands län"
45172,Uddevalla,,,,"Västra Götalands län"
45173,Uddevalla,,,,"Västra Götalands län"
45175,Uddevalla,,,,"Västra Götalands län"
45176,Uddevalla,,,,"Västra Götalands län"
45177,Uddevalla,,,,"Västra Götalands län"
45180,Uddevalla,,,,"Västra Götalands län"
45181,Uddevalla,,,,"Västra Götalands län"
45182,Uddevalla,,,,"Västra Götalands län"
45183,Uddevalla,,,,"Västra Götalands län"
45184,Uddevalla,,,,"Västra Götalands län"
45185,Uddevalla,,,,"Västra Götalands län"
45190,Uddevalla,,,,"Västra Götalands län"
45191,Uddevalla,,,,"Västra Götalands län"
45192,Uddevalla,,,,"Västra Götalands län"
45193,Uddevalla,,,,"Västra Götalands län"
45194,Uddevalla,,,,"Västra Götalands län"
45195,Uddevalla,,,,"Västra Götalands län"
45196,Uddevalla,,,,"Västra Götalands län"
45197,Uddevalla,,,,"Västra Götalands län"
45901,Ljungskile,,,,"Västra Götalands län"
45921,Ljungskile,,,,"Västra Götalands län"
45922,Ljungskile,,,,"Västra Götalands län"
45923,Ljungskile,,,,"Västra Götalands län"
45930,Ljungskile,,,,"Västra Götalands län"
45931,Ljungskile,,,,"Västra Götalands län"
45932,Ljungskile,,,,"Västra Götalands län"
45933,Ljungskile,,,,"Västra Götalands län"
45980,Ljungskile,,,,"Västra Götalands län"
45991,Ljungskile,,,,"Västra Götalands län"
45993,Ljungskile,,,,"Västra Götalands län"
45994,Ljungskile,,,,"Västra Götalands län"
47392,Henån,,,,"Västra Götalands län"
45201,Strömstad,,,,"Västra Götalands län"
45204,Nordkoster,,,,"Västra Götalands län"
45205,Sydkoster,,,,"Västra Götalands län"
45221,Strömstad,,,,"Västra Götalands län"
45222,Strömstad,,,,"Västra Götalands län"
45223,Strömstad,,,,"Västra Götalands län"
45224,Strömstad,,,,"Västra Götalands län"
45230,Strömstad,,,,"Västra Götalands län"
45231,Strömstad,,,,"Västra Götalands län"
45232,Strömstad,,,,"Västra Götalands län"
45233,Strömstad,,,,"Västra Götalands län"
45234,Strömstad,,,,"Västra Götalands län"
45235,Strömstad,,,,"Västra Götalands län"
45236,Strömstad,,,,"Västra Götalands län"
45237,Strömstad,,,,"Västra Götalands län"
45238,Strömstad,,,,"Västra Götalands län"
45240,Strömstad,,,,"Västra Götalands län"
45250,Strömstad,,,,"Västra Götalands län"
45251,Strömstad,,,,"Västra Götalands län"
45252,Strömstad,,,,"Västra Götalands län"
45260,Skee,,,,"Västra Götalands län"
45270,Strömstad,,,,"Västra Götalands län"
45271,Strömstad,,,,"Västra Götalands län"
45280,Strömstad,,,,"Västra Götalands län"
45283,Strömstad,,,,"Västra Götalands län"
45285,Strömstad,,,,"Västra Götalands län"
45290,Strömstad,,,,"Västra Götalands län"
45291,Strömstad,,,,"Västra Götalands län"
45292,Strömstad,,,,"Västra Götalands län"
45293,Strömstad,,,,"Västra Götalands län"
45294,Strömstad,,,,"Västra Götalands län"
45295,Strömstad,,,,"Västra Götalands län"
45296,Strömstad,,,,"Västra Götalands län"
45297,Strömstad,,,,"Västra Götalands län"
45796,Lur,,,,"Västra Götalands län"
46064,Frändefors,,,,"Västra Götalands län"
46065,Brålanda,,,,"Västra Götalands län"
46193,"Västra Tunhem",,,,"Västra Götalands län"
46200,Vänersborg,,,,"Västra Götalands län"
46201,Vänersborg,,,,"Västra Götalands län"
46202,Vänersborg,,,,"Västra Götalands län"
46221,Vänersborg,,,,"Västra Götalands län"
46222,Vänersborg,,,,"Västra Götalands län"
46223,Vänersborg,,,,"Västra Götalands län"
46224,Vänersborg,,,,"Västra Götalands län"
46228,Vänersborg,,,,"Västra Götalands län"
46230,Vänersborg,,,,"Västra Götalands län"
46231,Vänersborg,,,,"Västra Götalands län"
46232,Vänersborg,,,,"Västra Götalands län"
46233,Vänersborg,,,,"Västra Götalands län"
46234,Vänersborg,,,,"Västra Götalands län"
46235,Vänersborg,,,,"Västra Götalands län"
46236,Vänersborg,,,,"Västra Götalands län"
46237,Vänersborg,,,,"Västra Götalands län"
46238,Vänersborg,,,,"Västra Götalands län"
46240,Vänersborg,,,,"Västra Götalands län"
46241,Vänersborg,,,,"Västra Götalands län"
46242,Vänersborg,,,,"Västra Götalands län"
46250,Vänersborg,,,,"Västra Götalands län"
46251,Vänersborg,,,,"Västra Götalands län"
46252,Vänersborg,,,,"Västra Götalands län"
46253,Vänersborg,,,,"Västra Götalands län"
46254,Vänersborg,,,,"Västra Götalands län"
46255,Vänersborg,,,,"Västra Götalands län"
46256,Vänersborg,,,,"Västra Götalands län"
46260,Vänersborg,,,,"Västra Götalands län"
46261,Vänersborg,,,,"Västra Götalands län"
46269,Frändefors,,,,"Västra Götalands län"
46273,Vänersborg,,,,"Västra Götalands län"
46280,Vänersborg,,,,"Västra Götalands län"
46281,Vänersborg,,,,"Västra Götalands län"
46282,Vänersborg,,,,"Västra Götalands län"
46285,Vänersborg,,,,"Västra Götalands län"
46287,Vänersborg,,,,"Västra Götalands län"
46291,Vänersborg,,,,"Västra Götalands län"
46293,Vänersborg,,,,"Västra Götalands län"
46294,Frändefors,,,,"Västra Götalands län"
46295,Frändefors,,,,"Västra Götalands län"
46296,Frändefors,,,,"Västra Götalands län"
46297,Frändefors,,,,"Västra Götalands län"
46406,Brålanda,,,,"Västra Götalands län"
46461,Brålanda,,,,"Västra Götalands län"
46462,Brålanda,,,,"Västra Götalands län"
46463,Brålanda,,,,"Västra Götalands län"
46464,Brålanda,,,,"Västra Götalands län"
46465,Brålanda,,,,"Västra Götalands län"
46821,Vargön,,,,"Västra Götalands län"
46822,Vargön,,,,"Västra Götalands län"
46830,Vargön,,,,"Västra Götalands län"
46831,Vargön,,,,"Västra Götalands län"
46832,Vargön,,,,"Västra Götalands län"
46833,Vargön,,,,"Västra Götalands län"
46834,Vargön,,,,"Västra Götalands län"
46880,Vargön,,,,"Västra Götalands län"
46881,Vargön,,,,"Västra Götalands län"
46882,Vargön,,,,"Västra Götalands län"
46890,Vargön,,,,"Västra Götalands län"
46020,Sjuntorp,,,,"Västra Götalands län"
46021,Upphärad,,,,"Västra Götalands län"
46100,Trollhättan,,,,"Västra Götalands län"
46101,Trollhättan,,,,"Västra Götalands län"
46104,Trollhättan,,,,"Västra Götalands län"
46106,Trollhättan,,,,"Västra Götalands län"
46111,Trollhättan,,,,"Västra Götalands län"
46112,Trollhättan,,,,"Västra Götalands län"
46121,Trollhättan,,,,"Västra Götalands län"
46122,Trollhättan,,,,"Västra Götalands län"
46123,Trollhättan,,,,"Västra Götalands län"
46124,Trollhättan,,,,"Västra Götalands län"
46125,Trollhättan,,,,"Västra Götalands län"
46126,Trollhättan,,,,"Västra Götalands län"
46127,Trollhättan,,,,"Västra Götalands län"
46129,Trollhättan,,,,"Västra Götalands län"
46130,Trollhättan,,,,"Västra Götalands län"
46131,Trollhättan,,,,"Västra Götalands län"
46132,Trollhättan,,,,"Västra Götalands län"
46133,Trollhättan,,,,"Västra Götalands län"
46134,Trollhättan,,,,"Västra Götalands län"
46135,Trollhättan,,,,"Västra Götalands län"
46137,Trollhättan,,,,"Västra Götalands län"
46138,Trollhättan,,,,"Västra Götalands län"
46139,Trollhättan,,,,"Västra Götalands län"
46140,Trollhättan,,,,"Västra Götalands län"
46141,Trollhättan,,,,"Västra Götalands län"
46142,Trollhättan,,,,"Västra Götalands län"
46143,Trollhättan,,,,"Västra Götalands län"
46144,Trollhättan,,,,"Västra Götalands län"
46150,Trollhättan,,,,"Västra Götalands län"
46151,Trollhättan,,,,"Västra Götalands län"
46152,Trollhättan,,,,"Västra Götalands län"
46153,Trollhättan,,,,"Västra Götalands län"
46154,Trollhättan,,,,"Västra Götalands län"
46155,Trollhättan,,,,"Västra Götalands län"
46157,Trollhättan,,,,"Västra Götalands län"
46158,Trollhättan,,,,"Västra Götalands län"
46159,Trollhättan,,,,"Västra Götalands län"
46160,Trollhättan,,,,"Västra Götalands län"
46161,Trollhättan,,,,"Västra Götalands län"
46162,Trollhättan,,,,"Västra Götalands län"
46163,Trollhättan,,,,"Västra Götalands län"
46164,Trollhättan,,,,"Västra Götalands län"
46165,Trollhättan,,,,"Västra Götalands län"
46166,Trollhättan,,,,"Västra Götalands län"
46167,Trollhättan,,,,"Västra Götalands län"
46168,Trollhättan,,,,"Västra Götalands län"
46170,Trollhättan,,,,"Västra Götalands län"
46171,Trollhättan,,,,"Västra Götalands län"
46173,Trollhättan,,,,"Västra Götalands län"
46177,Sjuntorp,,,,"Västra Götalands län"
46178,Sjuntorp,,,,"Västra Götalands län"
46179,Upphärad,,,,"Västra Götalands län"
46180,Trollhättan,,,,"Västra Götalands län"
46181,Trollhättan,,,,"Västra Götalands län"
46182,Trollhättan,,,,"Västra Götalands län"
46183,Trollhättan,,,,"Västra Götalands län"
46184,Trollhättan,,,,"Västra Götalands län"
46185,Trollhättan,,,,"Västra Götalands län"
46188,Trollhättan,,,,"Västra Götalands län"
46191,Trollhättan,,,,"Västra Götalands län"
46192,Trollhättan,,,,"Västra Götalands län"
46194,TROLLHÄTTAN,,,,"Västra Götalands län"
46195,Trollhättan,,,,"Västra Götalands län"
46196,Sjuntorp,,,,"Västra Götalands län"
46197,Sjuntorp,,,,"Västra Götalands län"
46198,Trollhättan,,,,"Västra Götalands län"
46199,Upphärad,,,,"Västra Götalands län"
44100,Alingsås,,,,"Västra Götalands län"
44101,Alingsås,,,,"Västra Götalands län"
44111,Sollebrunn,,,,"Västra Götalands län"
44115,Alingsås,,,,"Västra Götalands län"
44116,Alingsås,,,,"Västra Götalands län"
44117,Alingsås,,,,"Västra Götalands län"
44118,Alingsås,,,,"Västra Götalands län"
44120,Alingsås,,,,"Västra Götalands län"
44121,Alingsås,,,,"Västra Götalands län"
44122,Alingsås,,,,"Västra Götalands län"
44123,Alingsås,,,,"Västra Götalands län"
44124,Alingsås,,,,"Västra Götalands län"
44125,Alingsås,,,,"Västra Götalands län"
44126,Alingsås,,,,"Västra Götalands län"
44127,Alingsås,,,,"Västra Götalands län"
44128,Alingsås,,,,"Västra Götalands län"
44129,Alingsås,,,,"Västra Götalands län"
44130,Alingsås,,,,"Västra Götalands län"
44131,Alingsås,,,,"Västra Götalands län"
44132,Alingsås,,,,"Västra Götalands län"
44133,Alingsås,,,,"Västra Götalands län"
44134,Alingsås,,,,"Västra Götalands län"
44135,Alingsås,,,,"Västra Götalands län"
44136,Alingsås,,,,"Västra Götalands län"
44137,Alingsås,,,,"Västra Götalands län"
44138,Alingsås,,,,"Västra Götalands län"
44139,Alingsås,,,,"Västra Götalands län"
44140,Alingsås,,,,"Västra Götalands län"
44141,Alingsås,,,,"Västra Götalands län"
44142,Alingsås,,,,"Västra Götalands län"
44143,Alingsås,,,,"Västra Götalands län"
44144,Alingsås,,,,"Västra Götalands län"
44145,Alingsås,,,,"Västra Götalands län"
44146,Alingsås,,,,"Västra Götalands län"
44150,Alingsås,,,,"Västra Götalands län"
44151,Alingsås,,,,"Västra Götalands län"
44155,Alingsås,,,,"Västra Götalands län"
44156,Alingsås,,,,"Västra Götalands län"
44157,Alingsås,,,,"Västra Götalands län"
44158,Alingsås,,,,"Västra Götalands län"
44160,Alingsås,,,,"Västra Götalands län"
44163,Alingsås,,,,"Västra Götalands län"
44165,Alingsås,,,,"Västra Götalands län"
44170,Sollebrunn,,,,"Västra Götalands län"
44171,Sollebrunn,,,,"Västra Götalands län"
44172,Sollebrunn,,,,"Västra Götalands län"
44173,Sollebrunn,,,,"Västra Götalands län"
44174,Sollebrunn,,,,"Västra Götalands län"
44175,Sollebrunn,,,,"Västra Götalands län"
44180,Alingsås,,,,"Västra Götalands län"
44181,Alingsås,,,,"Västra Götalands län"
44182,Alingsås,,,,"Västra Götalands län"
44183,Alingsås,,,,"Västra Götalands län"
44184,Alingsås,,,,"Västra Götalands län"
44185,Alingsås,,,,"Västra Götalands län"
44186,Alingsås,,,,"Västra Götalands län"
44191,Alingsås,,,,"Västra Götalands län"
44192,Alingsås,,,,"Västra Götalands län"
44193,Alingsås,,,,"Västra Götalands län"
44194,Alingsås,,,,"Västra Götalands län"
44195,Alingsås,,,,"Västra Götalands län"
44196,Alingsås,,,,"Västra Götalands län"
44850,Tollered,,,,"Västra Götalands län"
44895,Tollered,,,,"Västra Götalands län"
44896,Tollered,,,,"Västra Götalands län"
46593,Nossebro,,,,"Västra Götalands län"
46601,Sollebrunn,,,,"Västra Götalands län"
46621,Sollebrunn,,,,"Västra Götalands län"
46622,Sollebrunn,,,,"Västra Götalands län"
46630,Sollebrunn,,,,"Västra Götalands län"
46631,Sollebrunn,,,,"Västra Götalands län"
46632,Sollebrunn,,,,"Västra Götalands län"
46633,Sollebrunn,,,,"Västra Götalands län"
46680,Sollebrunn,,,,"Västra Götalands län"
46691,Sollebrunn,,,,"Västra Götalands län"
46692,Sollebrunn,,,,"Västra Götalands län"
46693,Sollebrunn,,,,"Västra Götalands län"
46694,Sollebrunn,,,,"Västra Götalands län"
46695,Sollebrunn,,,,"Västra Götalands län"
50100,Borås,,,,"Västra Götalands län"
50110,Borås,,,,"Västra Götalands län"
50111,Borås,,,,"Västra Götalands län"
50112,Borås,,,,"Västra Götalands län"
50113,Borås,,,,"Västra Götalands län"
50114,Borås,,,,"Västra Götalands län"
50115,Borås,,,,"Västra Götalands län"
50117,Borås,,,,"Västra Götalands län"
50118,Borås,,,,"Västra Götalands län"
50125,Borås,,,,"Västra Götalands län"
50126,Borås,,,,"Västra Götalands län"
50127,Borås,,,,"Västra Götalands län"
50177,Borås,,,,"Västra Götalands län"
50178,Borås,,,,"Västra Götalands län"
50179,Borås,,,,"Västra Götalands län"
50180,Borås,,,,"Västra Götalands län"
50181,Borås,,,,"Västra Götalands län"
50182,Borås,,,,"Västra Götalands län"
50183,Borås,,,,"Västra Götalands län"
50184,Borås,,,,"Västra Götalands län"
50185,Borås,,,,"Västra Götalands län"
50186,Borås,,,,"Västra Götalands län"
50187,Borås,,,,"Västra Götalands län"
50188,Borås,,,,"Västra Götalands län"
50189,Borås,,,,"Västra Götalands län"
50190,Borås,,,,"Västra Götalands län"
50300,Borås,,,,"Västra Götalands län"
50305,Borås,,,,"Västra Götalands län"
50306,Borås,,,,"Västra Götalands län"
50307,Borås,,,,"Västra Götalands län"
50308,Borås,,,,"Västra Götalands län"
50309,Borås,,,,"Västra Götalands län"
50310,Borås,,,,"Västra Götalands län"
50311,Borås,,,,"Västra Götalands län"
50312,Borås,,,,"Västra Götalands län"
50313,Borås,,,,"Västra Götalands län"
50314,Borås,,,,"Västra Götalands län"
50315,Borås,,,,"Västra Götalands län"
50316,Borås,,,,"Västra Götalands län"
50317,Borås,,,,"Västra Götalands län"
50318,Borås,,,,"Västra Götalands län"
50319,Borås,,,,"Västra Götalands län"
50330,Borås,,,,"Västra Götalands län"
50331,Borås,,,,"Västra Götalands län"
50332,Borås,,,,"Västra Götalands län"
50333,Borås,,,,"Västra Götalands län"
50334,Borås,,,,"Västra Götalands län"
50335,Borås,,,,"Västra Götalands län"
50336,Borås,,,,"Västra Götalands län"
50337,Borås,,,,"Västra Götalands län"
50338,Borås,,,,"Västra Götalands län"
50342,Borås,,,,"Västra Götalands län"
50343,Borås,,,,"Västra Götalands län"
50400,Borås,,,,"Västra Götalands län"
50402,Borås,,,,"Västra Götalands län"
50403,Borås,,,,"Västra Götalands län"
50404,Borås,,,,"Västra Götalands län"
50405,Borås,,,,"Västra Götalands län"
50407,Borås,,,,"Västra Götalands län"
50408,Borås,,,,"Västra Götalands län"
50409,Borås,,,,"Västra Götalands län"
50410,Borås,,,,"Västra Götalands län"
50411,Borås,,,,"Västra Götalands län"
50412,Borås,,,,"Västra Götalands län"
50416,Borås,,,,"Västra Götalands län"
50417,Borås,,,,"Västra Götalands län"
50418,Borås,,,,"Västra Götalands län"
50419,Borås,,,,"Västra Götalands län"
50420,Borås,,,,"Västra Götalands län"
50430,Borås,,,,"Västra Götalands län"
50431,Borås,,,,"Västra Götalands län"
50432,Borås,,,,"Västra Götalands län"
50433,Borås,,,,"Västra Götalands län"
50434,Borås,,,,"Västra Götalands län"
50435,Borås,,,,"Västra Götalands län"
50437,Borås,,,,"Västra Götalands län"
50438,Borås,,,,"Västra Götalands län"
50439,Borås,,,,"Västra Götalands län"
50441,Borås,,,,"Västra Götalands län"
50442,Borås,,,,"Västra Götalands län"
50443,Borås,,,,"Västra Götalands län"
50444,Borås,,,,"Västra Götalands län"
50445,Borås,,,,"Västra Götalands län"
50446,Borås,,,,"Västra Götalands län"
50447,Borås,,,,"Västra Götalands län"
50450,Borås,,,,"Västra Götalands län"
50451,Borås,,,,"Västra Götalands län"
50452,Borås,,,,"Västra Götalands län"
50453,Borås,,,,"Västra Götalands län"
50454,Borås,,,,"Västra Götalands län"
50455,Borås,,,,"Västra Götalands län"
50456,Borås,,,,"Västra Götalands län"
50457,Borås,,,,"Västra Götalands län"
50458,Borås,,,,"Västra Götalands län"
50460,Borås,,,,"Västra Götalands län"
50461,Borås,,,,"Västra Götalands län"
50462,Borås,,,,"Västra Götalands län"
50463,Borås,,,,"Västra Götalands län"
50464,Borås,,,,"Västra Götalands län"
50465,Borås,,,,"Västra Götalands län"
50466,Borås,,,,"Västra Götalands län"
50467,Borås,,,,"Västra Götalands län"
50468,Borås,,,,"Västra Götalands län"
50470,Borås,,,,"Västra Götalands län"
50471,Borås,,,,"Västra Götalands län"
50472,Borås,,,,"Västra Götalands län"
50475,Borås,,,,"Västra Götalands län"
50478,Sandhult,,,,"Västra Götalands län"
50480,Borås,,,,"Västra Götalands län"
50481,Borås,,,,"Västra Götalands län"
50482,Borås,,,,"Västra Götalands län"
50490,Borås,,,,"Västra Götalands län"
50491,Sandhult,,,,"Västra Götalands län"
50492,Hedared,,,,"Västra Götalands län"
50493,Borås,,,,"Västra Götalands län"
50494,Borås,,,,"Västra Götalands län"
50495,Borås,,,,"Västra Götalands län"
50496,Bredared,,,,"Västra Götalands län"
50497,Bredared,,,,"Västra Götalands län"
50600,Borås,,,,"Västra Götalands län"
50602,Borås,,,,"Västra Götalands län"
50603,Borås,,,,"Västra Götalands län"
50630,Borås,,,,"Västra Götalands län"
50631,Borås,,,,"Västra Götalands län"
50632,Borås,,,,"Västra Götalands län"
50634,Borås,,,,"Västra Götalands län"
50635,Borås,,,,"Västra Götalands län"
50636,Borås,,,,"Västra Götalands län"
50637,Borås,,,,"Västra Götalands län"
50638,Borås,,,,"Västra Götalands län"
50639,Borås,,,,"Västra Götalands län"
50640,Borås,,,,"Västra Götalands län"
50641,Borås,,,,"Västra Götalands län"
50642,Borås,,,,"Västra Götalands län"
50643,Borås,,,,"Västra Götalands län"
50644,Borås,,,,"Västra Götalands län"
50646,Borås,,,,"Västra Götalands län"
50647,Borås,,,,"Västra Götalands län"
50648,Borås,,,,"Västra Götalands län"
50649,Borås,,,,"Västra Götalands län"
50670,Frufällan,,,,"Västra Götalands län"
50700,Borås,,,,"Västra Götalands län"
50710,Borås,,,,"Västra Götalands län"
50711,Borås,,,,"Västra Götalands län"
50720,Brämhult,,,,"Västra Götalands län"
50730,Brämhult,,,,"Västra Götalands län"
50731,Brämhult,,,,"Västra Götalands län"
50732,Brämhult,,,,"Västra Götalands län"
50733,Brämhult,,,,"Västra Götalands län"
50734,Brämhult,,,,"Västra Götalands län"
50740,Borås,,,,"Västra Götalands län"
50741,Borås,,,,"Västra Götalands län"
50742,Borås,,,,"Västra Götalands län"
50743,Borås,,,,"Västra Götalands län"
50744,Borås,,,,"Västra Götalands län"
50745,Borås,,,,"Västra Götalands län"
50750,Borås,,,,"Västra Götalands län"
50751,Borås,,,,"Västra Götalands län"
50752,Borås,,,,"Västra Götalands län"
50753,Borås,,,,"Västra Götalands län"
50760,Borås,,,,"Västra Götalands län"
50761,Borås,,,,"Västra Götalands län"
50762,Borås,,,,"Västra Götalands län"
50763,Borås,,,,"Västra Götalands län"
50764,Borås,,,,"Västra Götalands län"
50765,Borås,,,,"Västra Götalands län"
50770,Gånghester,,,,"Västra Götalands län"
50771,Gånghester,,,,"Västra Götalands län"
50790,Brämhult,,,,"Västra Götalands län"
51174,Skephult,,,,"Västra Götalands län"
51291,Sexdrega,,,,"Västra Götalands län"
51300,Fristad,,,,"Västra Götalands län"
51321,Fristad,,,,"Västra Götalands län"
51332,Fristad,,,,"Västra Götalands län"
51333,Fristad,,,,"Västra Götalands län"
51334,Fristad,,,,"Västra Götalands län"
51335,Fristad,,,,"Västra Götalands län"
51350,Sparsör,,,,"Västra Götalands län"
51370,Borgstena,,,,"Västra Götalands län"
51380,Fristad,,,,"Västra Götalands län"
51381,Fristad,,,,"Västra Götalands län"
51382,Fristad,,,,"Västra Götalands län"
51391,Fristad,,,,"Västra Götalands län"
51392,Fristad,,,,"Västra Götalands län"
51393,Fristad,,,,"Västra Götalands län"
51394,Sparsör,,,,"Västra Götalands län"
51395,Fristad,,,,"Västra Götalands län"
51396,Fristad,,,,"Västra Götalands län"
51397,Borgstena,,,,"Västra Götalands län"
51500,Borås,,,,"Västra Götalands län"
51521,Viskafors,,,,"Västra Götalands län"
51522,Viskafors,,,,"Västra Götalands län"
51532,Viskafors,,,,"Västra Götalands län"
51533,Viskafors,,,,"Västra Götalands län"
51534,Viskafors,,,,"Västra Götalands län"
51535,Viskafors,,,,"Västra Götalands län"
51560,Svaneholm,,,,"Västra Götalands län"
51561,Svaneholm,,,,"Västra Götalands län"
51570,Rydboholm,,,,"Västra Götalands län"
51591,Viskafors,,,,"Västra Götalands län"
51592,Kinnarumma,,,,"Västra Götalands län"
51593,Seglora,,,,"Västra Götalands län"
51600,Dalsjöfors,,,,"Västra Götalands län"
51621,Dalsjöfors,,,,"Västra Götalands län"
51622,Dalsjöfors,,,,"Västra Götalands län"
51630,Dalsjöfors,,,,"Västra Götalands län"
51631,Dalsjöfors,,,,"Västra Götalands län"
51632,Dalsjöfors,,,,"Västra Götalands län"
51633,Dalsjöfors,,,,"Västra Götalands län"
51634,Dalsjöfors,,,,"Västra Götalands län"
51650,Aplared,,,,"Västra Götalands län"
51677,Målsryd,,,,"Västra Götalands län"
51680,Dalsjöfors,,,,"Västra Götalands län"
51681,Dalsjöfors,,,,"Västra Götalands län"
51690,Dalsjöfors,,,,"Västra Götalands län"
51691,Dalsjöfors,,,,"Västra Götalands län"
51692,Äspered,,,,"Västra Götalands län"
51693,Rångedala,,,,"Västra Götalands län"
51695,Målsryd,,,,"Västra Götalands län"
51696,Aplared,,,,"Västra Götalands län"
51795,Olsfors,,,,"Västra Götalands län"
51796,Hultafors,,,,"Västra Götalands län"
51802,Sjömarken,,,,"Västra Götalands län"
51821,Sandared,,,,"Västra Götalands län"
51822,Sandared,,,,"Västra Götalands län"
51830,Sandared,,,,"Västra Götalands län"
51831,Sandared,,,,"Västra Götalands län"
51832,Sandared,,,,"Västra Götalands län"
51833,Sandared,,,,"Västra Götalands län"
51840,Sjömarken,,,,"Västra Götalands län"
51841,Sjömarken,,,,"Västra Götalands län"
51842,Sjömarken,,,,"Västra Götalands län"
51890,Sandared,,,,"Västra Götalands län"
51891,Sjömarken,,,,"Västra Götalands län"
52495,Ljung,,,,"Västra Götalands län"
51694,Dannike,,,,"Västra Götalands län"
52010,Gällstad,,,,"Västra Götalands län"
52011,Vegby,,,,"Västra Götalands län"
52025,Dalum,,,,"Västra Götalands län"
52026,Trädet,,,,"Västra Götalands län"
52301,Ulricehamn,,,,"Västra Götalands län"
52302,Timmele,,,,"Västra Götalands län"
52304,Hökerum,,,,"Västra Götalands län"
52321,Ulricehamn,,,,"Västra Götalands län"
52322,Ulricehamn,,,,"Västra Götalands län"
52323,Ulricehamn,,,,"Västra Götalands län"
52324,Ulricehamn,,,,"Västra Götalands län"
52325,Ulricehamn,,,,"Västra Götalands län"
52326,Ulricehamn,,,,"Västra Götalands län"
52330,Ulricehamn,,,,"Västra Götalands län"
52331,Ulricehamn,,,,"Västra Götalands län"
52332,Ulricehamn,,,,"Västra Götalands län"
52333,Ulricehamn,,,,"Västra Götalands län"
52334,Ulricehamn,,,,"Västra Götalands län"
52335,Ulricehamn,,,,"Västra Götalands län"
52336,Ulricehamn,,,,"Västra Götalands län"
52337,Ulricehamn,,,,"Västra Götalands län"
52338,Ulricehamn,,,,"Västra Götalands län"
52339,Ulricehamn,,,,"Västra Götalands län"
52340,Ulricehamn,,,,"Västra Götalands län"
52341,Ulricehamn,,,,"Västra Götalands län"
52360,Gällstad,,,,"Västra Götalands län"
52361,Gällstad,,,,"Västra Götalands län"
52362,Vegby,,,,"Västra Götalands län"
52372,Timmele,,,,"Västra Götalands län"
52374,Hökerum,,,,"Västra Götalands län"
52375,Dalum,,,,"Västra Götalands län"
52376,BLIDSBERG,,,,"Västra Götalands län"
52378,Trädet,,,,"Västra Götalands län"
52384,Ulricehamn,,,,"Västra Götalands län"
52385,Ulricehamn,,,,"Västra Götalands län"
52386,Ulricehamn,,,,"Västra Götalands län"
52390,Ulricehamn,,,,"Västra Götalands län"
52391,Ulricehamn,,,,"Västra Götalands län"
52392,Timmele,,,,"Västra Götalands län"
52393,Marbäck,,,,"Västra Götalands län"
52394,Tvärred,,,,"Västra Götalands län"
52395,Älmestad,,,,"Västra Götalands län"
52396,Grönahög,,,,"Västra Götalands län"
52397,Ulricehamn,,,,"Västra Götalands län"
52398,Hökerum,,,,"Västra Götalands län"
52399,Hökerum,,,,"Västra Götalands län"
52496,Ljung,,,,"Västra Götalands län"
46472,Håverud,,,,"Västra Götalands län"
66200,Åmål,,,,"Västra Götalands län"
66221,Åmål,,,,"Västra Götalands län"
66222,Åmål,,,,"Västra Götalands län"
66223,Åmål,,,,"Västra Götalands län"
66224,Åmål,,,,"Västra Götalands län"
66227,Åmål,,,,"Västra Götalands län"
66230,Åmål,,,,"Västra Götalands län"
66231,Åmål,,,,"Västra Götalands län"
66232,Åmål,,,,"Västra Götalands län"
66233,Åmål,,,,"Västra Götalands län"
66234,Åmål,,,,"Västra Götalands län"
66235,Åmål,,,,"Västra Götalands län"
66236,Åmål,,,,"Västra Götalands län"
66237,Åmål,,,,"Västra Götalands län"
66291,Åmål,,,,"Västra Götalands län"
66292,Åmål,,,,"Västra Götalands län"
66295,Fengersfors,,,,"Västra Götalands län"
66297,Ånimskog,,,,"Västra Götalands län"
66298,Tösse,,,,"Västra Götalands län"
54066,Sjötorp,,,,"Västra Götalands län"
54201,Mariestad,,,,"Västra Götalands län"
54218,Mariestad,,,,"Västra Götalands län"
54221,Mariestad,,,,"Västra Götalands län"
54222,Mariestad,,,,"Västra Götalands län"
54223,Mariestad,,,,"Västra Götalands län"
54224,Mariestad,,,,"Västra Götalands län"
54230,Mariestad,,,,"Västra Götalands län"
54231,Mariestad,,,,"Västra Götalands län"
54232,Mariestad,,,,"Västra Götalands län"
54233,Mariestad,,,,"Västra Götalands län"
54234,Mariestad,,,,"Västra Götalands län"
54235,Mariestad,,,,"Västra Götalands län"
54236,Mariestad,,,,"Västra Götalands län"
54237,Mariestad,,,,"Västra Götalands län"
54238,Mariestad,,,,"Västra Götalands län"
54239,Mariestad,,,,"Västra Götalands län"
54240,Mariestad,,,,"Västra Götalands län"
54241,Mariestad,,,,"Västra Götalands län"
54242,Mariestad,,,,"Västra Götalands län"
54243,Mariestad,,,,"Västra Götalands län"
54244,Mariestad,,,,"Västra Götalands län"
54245,Mariestad,,,,"Västra Götalands län"
54246,Mariestad,,,,"Västra Götalands län"
54247,Mariestad,,,,"Västra Götalands län"
54266,Sjötorp,,,,"Västra Götalands län"
54272,Mariestad,,,,"Västra Götalands län"
54273,Mariestad,,,,"Västra Götalands län"
54274,Mariestad,,,,"Västra Götalands län"
54275,Mariestad,,,,"Västra Götalands län"
54285,Mariestad,,,,"Västra Götalands län"
54286,Mariestad,,,,"Västra Götalands län"
54287,Mariestad,,,,"Västra Götalands län"
54288,Mariestad,,,,"Västra Götalands län"
54291,Torsö,,,,"Västra Götalands län"
54292,Mariestad,,,,"Västra Götalands län"
54293,Mariestad,,,,"Västra Götalands län"
54294,Mariestad,,,,"Västra Götalands län"
54295,Mariestad,,,,"Västra Götalands län"
54802,Lyrestad,,,,"Västra Götalands län"
54873,Lyrestad,,,,"Västra Götalands län"
54893,Lyrestad,,,,"Västra Götalands län"
53030,Tun,,,,"Västra Götalands län"
53032,Såtenäs,,,,"Västra Götalands län"
53101,Lidköping,,,,"Västra Götalands län"
53102,Lidköping,,,,"Västra Götalands län"
53103,Vinninga,,,,"Västra Götalands län"
53104,Järpås,,,,"Västra Götalands län"
53110,Lidköping,,,,"Västra Götalands län"
53116,Lidköping,,,,"Västra Götalands län"
53117,Lidköping,,,,"Västra Götalands län"
53118,Lidköping,,,,"Västra Götalands län"
53119,Lidköping,,,,"Västra Götalands län"
53129,Lidköping,,,,"Västra Götalands län"
53130,Lidköping,,,,"Västra Götalands län"
53131,Lidköping,,,,"Västra Götalands län"
53132,Lidköping,,,,"Västra Götalands län"
53133,Lidköping,,,,"Västra Götalands län"
53134,Lidköping,,,,"Västra Götalands län"
53135,Lidköping,,,,"Västra Götalands län"
53136,Lidköping,,,,"Västra Götalands län"
53137,Lidköping,,,,"Västra Götalands län"
53138,Lidköping,,,,"Västra Götalands län"
53139,Lidköping,,,,"Västra Götalands län"
53140,Lidköping,,,,"Västra Götalands län"
53141,Lidköping,,,,"Västra Götalands län"
53142,Lidköping,,,,"Västra Götalands län"
53143,Lidköping,,,,"Västra Götalands län"
53144,Lidköping,,,,"Västra Götalands län"
53150,Lidköping,,,,"Västra Götalands län"
53151,Lidköping,,,,"Västra Götalands län"
53152,Lidköping,,,,"Västra Götalands län"
53153,Lidköping,,,,"Västra Götalands län"
53154,Lidköping,,,,"Västra Götalands län"
53155,Lidköping,,,,"Västra Götalands län"
53156,Lidköping,,,,"Västra Götalands län"
53157,Lidköping,,,,"Västra Götalands län"
53158,Lidköping,,,,"Västra Götalands län"
53159,Lidköping,,,,"Västra Götalands län"
53160,Lidköping,,,,"Västra Götalands län"
53161,Lidköping,,,,"Västra Götalands län"
53165,Lidköping,,,,"Västra Götalands län"
53170,Lidköping,,,,"Västra Götalands län"
53171,Vinninga,,,,"Västra Götalands län"
53175,Järpås,,,,"Västra Götalands län"
53181,Lidköping,,,,"Västra Götalands län"
53185,Lidköping,,,,"Västra Götalands län"
53186,Lidköping,,,,"Västra Götalands län"
53187,Lidköping,,,,"Västra Götalands län"
53188,Lidköping,,,,"Västra Götalands län"
53191,Vinninga,,,,"Västra Götalands län"
53192,Lidköping,,,,"Västra Götalands län"
53193,Lidköping,,,,"Västra Götalands län"
53194,Järpås,,,,"Västra Götalands län"
53196,Lidköping,,,,"Västra Götalands län"
53197,Lidköping,,,,"Västra Götalands län"
53198,Lidköping,,,,"Västra Götalands län"
53199,Lidköping,,,,"Västra Götalands län"
53493,"Stora Levene",,,,"Västra Götalands län"
53592,Kvänum,,,,"Västra Götalands län"
53201,Skara,,,,"Västra Götalands län"
53202,Axvall,,,,"Västra Götalands län"
53221,Skara,,,,"Västra Götalands län"
53222,Skara,,,,"Västra Götalands län"
53223,Skara,,,,"Västra Götalands län"
53224,Skara,,,,"Västra Götalands län"
53229,Skara,,,,"Västra Götalands län"
53230,Skara,,,,"Västra Götalands län"
53231,Skara,,,,"Västra Götalands län"
53232,Skara,,,,"Västra Götalands län"
53233,Skara,,,,"Västra Götalands län"
53234,Skara,,,,"Västra Götalands län"
53235,Skara,,,,"Västra Götalands län"
53236,Skara,,,,"Västra Götalands län"
53237,Skara,,,,"Västra Götalands län"
53238,Skara,,,,"Västra Götalands län"
53239,Skara,,,,"Västra Götalands län"
53241,Skara,,,,"Västra Götalands län"
53272,Axvall,,,,"Västra Götalands län"
53274,Skara,,,,"Västra Götalands län"
53280,Skara,,,,"Västra Götalands län"
53286,Skara,,,,"Västra Götalands län"
53288,Skara,,,,"Västra Götalands län"
53289,Skara,,,,"Västra Götalands län"
53294,Skara,,,,"Västra Götalands län"
53295,Skara,,,,"Västra Götalands län"
53296,Skara,,,,"Västra Götalands län"
53392,Lundsbrunn,,,,"Västra Götalands län"
53292,Axvall,,,,"Västra Götalands län"
54015,Väring,,,,"Västra Götalands län"
54016,Timmersdala,,,,"Västra Götalands län"
54017,Lerdala,,,,"Västra Götalands län"
54101,Skövde,,,,"Västra Götalands län"
54102,Skövde,,,,"Västra Götalands län"
54105,Skövde,,,,"Västra Götalands län"
54106,Skövde,,,,"Västra Götalands län"
54107,Skövde,,,,"Västra Götalands län"
54112,Skövde,,,,"Västra Götalands län"
54118,Skövde,,,,"Västra Götalands län"
54121,Skövde,,,,"Västra Götalands län"
54122,Skövde,,,,"Västra Götalands län"
54123,Skövde,,,,"Västra Götalands län"
54124,Skövde,,,,"Västra Götalands län"
54125,Skövde,,,,"Västra Götalands län"
54126,Skövde,,,,"Västra Götalands län"
54127,Skövde,,,,"Västra Götalands län"
54128,Skövde,,,,"Västra Götalands län"
54129,Skövde,,,,"Västra Götalands län"
54130,Skövde,,,,"Västra Götalands län"
54131,Skövde,,,,"Västra Götalands län"
54132,Skövde,,,,"Västra Götalands län"
54133,Skövde,,,,"Västra Götalands län"
54134,Skövde,,,,"Västra Götalands län"
54135,Skövde,,,,"Västra Götalands län"
54136,Skövde,,,,"Västra Götalands län"
54138,Skövde,,,,"Västra Götalands län"
54139,Skövde,,,,"Västra Götalands län"
54140,Skövde,,,,"Västra Götalands län"
54142,Skövde,,,,"Västra Götalands län"
54143,Skövde,,,,"Västra Götalands län"
54144,Skövde,,,,"Västra Götalands län"
54145,Skövde,,,,"Västra Götalands län"
54146,Skövde,,,,"Västra Götalands län"
54147,Skövde,,,,"Västra Götalands län"
54148,Skövde,,,,"Västra Götalands län"
54150,Skövde,,,,"Västra Götalands län"
54151,Skövde,,,,"Västra Götalands län"
54152,Skövde,,,,"Västra Götalands län"
54153,Skövde,,,,"Västra Götalands län"
54154,Skövde,,,,"Västra Götalands län"
54155,Skövde,,,,"Västra Götalands län"
54156,Skövde,,,,"Västra Götalands län"
54157,Skövde,,,,"Västra Götalands län"
54162,Skövde,,,,"Västra Götalands län"
54163,Skövde,,,,"Västra Götalands län"
54164,Skövde,,,,"Västra Götalands län"
54165,Skövde,,,,"Västra Götalands län"
54166,Skövde,,,,"Västra Götalands län"
54170,Skövde,,,,"Västra Götalands län"
54171,Timmersdala,,,,"Västra Götalands län"
54177,Skövde,,,,"Västra Götalands län"
54178,Värsås,,,,"Västra Götalands län"
54180,Skövde,,,,"Västra Götalands län"
54183,Skövde,,,,"Västra Götalands län"
54184,Skövde,,,,"Västra Götalands län"
54185,Skövde,,,,"Västra Götalands län"
54186,Skövde,,,,"Västra Götalands län"
54187,Skövde,,,,"Västra Götalands län"
54191,Skövde,,,,"Västra Götalands län"
54192,Skövde,,,,"Västra Götalands län"
54193,Skövde,,,,"Västra Götalands län"
54194,Skövde,,,,"Västra Götalands län"
54195,Timmersdala,,,,"Västra Götalands län"
54196,Väring,,,,"Västra Götalands län"
54197,Lerdala,,,,"Västra Götalands län"
54921,Tidan,,,,"Västra Götalands län"
54931,Tidan,,,,"Västra Götalands län"
54934,Skövde,,,,"Västra Götalands län"
54937,Skövde,,,,"Västra Götalands län"
54938,Skövde,,,,"Västra Götalands län"
54939,Skövde,,,,"Västra Götalands län"
54940,Skövde,,,,"Västra Götalands län"
54942,Skövde,,,,"Västra Götalands län"
54943,Skövde,,,,"Västra Götalands län"
54947,Skövde,,,,"Västra Götalands län"
54948,Skövde,,,,"Västra Götalands län"
54949,Skövde,,,,"Västra Götalands län"
54950,Skövde,,,,"Västra Götalands län"
54951,Skövde,,,,"Västra Götalands län"
54952,Skövde,,,,"Västra Götalands län"
54953,Skövde,,,,"Västra Götalands län"
54954,Skövde,,,,"Västra Götalands län"
54955,Skövde,,,,"Västra Götalands län"
54956,Skövde,,,,"Västra Götalands län"
54960,Skövde,,,,"Västra Götalands län"
54961,Skövde,,,,"Västra Götalands län"
54962,Skövde,,,,"Västra Götalands län"
54963,Skövde,,,,"Västra Götalands län"
54964,Skövde,,,,"Västra Götalands län"
54965,Skövde,,,,"Västra Götalands län"
54966,Skövde,,,,"Västra Götalands län"
54967,Skövde,,,,"Västra Götalands län"
54970,Skövde,,,,"Västra Götalands län"
54976,Väring,,,,"Västra Götalands län"
54977,Skövde,,,,"Västra Götalands län"
54991,Tidan,,,,"Västra Götalands län"
54992,Moholm,,,,"Västra Götalands län"
54994,Skövde,,,,"Västra Götalands län"
54996,Väring,,,,"Västra Götalands län"
54998,Väring,,,,"Västra Götalands län"
54999,Skövde,,,,"Västra Götalands län"
54198,Värsås,,,,"Västra Götalands län"
54401,Hjo,,,,"Västra Götalands län"
54421,Hjo,,,,"Västra Götalands län"
54422,Hjo,,,,"Västra Götalands län"
54430,Hjo,,,,"Västra Götalands län"
54431,Hjo,,,,"Västra Götalands län"
54432,Hjo,,,,"Västra Götalands län"
54433,Hjo,,,,"Västra Götalands län"
54434,Hjo,,,,"Västra Götalands län"
54435,Hjo,,,,"Västra Götalands län"
54436,Hjo,,,,"Västra Götalands län"
54450,Hjo,,,,"Västra Götalands län"
54481,Hjo,,,,"Västra Götalands län"
54491,Hjo,,,,"Västra Götalands län"
54492,Hjo,,,,"Västra Götalands län"
54493,Hjo,,,,"Västra Götalands län"
54494,Hjo,,,,"Västra Götalands län"
52201,Tidaholm,,,,"Västra Götalands län"
52221,Tidaholm,,,,"Västra Götalands län"
52222,Tidaholm,,,,"Västra Götalands län"
52223,Tidaholm,,,,"Västra Götalands län"
52224,Tidaholm,,,,"Västra Götalands län"
52225,Tidaholm,,,,"Västra Götalands län"
52226,Tidaholm,,,,"Västra Götalands län"
52230,Tidaholm,,,,"Västra Götalands län"
52231,Tidaholm,,,,"Västra Götalands län"
52232,Tidaholm,,,,"Västra Götalands län"
52233,Tidaholm,,,,"Västra Götalands län"
52234,Tidaholm,,,,"Västra Götalands län"
52235,Tidaholm,,,,"Västra Götalands län"
52236,Tidaholm,,,,"Västra Götalands län"
52237,Tidaholm,,,,"Västra Götalands län"
52281,Tidaholm,,,,"Västra Götalands län"
52282,Tidaholm,,,,"Västra Götalands län"
52283,Tidaholm,,,,"Västra Götalands län"
52284,Tidaholm,,,,"Västra Götalands län"
52285,Tidaholm,,,,"Västra Götalands län"
52291,Tidaholm,,,,"Västra Götalands län"
52292,Tidaholm,,,,"Västra Götalands län"
52293,Tidaholm,,,,"Västra Götalands län"
52294,Tidaholm,,,,"Västra Götalands län"
52024,Blidsberg,,,,"Västra Götalands län"
52040,Floby,,,,"Västra Götalands län"
52043,Åsarp,,,,"Västra Götalands län"
52050,Stenstorp,,,,"Västra Götalands län"
52101,Falköping,,,,"Västra Götalands län"
52102,Falköping,,,,"Västra Götalands län"
52103,Kinnarp,,,,"Västra Götalands län"
52104,Gudhem,,,,"Västra Götalands län"
52105,Vartofta,,,,"Västra Götalands län"
52118,Falköping,,,,"Västra Götalands län"
52121,Falköping,,,,"Västra Götalands län"
52122,Falköping,,,,"Västra Götalands län"
52123,Falköping,,,,"Västra Götalands län"
52124,Falköping,,,,"Västra Götalands län"
52129,Falköping,,,,"Västra Götalands län"
52130,Falköping,,,,"Västra Götalands län"
52131,Falköping,,,,"Västra Götalands län"
52132,Falköping,,,,"Västra Götalands län"
52133,Falköping,,,,"Västra Götalands län"
52134,Falköping,,,,"Västra Götalands län"
52135,Falköping,,,,"Västra Götalands län"
52136,Falköping,,,,"Västra Götalands län"
52137,Falköping,,,,"Västra Götalands län"
52138,Falköping,,,,"Västra Götalands län"
52139,Falköping,,,,"Västra Götalands län"
52140,Falköping,,,,"Västra Götalands län"
52141,Falköping,,,,"Västra Götalands län"
52142,Falköping,,,,"Västra Götalands län"
52143,Falköping,,,,"Västra Götalands län"
52144,Falköping,,,,"Västra Götalands län"
52145,Falköping,,,,"Västra Götalands län"
52146,Falköping,,,,"Västra Götalands län"
52147,Falköping,,,,"Västra Götalands län"
52151,Floby,,,,"Västra Götalands län"
52152,Floby,,,,"Västra Götalands län"
52153,Floby,,,,"Västra Götalands län"
52154,Floby,,,,"Västra Götalands län"
52155,Floby,,,,"Västra Götalands län"
52156,Floby,,,,"Västra Götalands län"
52160,Stenstorp,,,,"Västra Götalands län"
52161,Stenstorp,,,,"Västra Götalands län"
52162,Stenstorp,,,,"Västra Götalands län"
52163,Stenstorp,,,,"Västra Götalands län"
52164,Stenstorp,,,,"Västra Götalands län"
52170,Åsarp,,,,"Västra Götalands län"
52171,Åsarp,,,,"Västra Götalands län"
52172,Slutarp,,,,"Västra Götalands län"
52173,Kinnarp,,,,"Västra Götalands län"
52174,Gudhem,,,,"Västra Götalands län"
52175,Vartofta,,,,"Västra Götalands län"
52181,Falköping,,,,"Västra Götalands län"
52182,Falköping,,,,"Västra Götalands län"
52185,Falköping,,,,"Västra Götalands län"
52186,Falköping,,,,"Västra Götalands län"
52188,Kinnarp,,,,"Västra Götalands län"
52191,Falköping,,,,"Västra Götalands län"
52192,Falköping,,,,"Västra Götalands län"
52193,Falköping,,,,"Västra Götalands län"
52194,Falköping,,,,"Västra Götalands län"
52195,Kättilstorp,,,,"Västra Götalands län"
52196,Falköping,,,,"Västra Götalands län"
52197,Vartofta,,,,"Västra Götalands län"
52198,Broddetorp,,,,"Västra Götalands län"
52377,Blidsberg,,,,"Västra Götalands län"
53240,SKARA,,,,"Västra Götalands län"
53273,Varnhem,,,,"Västra Götalands län"
53293,Axvall,,,,"Västra Götalands län"
56042,Sandhem,,,,"Västra Götalands län"
56594,Sandhem,,,,"Västra Götalands län"
40090,Göteborg,,,,"Västra Götalands län"
40099,Göteborg,,,,"Västra Götalands län"
40220,Göteborg,,,,"Västra Götalands län"
40240,Göteborg,,,,"Västra Götalands län"
40256,Göteborg,,,,"Västra Götalands län"
40262,Göteborg,,,,"Västra Götalands län"
40310,Göteborg,,,,"Västra Götalands län"
40332,Göteborg,,,,"Västra Götalands län"
40343,Göteborg,,,,"Västra Götalands län"
40420,Göteborg,,,,"Västra Götalands län"
40534,Göteborg,,,,"Västra Götalands län"
40537,Göteborg,,,,"Västra Götalands län"
40538,Göteborg,,,,"Västra Götalands län"
40700,Göteborg,,,,"Västra Götalands län"
40800,Göteborg,,,,"Västra Götalands län"
40801,Göteborg,,,,"Västra Götalands län"
40802,Göteborg,,,,"Västra Götalands län"
40803,Göteborg,,,,"Västra Götalands län"
40804,Göteborg,,,,"Västra Götalands län"
40805,Göteborg,,,,"Västra Götalands län"
40806,Göteborg,,,,"Västra Götalands län"
40807,Göteborg,,,,"Västra Götalands län"
40808,Göteborg,,,,"Västra Götalands län"
40809,Göteborg,,,,"Västra Götalands län"
40810,Göteborg,,,,"Västra Götalands län"
40811,Göteborg,,,,"Västra Götalands län"
40812,Göteborg,,,,"Västra Götalands län"
40813,Göteborg,,,,"Västra Götalands län"
40814,Göteborg,,,,"Västra Götalands län"
40815,Göteborg,,,,"Västra Götalands län"
40816,Göteborg,,,,"Västra Götalands län"
40817,Göteborg,,,,"Västra Götalands län"
40818,Göteborg,,,,"Västra Götalands län"
40819,Göteborg,,,,"Västra Götalands län"
40820,Göteborg,,,,"Västra Götalands län"
40821,Göteborg,,,,"Västra Götalands län"
40822,Göteborg,,,,"Västra Götalands län"
40823,Göteborg,,,,"Västra Götalands län"
40824,Göteborg,,,,"Västra Götalands län"
40825,Göteborg,,,,"Västra Götalands län"
40826,Göteborg,,,,"Västra Götalands län"
40827,Göteborg,,,,"Västra Götalands län"
40828,Göteborg,,,,"Västra Götalands län"
40829,Göteborg,,,,"Västra Götalands län"
40830,Göteborg,,,,"Västra Götalands län"
40831,Göteborg,,,,"Västra Götalands län"
40832,Göteborg,,,,"Västra Götalands län"
40833,Göteborg,,,,"Västra Götalands län"
40834,Göteborg,,,,"Västra Götalands län"
40835,Göteborg,,,,"Västra Götalands län"
40836,Göteborg,,,,"Västra Götalands län"
40837,Göteborg,,,,"Västra Götalands län"
40838,Göteborg,,,,"Västra Götalands län"
40839,Göteborg,,,,"Västra Götalands län"
40840,Göteborg,,,,"Västra Götalands län"
40841,Göteborg,,,,"Västra Götalands län"
40842,Göteborg,,,,"Västra Götalands län"
40843,Göteborg,,,,"Västra Götalands län"
40844,Göteborg,,,,"Västra Götalands län"
40845,Göteborg,,,,"Västra Götalands län"
40846,Göteborg,,,,"Västra Götalands län"
40847,Göteborg,,,,"Västra Götalands län"
40848,Göteborg,,,,"Västra Götalands län"
40849,Göteborg,,,,"Västra Götalands län"
40850,Göteborg,,,,"Västra Götalands län"
40851,Göteborg,,,,"Västra Götalands län"
40852,Göteborg,,,,"Västra Götalands län"
40853,Göteborg,,,,"Västra Götalands län"
40854,Göteborg,,,,"Västra Götalands län"
40855,Göteborg,,,,"Västra Götalands län"
40856,Göteborg,,,,"Västra Götalands län"
40857,Göteborg,,,,"Västra Götalands län"
40858,Göteborg,,,,"Västra Götalands län"
40859,Göteborg,,,,"Västra Götalands län"
40860,Göteborg,,,,"Västra Götalands län"
40861,Göteborg,,,,"Västra Götalands län"
40862,Göteborg,,,,"Västra Götalands län"
40863,Göteborg,,,,"Västra Götalands län"
40864,Göteborg,,,,"Västra Götalands län"
40865,Göteborg,,,,"Västra Götalands län"
40866,Göteborg,,,,"Västra Götalands län"
40867,Göteborg,,,,"Västra Götalands län"
40868,Göteborg,,,,"Västra Götalands län"
40869,Göteborg,,,,"Västra Götalands län"
40870,Göteborg,,,,"Västra Götalands län"
40871,Göteborg,,,,"Västra Götalands län"
40872,Göteborg,,,,"Västra Götalands län"
40873,Göteborg,,,,"Västra Götalands län"
40874,Göteborg,,,,"Västra Götalands län"
40875,Göteborg,,,,"Västra Götalands län"
40876,Göteborg,,,,"Västra Götalands län"
40877,Göteborg,,,,"Västra Götalands län"
40878,Göteborg,,,,"Västra Götalands län"
40879,Göteborg,,,,"Västra Götalands län"
40880,Göteborg,,,,"Västra Götalands län"
40881,Göteborg,,,,"Västra Götalands län"
40882,Göteborg,,,,"Västra Götalands län"
40883,Göteborg,,,,"Västra Götalands län"
40884,Göteborg,,,,"Västra Götalands län"
40885,Göteborg,,,,"Västra Götalands län"
40886,Göteborg,,,,"Västra Götalands län"
40887,Göteborg,,,,"Västra Götalands län"
40888,Göteborg,,,,"Västra Götalands län"
40889,Göteborg,,,,"Västra Götalands län"
40890,Göteborg,,,,"Västra Götalands län"
40891,Göteborg,,,,"Västra Götalands län"
40892,Göteborg,,,,"Västra Götalands län"
40893,Göteborg,,,,"Västra Götalands län"
40894,Göteborg,,,,"Västra Götalands län"
40895,Göteborg,,,,"Västra Götalands län"
40896,Göteborg,,,,"Västra Götalands län"
40897,Göteborg,,,,"Västra Götalands län"
40898,Göteborg,,,,"Västra Götalands län"
40899,Göteborg,,,,"Västra Götalands län"
40900,Göteborg,,,,"Västra Götalands län"
40901,Göteborg,,,,"Västra Götalands län"
40902,Göteborg,,,,"Västra Götalands län"
40903,Göteborg,,,,"Västra Götalands län"
40904,Göteborg,,,,"Västra Götalands län"
40905,Göteborg,,,,"Västra Götalands län"
40906,Göteborg,,,,"Västra Götalands län"
40907,Göteborg,,,,"Västra Götalands län"
40908,Göteborg,,,,"Västra Götalands län"
40909,Göteborg,,,,"Västra Götalands län"
40910,Göteborg,,,,"Västra Götalands län"
40911,Göteborg,,,,"Västra Götalands län"
40912,Göteborg,,,,"Västra Götalands län"
40913,Göteborg,,,,"Västra Götalands län"
40914,Göteborg,,,,"Västra Götalands län"
40915,Göteborg,,,,"Västra Götalands län"
40916,Göteborg,,,,"Västra Götalands län"
40917,Göteborg,,,,"Västra Götalands län"
40918,Göteborg,,,,"Västra Götalands län"
40919,Göteborg,,,,"Västra Götalands län"
40920,Göteborg,,,,"Västra Götalands län"
40921,Göteborg,,,,"Västra Götalands län"
40922,Göteborg,,,,"Västra Götalands län"
40923,Göteborg,,,,"Västra Götalands län"
40924,Göteborg,,,,"Västra Götalands län"
40925,Göteborg,,,,"Västra Götalands län"
40926,Göteborg,,,,"Västra Götalands län"
40927,Göteborg,,,,"Västra Götalands län"
40928,Göteborg,,,,"Västra Götalands län"
40929,Göteborg,,,,"Västra Götalands län"
40930,Göteborg,,,,"Västra Götalands län"
40931,Göteborg,,,,"Västra Götalands län"
40932,Göteborg,,,,"Västra Götalands län"
40933,Göteborg,,,,"Västra Götalands län"
40934,Göteborg,,,,"Västra Götalands län"
40935,Göteborg,,,,"Västra Götalands län"
40936,Göteborg,,,,"Västra Götalands län"
40937,Göteborg,,,,"Västra Götalands län"
40938,Göteborg,,,,"Västra Götalands län"
40939,Göteborg,,,,"Västra Götalands län"
40940,Göteborg,,,,"Västra Götalands län"
40941,Göteborg,,,,"Västra Götalands län"
40942,Göteborg,,,,"Västra Götalands län"
40943,Göteborg,,,,"Västra Götalands län"
40944,Göteborg,,,,"Västra Götalands län"
40945,Göteborg,,,,"Västra Götalands län"
40946,Göteborg,,,,"Västra Götalands län"
40947,Göteborg,,,,"Västra Götalands län"
40948,Göteborg,,,,"Västra Götalands län"
40949,Göteborg,,,,"Västra Götalands län"
40950,Göteborg,,,,"Västra Götalands län"
40951,Göteborg,,,,"Västra Götalands län"
40952,Göteborg,,,,"Västra Götalands län"
40953,Göteborg,,,,"Västra Götalands län"
40954,Göteborg,,,,"Västra Götalands län"
40955,Göteborg,,,,"Västra Götalands län"
40956,Göteborg,,,,"Västra Götalands län"
40957,Göteborg,,,,"Västra Götalands län"
40958,Göteborg,,,,"Västra Götalands län"
40959,Göteborg,,,,"Västra Götalands län"
40960,Göteborg,,,,"Västra Götalands län"
40961,Göteborg,,,,"Västra Götalands län"
40962,Göteborg,,,,"Västra Götalands län"
40963,Göteborg,,,,"Västra Götalands län"
40964,Göteborg,,,,"Västra Götalands län"
40965,Göteborg,,,,"Västra Götalands län"
40966,Göteborg,,,,"Västra Götalands län"
40967,Göteborg,,,,"Västra Götalands län"
40968,Göteborg,,,,"Västra Götalands län"
40969,Göteborg,,,,"Västra Götalands län"
40970,Göteborg,,,,"Västra Götalands län"
40971,Göteborg,,,,"Västra Götalands län"
40972,Göteborg,,,,"Västra Götalands län"
40973,Göteborg,,,,"Västra Götalands län"
40974,Göteborg,,,,"Västra Götalands län"
40975,Göteborg,,,,"Västra Götalands län"
40976,Göteborg,,,,"Västra Götalands län"
40977,Göteborg,,,,"Västra Götalands län"
40978,Göteborg,,,,"Västra Götalands län"
40979,Göteborg,,,,"Västra Götalands län"
40980,Göteborg,,,,"Västra Götalands län"
40981,Göteborg,,,,"Västra Götalands län"
40982,Göteborg,,,,"Västra Götalands län"
40983,Göteborg,,,,"Västra Götalands län"
40984,Göteborg,,,,"Västra Götalands län"
40985,Göteborg,,,,"Västra Götalands län"
40986,Göteborg,,,,"Västra Götalands län"
40987,Göteborg,,,,"Västra Götalands län"
40988,Göteborg,,,,"Västra Götalands län"
40989,Göteborg,,,,"Västra Götalands län"
40990,Göteborg,,,,"Västra Götalands län"
40991,Göteborg,,,,"Västra Götalands län"
40992,Göteborg,,,,"Västra Götalands län"
40993,Göteborg,,,,"Västra Götalands län"
40994,Göteborg,,,,"Västra Götalands län"
40995,Göteborg,,,,"Västra Götalands län"
40996,Göteborg,,,,"Västra Götalands län"
40997,Göteborg,,,,"Västra Götalands län"
40998,Göteborg,,,,"Västra Götalands län"
40999,Göteborg,,,,"Västra Götalands län"
41289,Göteborg,,,,"Västra Götalands län"
41293,Göteborg,,,,"Västra Götalands län"
41382,Göteborg,,,,"Västra Götalands län"
41524,Göteborg,,,,"Västra Götalands län"
41527,Göteborg,,,,"Västra Götalands län"
41620,Göteborg,,,,"Västra Götalands län"
41648,Göteborg,,,,"Västra Götalands län"
41649,Göteborg,,,,"Västra Götalands län"
41650,Göteborg,,,,"Västra Götalands län"
41682,Göteborg,,,,"Västra Götalands län"
41765,Göteborg,,,,"Västra Götalands län"
41800,Göteborg,,,,"Västra Götalands län"
41802,Göteborg,,,,"Västra Götalands län"
42120,"Västra Frölunda",,,,"Västra Götalands län"
42220,"Hisings Backa",,,,"Västra Götalands län"
42320,Torslanda,,,,"Västra Götalands län"
42404,Angered,,,,"Västra Götalands län"
42405,Angered,,,,"Västra Götalands län"
42408,Olofstorp,,,,"Västra Götalands län"
42420,Angered,,,,"Västra Götalands län"
42454,Angered,,,,"Västra Götalands län"
42620,"Västra Frölunda",,,,"Västra Götalands län"
42820,Kållered,,,,"Västra Götalands län"
42880,Kållered,,,,"Västra Götalands län"
43120,Mölndal,,,,"Västra Götalands län"
43185,Mölndal,,,,"Västra Götalands län"
43320,Partille,,,,"Västra Götalands län"
43339,Partille,,,,"Västra Götalands län"
43520,Mölnlycke,,,,"Västra Götalands län"
43620,Askim,,,,"Västra Götalands län"
43720,Lindome,,,,"Västra Götalands län"
43810,Härryda,,,,"Västra Götalands län"
43820,Landvetter,,,,"Västra Götalands län"
44220,Kungälv,,,,"Västra Götalands län"
44244,Kungälv,,,,"Västra Götalands län"
44245,Kungälv,,,,"Västra Götalands län"
44320,Lerum,,,,"Västra Götalands län"
44420,Stenungsund,,,,"Västra Götalands län"
44452,Stenungsund,,,,"Västra Götalands län"
44620,Älvängen,,,,"Västra Götalands län"
44720,Vårgårda,,,,"Västra Götalands län"
44820,Floda,,,,"Västra Götalands län"
44920,Nödinge,,,,"Västra Götalands län"
44935,Nödinge,,,,"Västra Götalands län"
44936,Nödinge,,,,"Västra Götalands län"
45106,Uddevalla,,,,"Västra Götalands län"
45120,Uddevalla,,,,"Västra Götalands län"
45198,Uddevalla,,,,"Västra Götalands län"
45220,Strömstad,,,,"Västra Götalands län"
45288,Strömstad,,,,"Västra Götalands län"
45320,Lysekil,,,,"Västra Götalands län"
45420,Brastad,,,,"Västra Götalands län"
45520,Munkedal,,,,"Västra Götalands län"
45620,Kungshamn,,,,"Västra Götalands län"
45720,Tanumshede,,,,"Västra Götalands län"
45725,Tanumshede,,,,"Västra Götalands län"
45820,Färgelanda,,,,"Västra Götalands län"
45920,Ljungskile,,,,"Västra Götalands län"
46120,Trollhättan,,,,"Västra Götalands län"
46186,Trollhättan,,,,"Västra Götalands län"
46203,Vänersborg,,,,"Västra Götalands län"
46210,Vänersborg,,,,"Västra Götalands län"
46220,Vänersborg,,,,"Västra Götalands län"
46229,Vänersborg,,,,"Västra Götalands län"
46320,"Lilla Edet",,,,"Västra Götalands län"
46324,"Lilla Edet",,,,"Västra Götalands län"
46325,"Lilla Edet",,,,"Västra Götalands län"
46402,Åsensbruk,,,,"Västra Götalands län"
46420,Mellerud,,,,"Västra Götalands län"
46520,Nossebro,,,,"Västra Götalands län"
46620,Sollebrunn,,,,"Västra Götalands län"
46720,Grästorp,,,,"Västra Götalands län"
47102,Rönnäng,,,,"Västra Götalands län"
47104,Åstol,,,,"Västra Götalands län"
47105,Dyrön,,,,"Västra Götalands län"
47106,Myggenäs,,,,"Västra Götalands län"
47120,Skärhamn,,,,"Västra Götalands län"
47220,Svanesund,,,,"Västra Götalands län"
47320,Henån,,,,"Västra Götalands län"
47420,Ellös,,,,"Västra Götalands län"
47474,Käringön,,,,"Västra Götalands län"
50483,Borås,,,,"Västra Götalands län"
50715,Gånghester,,,,"Västra Götalands län"
50800,Borås,,,,"Västra Götalands län"
50801,Borås,,,,"Västra Götalands län"
50802,Borås,,,,"Västra Götalands län"
50803,Borås,,,,"Västra Götalands län"
50804,Borås,,,,"Västra Götalands län"
50805,Borås,,,,"Västra Götalands län"
50806,Borås,,,,"Västra Götalands län"
50807,Borås,,,,"Västra Götalands län"
50808,Borås,,,,"Västra Götalands län"
50809,Borås,,,,"Västra Götalands län"
50810,Borås,,,,"Västra Götalands län"
50811,Borås,,,,"Västra Götalands län"
50812,Borås,,,,"Västra Götalands län"
50813,Borås,,,,"Västra Götalands län"
50814,Borås,,,,"Västra Götalands län"
50815,Borås,,,,"Västra Götalands län"
50816,Borås,,,,"Västra Götalands län"
50817,Borås,,,,"Västra Götalands län"
50818,Borås,,,,"Västra Götalands län"
50819,Borås,,,,"Västra Götalands län"
50820,Borås,,,,"Västra Götalands län"
50821,Borås,,,,"Västra Götalands län"
50822,Borås,,,,"Västra Götalands län"
50823,Borås,,,,"Västra Götalands län"
50824,Borås,,,,"Västra Götalands län"
50825,Borås,,,,"Västra Götalands län"
50826,Borås,,,,"Västra Götalands län"
50827,Borås,,,,"Västra Götalands län"
50828,Borås,,,,"Västra Götalands län"
50829,Borås,,,,"Västra Götalands län"
50830,Borås,,,,"Västra Götalands län"
50831,Borås,,,,"Västra Götalands län"
50832,Borås,,,,"Västra Götalands län"
50833,Borås,,,,"Västra Götalands län"
50834,Borås,,,,"Västra Götalands län"
50835,Borås,,,,"Västra Götalands län"
50836,Borås,,,,"Västra Götalands län"
50837,Borås,,,,"Västra Götalands län"
50838,Borås,,,,"Västra Götalands län"
50839,Borås,,,,"Västra Götalands län"
50840,Borås,,,,"Västra Götalands län"
50841,Borås,,,,"Västra Götalands län"
50842,Borås,,,,"Västra Götalands län"
50843,Borås,,,,"Västra Götalands län"
50844,Borås,,,,"Västra Götalands län"
50845,Borås,,,,"Västra Götalands län"
50846,Borås,,,,"Västra Götalands län"
50847,Borås,,,,"Västra Götalands län"
50848,Borås,,,,"Västra Götalands län"
50849,Borås,,,,"Västra Götalands län"
50850,Borås,,,,"Västra Götalands län"
50851,Borås,,,,"Västra Götalands län"
50852,Borås,,,,"Västra Götalands län"
50853,Borås,,,,"Västra Götalands län"
50854,Borås,,,,"Västra Götalands län"
50855,Borås,,,,"Västra Götalands län"
50856,Borås,,,,"Västra Götalands län"
50857,Borås,,,,"Västra Götalands län"
50858,Borås,,,,"Västra Götalands län"
50859,Borås,,,,"Västra Götalands län"
50860,Borås,,,,"Västra Götalands län"
50861,Borås,,,,"Västra Götalands län"
50862,Borås,,,,"Västra Götalands län"
50863,Borås,,,,"Västra Götalands län"
50864,Borås,,,,"Västra Götalands län"
50865,Borås,,,,"Västra Götalands län"
50866,Borås,,,,"Västra Götalands län"
50867,Borås,,,,"Västra Götalands län"
50868,Borås,,,,"Västra Götalands län"
50869,Borås,,,,"Västra Götalands län"
50870,Borås,,,,"Västra Götalands län"
50871,Borås,,,,"Västra Götalands län"
50872,Borås,,,,"Västra Götalands län"
50873,Borås,,,,"Västra Götalands län"
50874,Borås,,,,"Västra Götalands län"
50875,Borås,,,,"Västra Götalands län"
50876,Borås,,,,"Västra Götalands län"
50877,Borås,,,,"Västra Götalands län"
50878,Borås,,,,"Västra Götalands län"
50879,Borås,,,,"Västra Götalands län"
50880,Borås,,,,"Västra Götalands län"
50881,Borås,,,,"Västra Götalands län"
50882,Borås,,,,"Västra Götalands län"
50883,Borås,,,,"Västra Götalands län"
50884,Borås,,,,"Västra Götalands län"
50885,Borås,,,,"Västra Götalands län"
50886,Borås,,,,"Västra Götalands län"
50887,Borås,,,,"Västra Götalands län"
50888,Borås,,,,"Västra Götalands län"
50889,Borås,,,,"Västra Götalands län"
50890,Borås,,,,"Västra Götalands län"
50891,Borås,,,,"Västra Götalands län"
50892,Borås,,,,"Västra Götalands län"
50893,Borås,,,,"Västra Götalands län"
50894,Borås,,,,"Västra Götalands län"
50895,Borås,,,,"Västra Götalands län"
50896,Borås,,,,"Västra Götalands län"
50897,Borås,,,,"Västra Götalands län"
50898,Borås,,,,"Västra Götalands län"
50899,Borås,,,,"Västra Götalands län"
51120,Kinna,,,,"Västra Götalands län"
51124,Kinna,,,,"Västra Götalands län"
51153,Kinna,,,,"Västra Götalands län"
51220,Svenljunga,,,,"Västra Götalands län"
51320,Fristad,,,,"Västra Götalands län"
51404,Limmared,,,,"Västra Götalands län"
51420,Tranemo,,,,"Västra Götalands län"
51520,Viskafors,,,,"Västra Götalands län"
51620,Dalsjöfors,,,,"Västra Götalands län"
51720,Bollebygd,,,,"Västra Götalands län"
51820,Sandared,,,,"Västra Götalands län"
51843,Sjömarken,,,,"Västra Götalands län"
51920,Horred,,,,"Västra Götalands län"
52120,Falköping,,,,"Västra Götalands län"
52220,Tidaholm,,,,"Västra Götalands län"
52320,Ulricehamn,,,,"Västra Götalands län"
52343,Ulricehamn,,,,"Västra Götalands län"
52344,Ulricehamn,,,,"Västra Götalands län"
52345,Ulricehamn,,,,"Västra Götalands län"
52420,Herrljunga,,,,"Västra Götalands län"
52433,Herrljunga,,,,"Västra Götalands län"
53120,Lidköping,,,,"Västra Götalands län"
53220,Skara,,,,"Västra Götalands län"
53320,Götene,,,,"Västra Götalands län"
53329,Götene,,,,"Västra Götalands län"
53420,Vara,,,,"Västra Götalands län"
54120,Skövde,,,,"Västra Götalands län"
54137,Skövde,,,,"Västra Götalands län"
54141,Skövde,,,,"Västra Götalands län"
54220,Mariestad,,,,"Västra Götalands län"
54320,Tibro,,,,"Västra Götalands län"
54420,Hjo,,,,"Västra Götalands län"
54520,Töreboda,,,,"Västra Götalands län"
54620,Karlsborg,,,,"Västra Götalands län"
54720,Gullspång,,,,"Västra Götalands län"
54820,Hova,,,,"Västra Götalands län"
54920,Tidan,,,,"Västra Götalands län"
66220,Åmål,,,,"Västra Götalands län"
66620,Bengtsfors,,,,"Västra Götalands län"
66820,Ed,,,,"Västra Götalands län"
66501,Kil,,,,"Värmlands län"
66521,Kil,,,,"Värmlands län"
66522,Kil,,,,"Värmlands län"
66523,Kil,,,,"Värmlands län"
66524,Kil,,,,"Värmlands län"
66525,Kil,,,,"Värmlands län"
66530,Kil,,,,"Värmlands län"
66531,Kil,,,,"Värmlands län"
66532,Kil,,,,"Värmlands län"
66533,Kil,,,,"Värmlands län"
66534,Kil,,,,"Värmlands län"
66535,Kil,,,,"Värmlands län"
66591,Kil,,,,"Värmlands län"
66592,Kil,,,,"Värmlands län"
66593,Kil,,,,"Värmlands län"
67041,Koppom,,,,"Värmlands län"
67043,Skillingsfors,,,,"Värmlands län"
67301,Charlottenberg,,,,"Värmlands län"
67321,Charlottenberg,,,,"Värmlands län"
67322,Charlottenberg,,,,"Värmlands län"
67329,Charlottenberg,,,,"Värmlands län"
67331,Charlottenberg,,,,"Värmlands län"
67332,Charlottenberg,,,,"Värmlands län"
67337,Koppom,,,,"Värmlands län"
67392,Charlottenberg,,,,"Värmlands län"
67393,Morokulien,,,,"Värmlands län"
67398,Koppom,,,,"Värmlands län"
67399,Skillingsfors,,,,"Värmlands län"
68051,Stöllet,,,,"Värmlands län"
68052,Ambjörby,,,,"Värmlands län"
68060,Sysslebäck,,,,"Värmlands län"
68061,Bograngen,,,,"Värmlands län"
68063,Likenäs,,,,"Värmlands län"
68065,Höljes,,,,"Värmlands län"
68501,Torsby,,,,"Värmlands län"
68521,Torsby,,,,"Värmlands län"
68522,Torsby,,,,"Värmlands län"
68523,Torsby,,,,"Värmlands län"
68524,Torsby,,,,"Värmlands län"
68525,Torsby,,,,"Värmlands län"
68529,Torsby,,,,"Värmlands län"
68530,Torsby,,,,"Värmlands län"
68532,Torsby,,,,"Värmlands län"
68533,Torsby,,,,"Värmlands län"
68534,Torsby,,,,"Värmlands län"
68580,Torsby,,,,"Värmlands län"
68591,Torsby,,,,"Värmlands län"
68592,Torsby,,,,"Värmlands län"
68593,Torsby,,,,"Värmlands län"
68594,Torsby,,,,"Värmlands län"
68597,Östmark,,,,"Värmlands län"
68599,Torsby,,,,"Värmlands län"
68821,Storfors,,,,"Värmlands län"
68822,Storfors,,,,"Värmlands län"
68823,Storfors,,,,"Värmlands län"
68829,Storfors,,,,"Värmlands län"
68830,Storfors,,,,"Värmlands län"
68831,Storfors,,,,"Värmlands län"
68891,Storfors,,,,"Värmlands län"
68892,Storfors,,,,"Värmlands län"
66301,Skoghall,,,,"Värmlands län"
66311,Hammarö,,,,"Värmlands län"
66312,Hammarö,,,,"Värmlands län"
66321,Skoghall,,,,"Värmlands län"
66322,Skoghall,,,,"Värmlands län"
66329,Skoghall,,,,"Värmlands län"
66330,Skoghall,,,,"Värmlands län"
66331,Skoghall,,,,"Värmlands län"
66332,Skoghall,,,,"Värmlands län"
66333,Skoghall,,,,"Värmlands län"
66334,Skoghall,,,,"Värmlands län"
66340,Hammarö,,,,"Värmlands län"
66341,Hammarö,,,,"Värmlands län"
66342,Hammarö,,,,"Värmlands län"
66343,Hammarö,,,,"Värmlands län"
66381,Hammarö,,,,"Värmlands län"
66391,Hammarö,,,,"Värmlands län"
66392,Hammarö,,,,"Värmlands län"
68401,Munkfors,,,,"Värmlands län"
68421,Munkfors,,,,"Värmlands län"
68422,Munkfors,,,,"Värmlands län"
68423,Munkfors,,,,"Värmlands län"
68428,Munkfors,,,,"Värmlands län"
68429,Munkfors,,,,"Värmlands län"
68430,Munkfors,,,,"Värmlands län"
68431,Munkfors,,,,"Värmlands län"
68432,Munkfors,,,,"Värmlands län"
68491,Munkfors,,,,"Värmlands län"
68492,Munkfors,,,,"Värmlands län"
66701,Forshaga,,,,"Värmlands län"
66721,Forshaga,,,,"Värmlands län"
66722,Forshaga,,,,"Värmlands län"
66729,Forshaga,,,,"Värmlands län"
66730,Forshaga,,,,"Värmlands län"
66731,Forshaga,,,,"Värmlands län"
66732,Forshaga,,,,"Värmlands län"
66733,Forshaga,,,,"Värmlands län"
66734,Forshaga,,,,"Värmlands län"
66791,Forshaga,,,,"Värmlands län"
66921,Deje,,,,"Värmlands län"
66922,Deje,,,,"Värmlands län"
66927,Deje,,,,"Värmlands län"
66930,Deje,,,,"Värmlands län"
66931,Deje,,,,"Värmlands län"
66932,Deje,,,,"Värmlands län"
66991,Deje,,,,"Värmlands län"
68493,Ransäter,,,,"Värmlands län"
66040,Segmon,,,,"Värmlands län"
66401,Grums,,,,"Värmlands län"
66421,Grums,,,,"Värmlands län"
66422,Grums,,,,"Värmlands län"
66423,Grums,,,,"Värmlands län"
66428,Grums,,,,"Värmlands län"
66430,Grums,,,,"Värmlands län"
66431,Grums,,,,"Värmlands län"
66432,Grums,,,,"Värmlands län"
66433,Grums,,,,"Värmlands län"
66434,Grums,,,,"Värmlands län"
66440,Slottsbron,,,,"Värmlands län"
66480,Grums,,,,"Värmlands län"
66491,Grums,,,,"Värmlands län"
66496,Segmon,,,,"Värmlands län"
66693,Gustavsfors,,,,"Värmlands län"
67010,Töcksfors,,,,"Värmlands län"
67201,Årjäng,,,,"Värmlands län"
67202,Töcksfors,,,,"Värmlands län"
67221,Årjäng,,,,"Värmlands län"
67222,Årjäng,,,,"Värmlands län"
67223,Årjäng,,,,"Värmlands län"
67224,Årjäng,,,,"Värmlands län"
67229,Årjäng,,,,"Värmlands län"
67230,Årjäng,,,,"Värmlands län"
67231,Årjäng,,,,"Värmlands län"
67232,Årjäng,,,,"Värmlands län"
67241,Töckfors,,,,"Värmlands län"
67291,Årjäng,,,,"Värmlands län"
67292,Årjäng,,,,"Värmlands län"
67293,Årjäng,,,,"Värmlands län"
67294,Årjäng,,,,"Värmlands län"
67295,Årjäng,,,,"Värmlands län"
67296,Töcksfors,,,,"Värmlands län"
68601,Sunne,,,,"Värmlands län"
68621,Sunne,,,,"Värmlands län"
68622,Sunne,,,,"Värmlands län"
68623,Sunne,,,,"Värmlands län"
68624,Sunne,,,,"Värmlands län"
68625,Sunne,,,,"Värmlands län"
68626,Sunne,,,,"Värmlands län"
68628,Sunne,,,,"Värmlands län"
68629,Sunne,,,,"Värmlands län"
68630,Sunne,,,,"Värmlands län"
68631,Sunne,,,,"Värmlands län"
68633,Sunne,,,,"Värmlands län"
68635,Sunne,,,,"Värmlands län"
68680,Sunne,,,,"Värmlands län"
68691,Sunne,,,,"Värmlands län"
68692,Sunne,,,,"Värmlands län"
68693,Sunne,,,,"Värmlands län"
68694,Rottneros,,,,"Värmlands län"
68695,"Västra Ämtervik",,,,"Värmlands län"
68696,"Östra Ämtervik",,,,"Värmlands län"
68698,Gräsmark,,,,"Värmlands län"
65001,Karlstad,,,,"Värmlands län"
65002,Karlstad,,,,"Värmlands län"
65004,Karlstad,,,,"Värmlands län"
65005,Karlstad,,,,"Värmlands län"
65007,Karlstad,,,,"Värmlands län"
65008,Karlstad,,,,"Värmlands län"
65009,Karlstad,,,,"Värmlands län"
65012,Karlstad,,,,"Värmlands län"
65100,Karlstad,,,,"Värmlands län"
65101,Karlstad,,,,"Värmlands län"
65102,Karlstad,,,,"Värmlands län"
65103,Karlstad,,,,"Värmlands län"
65104,Karlstad,,,,"Värmlands län"
65105,Karlstad,,,,"Värmlands län"
65106,Karlstad,,,,"Värmlands län"
65107,Karlstad,,,,"Värmlands län"
65108,Karlstad,,,,"Värmlands län"
65109,Karlstad,,,,"Värmlands län"
65110,Karlstad,,,,"Värmlands län"
65111,Karlstad,,,,"Värmlands län"
65112,Karlstad,,,,"Värmlands län"
65113,Karlstad,,,,"Värmlands län"
65114,Karlstad,,,,"Värmlands län"
65115,Karlstad,,,,"Värmlands län"
65116,Karlstad,,,,"Värmlands län"
65119,Karlstad,,,,"Värmlands län"
65121,Karlstad,,,,"Värmlands län"
65122,Karlstad,,,,"Värmlands län"
65128,Karlstad,,,,"Värmlands län"
65180,Karlstad,,,,"Värmlands län"
65181,Karlstad,,,,"Värmlands län"
65182,Karlstad,,,,"Värmlands län"
65183,Karlstad,,,,"Värmlands län"
65184,Karlstad,,,,"Värmlands län"
65185,Karlstad,,,,"Värmlands län"
65186,Karlstad,,,,"Värmlands län"
65187,Karlstad,,,,"Värmlands län"
65188,Karlstad,,,,"Värmlands län"
65189,Karlstad,,,,"Värmlands län"
65201,Karlstad,,,,"Värmlands län"
65210,Karlstad,,,,"Värmlands län"
65211,Karlstad,,,,"Värmlands län"
65212,Karlstad,,,,"Värmlands län"
65213,Karlstad,,,,"Värmlands län"
65214,Karlstad,,,,"Värmlands län"
65215,Karlstad,,,,"Värmlands län"
65216,Karlstad,,,,"Värmlands län"
65217,Karlstad,,,,"Värmlands län"
65218,Karlstad,,,,"Värmlands län"
65219,Karlstad,,,,"Värmlands län"
65220,Karlstad,,,,"Värmlands län"
65221,Karlstad,,,,"Värmlands län"
65222,Karlstad,,,,"Värmlands län"
65223,Karlstad,,,,"Värmlands län"
65224,Karlstad,,,,"Värmlands län"
65225,Karlstad,,,,"Värmlands län"
65226,Karlstad,,,,"Värmlands län"
65227,Karlstad,,,,"Värmlands län"
65228,Karlstad,,,,"Värmlands län"
65229,Karlstad,,,,"Värmlands län"
65230,Karlstad,,,,"Värmlands län"
65231,Karlstad,,,,"Värmlands län"
65232,Karlstad,,,,"Värmlands län"
65233,Karlstad,,,,"Värmlands län"
65301,Karlstad,,,,"Värmlands län"
65336,Karlstad,,,,"Värmlands län"
65337,Karlstad,,,,"Värmlands län"
65338,Karlstad,,,,"Värmlands län"
65339,Karlstad,,,,"Värmlands län"
65340,Karlstad,,,,"Värmlands län"
65341,Karlstad,,,,"Värmlands län"
65342,Karlstad,,,,"Värmlands län"
65343,Karlstad,,,,"Värmlands län"
65344,Karlstad,,,,"Värmlands län"
65345,Karlstad,,,,"Värmlands län"
65346,Karlstad,,,,"Värmlands län"
65347,Karlstad,,,,"Värmlands län"
65348,Karlstad,,,,"Värmlands län"
65349,Karlstad,,,,"Värmlands län"
65350,Karlstad,,,,"Värmlands län"
65351,Karlstad,,,,"Värmlands län"
65352,Karlstad,,,,"Värmlands län"
65401,Karlstad,,,,"Värmlands län"
65455,Karlstad,,,,"Värmlands län"
65457,Karlstad,,,,"Värmlands län"
65458,Karlstad,,,,"Värmlands län"
65459,Karlstad,,,,"Värmlands län"
65460,Karlstad,,,,"Värmlands län"
65461,Karlstad,,,,"Värmlands län"
65462,Karlstad,,,,"Värmlands län"
65463,Karlstad,,,,"Värmlands län"
65464,Karlstad,,,,"Värmlands län"
65465,Karlstad,,,,"Värmlands län"
65466,Karlstad,,,,"Värmlands län"
65467,Karlstad,,,,"Värmlands län"
65468,Karlstad,,,,"Värmlands län"
65469,Karlstad,,,,"Värmlands län"
65502,Molkom,,,,"Värmlands län"
65560,Molkum,,,,"Värmlands län"
65561,Molkom,,,,"Värmlands län"
65591,Karlstad,,,,"Värmlands län"
65592,Karlstad,,,,"Värmlands län"
65593,Karlstad,,,,"Värmlands län"
65594,Karlstad,,,,"Värmlands län"
65595,Väse,,,,"Värmlands län"
65596,Väse,,,,"Värmlands län"
65597,Molkom,,,,"Värmlands län"
65598,Molkom,,,,"Värmlands län"
65601,Karlstad,,,,"Värmlands län"
65629,Karlstad,,,,"Värmlands län"
65631,Karlstad,,,,"Värmlands län"
65632,Karlstad,,,,"Värmlands län"
65633,Karlstad,,,,"Värmlands län"
65634,Karlstad,,,,"Värmlands län"
65635,Karlstad,,,,"Värmlands län"
65636,Karlstad,,,,"Värmlands län"
65637,Karlstad,,,,"Värmlands län"
65638,Karlstad,,,,"Värmlands län"
65639,Karlstad,,,,"Värmlands län"
65671,Skattkärr,,,,"Värmlands län"
65672,Skattkärr,,,,"Värmlands län"
66050,Vålberg,,,,"Värmlands län"
66052,Edsvalla,,,,"Värmlands län"
66450,Vålberg,,,,"Värmlands län"
66451,Vålberg,,,,"Värmlands län"
66452,Vålberg,,,,"Värmlands län"
66493,Edsvalla,,,,"Värmlands län"
66494,Vålberg,,,,"Värmlands län"
66594,Fagerås,,,,"Värmlands län"
66992,Deje,,,,"Värmlands län"
66057,Väse,,,,"Värmlands län"
68071,Björneborg,,,,"Värmlands län"
68101,Kristinehamn,,,,"Värmlands län"
68104,Kristinehamn,,,,"Värmlands län"
68106,Kristinehamn,,,,"Värmlands län"
68110,Kristinehamn,,,,"Värmlands län"
68121,Kristinehamn,,,,"Värmlands län"
68122,Kristinehamn,,,,"Värmlands län"
68123,Kristinehamn,,,,"Värmlands län"
68124,Kristinehamn,,,,"Värmlands län"
68125,Kristinehamn,,,,"Värmlands län"
68126,Kristinehamn,,,,"Värmlands län"
68127,Kristinehamn,,,,"Värmlands län"
68128,Kristinehamn,,,,"Värmlands län"
68129,Kristinehamn,,,,"Värmlands län"
68130,Kristinehamn,,,,"Värmlands län"
68131,Kristinehamn,,,,"Värmlands län"
68132,Kristinehamn,,,,"Värmlands län"
68133,Kristinehamn,,,,"Värmlands län"
68134,Kristinehamn,,,,"Värmlands län"
68135,Kristinehamn,,,,"Värmlands län"
68136,Kristinehamn,,,,"Värmlands län"
68137,Kristinehamn,,,,"Värmlands län"
68138,Kristinehamn,,,,"Värmlands län"
68140,Kristinehamn,,,,"Värmlands län"
68141,Kristinehamn,,,,"Värmlands län"
68142,Kristinehamn,,,,"Värmlands län"
68143,Kristinehamn,,,,"Värmlands län"
68150,Kristinehamn,,,,"Värmlands län"
68151,Kristinehamn,,,,"Värmlands län"
68152,Kristinehamn,,,,"Värmlands län"
68153,Kristinehamn,,,,"Värmlands län"
68154,Kristinehamn,,,,"Värmlands län"
68155,Kristinehamn,,,,"Värmlands län"
68160,Kristinehamn,,,,"Värmlands län"
68161,Björneborg,,,,"Värmlands län"
68180,Kristinehamn,,,,"Värmlands län"
68182,Kristinehamn,,,,"Värmlands län"
68183,Kristinehamn,,,,"Värmlands län"
68184,Kristinehamn,,,,"Värmlands län"
68191,Kristinehamn,,,,"Värmlands län"
68192,Kristinehamn,,,,"Värmlands län"
68193,Kristinehamn,,,,"Värmlands län"
68194,Kristinehamn,,,,"Värmlands län"
68195,Kristinehamn,,,,"Värmlands län"
68196,Kristinehamn,,,,"Värmlands län"
66060,Molkom,,,,"Värmlands län"
68090,Nykroppa,,,,"Värmlands län"
68096,Lesjöfors,,,,"Värmlands län"
68201,Filipstad,,,,"Värmlands län"
68203,Lesjöfors,,,,"Värmlands län"
68204,Nykroppa,,,,"Värmlands län"
68221,Filipstad,,,,"Värmlands län"
68222,Filipstad,,,,"Värmlands län"
68223,Filipstad,,,,"Värmlands län"
68224,Filipstad,,,,"Värmlands län"
68227,Filipstad,,,,"Värmlands län"
68230,Filipstad,,,,"Värmlands län"
68231,Filipstad,,,,"Värmlands län"
68232,Filipstad,,,,"Värmlands län"
68233,Filipstad,,,,"Värmlands län"
68234,Filipstad,,,,"Värmlands län"
68240,Filipstad,,,,"Värmlands län"
68260,Lesjöfors,,,,"Värmlands län"
68282,Filipstad,,,,"Värmlands län"
68290,Nykroppa,,,,"Värmlands län"
68291,Filipstad,,,,"Värmlands län"
68292,Filipstad,,,,"Värmlands län"
68293,Nordmarkshyttan,,,,"Värmlands län"
68294,Lesjöfors,,,,"Värmlands län"
68050,Ekshärad,,,,"Värmlands län"
68301,Hagfors,,,,"Värmlands län"
68302,Ekshärad,,,,"Värmlands län"
68321,Hagfors,,,,"Värmlands län"
68322,Hagfors,,,,"Värmlands län"
68323,Hagfors,,,,"Värmlands län"
68324,Hagfors,,,,"Värmlands län"
68329,Hagfors,,,,"Värmlands län"
68330,Hagfors,,,,"Värmlands län"
68331,Hagfors,,,,"Värmlands län"
68332,Hagfors,,,,"Värmlands län"
68333,Hagfors,,,,"Värmlands län"
68334,Hagfors,,,,"Värmlands län"
68340,Uddeholm,,,,"Värmlands län"
68360,Ekshärad,,,,"Värmlands län"
68361,Ekshärad,,,,"Värmlands län"
68362,Ekshärad,,,,"Värmlands län"
68380,Hagfors,,,,"Värmlands län"
68385,Hagfors,,,,"Värmlands län"
68391,Hagfors,,,,"Värmlands län"
68392,Hagfors,,,,"Värmlands län"
68393,Råda,,,,"Värmlands län"
68394,Lakene,,,,"Värmlands län"
68395,Sunnemo,,,,"Värmlands län"
68495,Höje,,,,"Värmlands län"
68697,Lysvik,,,,"Värmlands län"
67020,Glava,,,,"Värmlands län"
67035,Gunnarskog,,,,"Värmlands län"
67040,Åmotfors,,,,"Värmlands län"
67101,Arvika,,,,"Värmlands län"
67121,Arvika,,,,"Värmlands län"
67122,Arvika,,,,"Värmlands län"
67123,Arvika,,,,"Värmlands län"
67124,Arvika,,,,"Värmlands län"
67125,Arvika,,,,"Värmlands län"
67126,Arvika,,,,"Värmlands län"
67127,Arvika,,,,"Värmlands län"
67129,Arvika,,,,"Värmlands län"
67130,Arvika,,,,"Värmlands län"
67131,Arvika,,,,"Värmlands län"
67132,Arvika,,,,"Värmlands län"
67133,Arvika,,,,"Värmlands län"
67134,Arvika,,,,"Värmlands län"
67140,Arvika,,,,"Värmlands län"
67141,Arvika,,,,"Värmlands län"
67142,Arvika,,,,"Värmlands län"
67150,Arvika,,,,"Värmlands län"
67151,Arvika,,,,"Värmlands län"
67152,Arvika,,,,"Värmlands län"
67160,Arvika,,,,"Värmlands län"
67170,Edane,,,,"Värmlands län"
67180,Arvika,,,,"Värmlands län"
67181,Arvika,,,,"Värmlands län"
67182,Arvika,,,,"Värmlands län"
67191,Arvika,,,,"Värmlands län"
67192,Arvika,,,,"Värmlands län"
67193,Arvika,,,,"Värmlands län"
67194,Brunskog,,,,"Värmlands län"
67195,Klässbol,,,,"Värmlands län"
67196,Mangskog,,,,"Värmlands län"
67197,Glava,,,,"Värmlands län"
67198,Gunnarskog,,,,"Värmlands län"
67302,Åmotfors,,,,"Värmlands län"
67334,Åmotfors,,,,"Värmlands län"
67335,Åmotfors,,,,"Värmlands län"
67391,Charlottenberg,,,,"Värmlands län"
67396,Åmotfors,,,,"Värmlands län"
67397,Åmotfors,,,,"Värmlands län"
66100,Säffle,,,,"Värmlands län"
66121,Säffle,,,,"Värmlands län"
66122,Säffle,,,,"Värmlands län"
66123,Säffle,,,,"Värmlands län"
66124,Säffle,,,,"Värmlands län"
66125,Säffle,,,,"Värmlands län"
66126,Säffle,,,,"Värmlands län"
66129,Säffle,,,,"Värmlands län"
66130,Säffle,,,,"Värmlands län"
66131,Säffle,,,,"Värmlands län"
66132,Säffle,,,,"Värmlands län"
66133,Säffle,,,,"Värmlands län"
66140,Säffle,,,,"Värmlands län"
66141,Säffle,,,,"Värmlands län"
66142,Säffle,,,,"Värmlands län"
66143,Säffle,,,,"Värmlands län"
66180,Säffle,,,,"Värmlands län"
66181,Säffle,,,,"Värmlands län"
66191,Säffle,,,,"Värmlands län"
66192,Säffle,,,,"Värmlands län"
66193,Säffle,,,,"Värmlands län"
66194,Säffle,,,,"Värmlands län"
66195,"Värmlands Nysäter",,,,"Värmlands län"
66196,Långserud,,,,"Värmlands län"
66203,Svanskog,,,,"Värmlands län"
66250,Svanskog,,,,"Värmlands län"
66296,Svanskog,,,,"Värmlands län"
66492,Värmskog,,,,"Värmlands län"
66495,Borgvik,,,,"Värmlands län"
65800,Karlstad,,,,"Värmlands län"
65810,Karlstad,,,,"Värmlands län"
65811,Karlstad,,,,"Värmlands län"
65812,Karlstad,,,,"Värmlands län"
65813,Karlstad,,,,"Värmlands län"
65814,Karlstad,,,,"Värmlands län"
65815,Karlstad,,,,"Värmlands län"
65816,Karlstad,,,,"Värmlands län"
65817,Karlstad,,,,"Värmlands län"
65818,Karlstad,,,,"Värmlands län"
65819,Karlstad,,,,"Värmlands län"
65820,Karlstad,,,,"Värmlands län"
65997,Karlstad,,,,"Värmlands län"
65998,Karlstad,,,,"Värmlands län"
65999,Karlstad,,,,"Värmlands län"
66120,Säffle,,,,"Värmlands län"
66320,Skoghall,,,,"Värmlands län"
66420,Grums,,,,"Värmlands län"
66520,Kil,,,,"Värmlands län"
66720,Forshaga,,,,"Värmlands län"
66920,Deje,,,,"Värmlands län"
67120,Arvika,,,,"Värmlands län"
67220,Årjäng,,,,"Värmlands län"
67320,Charlottenberg,,,,"Värmlands län"
68120,Kristinehamn,,,,"Värmlands län"
68185,Kristinehamn,,,,"Värmlands län"
68220,Filipstad,,,,"Värmlands län"
68320,Hagfors,,,,"Värmlands län"
68420,Munkfors,,,,"Värmlands län"
68520,Torsby,,,,"Värmlands län"
68620,Sunne,,,,"Värmlands län"
68634,Sunne,,,,"Värmlands län"
71601,Fjugesta,,,,"Örebro län"
71621,Fjugesta,,,,"Örebro län"
71630,Fjugesta,,,,"Örebro län"
71631,Fjugesta,,,,"Örebro län"
71681,Fjugesta,,,,"Örebro län"
71693,Fjugesta,,,,"Örebro län"
71694,Mullhyttan,,,,"Örebro län"
54874,Gårdsjö,,,,"Örebro län"
69501,Laxå,,,,"Örebro län"
69521,Laxå,,,,"Örebro län"
69522,Laxå,,,,"Örebro län"
69529,Laxå,,,,"Örebro län"
69530,Laxå,,,,"Örebro län"
69531,Laxå,,,,"Örebro län"
69532,Laxå,,,,"Örebro län"
69550,Finnerödja,,,,"Örebro län"
69560,Hasselfors,,,,"Örebro län"
69572,Röfors,,,,"Örebro län"
69580,Laxå,,,,"Örebro län"
69581,Laxå,,,,"Örebro län"
69582,Laxå,,,,"Örebro län"
69584,Hasselfors,,,,"Örebro län"
69585,Hasselfors,,,,"Örebro län"
69591,Laxå,,,,"Örebro län"
69592,Laxå,,,,"Örebro län"
69593,Finnerödja,,,,"Örebro län"
69594,Finnerödja,,,,"Örebro län"
69595,Hasselfors,,,,"Örebro län"
69596,Tived,,,,"Örebro län"
69597,Tived,,,,"Örebro län"
61010,Ljusfallshammar,,,,"Örebro län"
61273,Ljusfallshammar,,,,"Örebro län"
69400,Hallsberg,,,,"Örebro län"
69401,Hallsberg,,,,"Örebro län"
69402,Hallsberg,,,,"Örebro län"
69421,Hallsberg,,,,"Örebro län"
69422,Hallsberg,,,,"Örebro län"
69423,Hallsberg,,,,"Örebro län"
69424,Hallsberg,,,,"Örebro län"
69430,Hallsberg,,,,"Örebro län"
69431,Hallsberg,,,,"Örebro län"
69432,Hallsberg,,,,"Örebro län"
69433,Hallsberg,,,,"Örebro län"
69434,Hallsberg,,,,"Örebro län"
69435,Hallsberg,,,,"Örebro län"
69436,Hallsberg,,,,"Örebro län"
69437,Hallsberg,,,,"Örebro län"
69450,Vretstorp,,,,"Örebro län"
69472,Östansjö,,,,"Örebro län"
69480,Hallsberg,,,,"Örebro län"
69481,Hallsberg,,,,"Örebro län"
69482,Hallsberg,,,,"Örebro län"
69483,Hallsberg,,,,"Örebro län"
69491,Hallsberg,,,,"Örebro län"
69492,Hallsberg,,,,"Örebro län"
69495,Vretstorp,,,,"Örebro län"
69497,RÖNNESHYTTA,,,,"Örebro län"
69498,Närkesberg,,,,"Örebro län"
69499,Skyllberg,,,,"Örebro län"
69721,Pålsboda,,,,"Örebro län"
69722,Pålsboda,,,,"Örebro län"
69730,Pålsboda,,,,"Örebro län"
69731,Pålsboda,,,,"Örebro län"
69732,Pålsboda,,,,"Örebro län"
69774,Sköllersta,,,,"Örebro län"
69780,Sköllersta,,,,"Örebro län"
69792,Pålsboda,,,,"Örebro län"
69793,Hjortkvarn,,,,"Örebro län"
69301,Degerfors,,,,"Örebro län"
69303,Svartå,,,,"Örebro län"
69321,Degerfors,,,,"Örebro län"
69322,Degerfors,,,,"Örebro län"
69329,Degerfors,,,,"Örebro län"
69330,Degerfors,,,,"Örebro län"
69331,Degerfors,,,,"Örebro län"
69332,Degerfors,,,,"Örebro län"
69333,Degerfors,,,,"Örebro län"
69334,Degerfors,,,,"Örebro län"
69335,Degerfors,,,,"Örebro län"
69370,Åtorp,,,,"Örebro län"
69373,Svartå,,,,"Örebro län"
69380,Degerfors,,,,"Örebro län"
69381,Degerfors,,,,"Örebro län"
69391,Degerfors,,,,"Örebro län"
69392,Degerfors,,,,"Örebro län"
69393,Svartå,,,,"Örebro län"
69394,Åtorp,,,,"Örebro län"
69395,Åtorp,,,,"Örebro län"
71201,Hällefors,,,,"Örebro län"
71202,Grythyttan,,,,"Örebro län"
71221,Hällefors,,,,"Örebro län"
71222,Hällefors,,,,"Örebro län"
71230,Hällefors,,,,"Örebro län"
71231,Hällefors,,,,"Örebro län"
71232,Hällefors,,,,"Örebro län"
71233,Hällefors,,,,"Örebro län"
71234,Hällefors,,,,"Örebro län"
71260,Grythyttan,,,,"Örebro län"
71280,Hällefors,,,,"Örebro län"
71281,Grythyttan,,,,"Örebro län"
71282,Grythyttan,,,,"Örebro län"
71283,Hällefors,,,,"Örebro län"
71291,Hällefors,,,,"Örebro län"
71293,Hällefors,,,,"Örebro län"
71294,Grythyttan,,,,"Örebro län"
71295,Grythyttan,,,,"Örebro län"
71401,Kopparberg,,,,"Örebro län"
71421,Kopparberg,,,,"Örebro län"
71422,Kopparberg,,,,"Örebro län"
71430,Kopparberg,,,,"Örebro län"
71431,Kopparberg,,,,"Örebro län"
71432,Kopparberg,,,,"Örebro län"
71433,Kopparberg,,,,"Örebro län"
71434,Kopparberg,,,,"Örebro län"
71435,Kopparberg,,,,"Örebro län"
71436,Kopparberg,,,,"Örebro län"
71437,Kopparberg,,,,"Örebro län"
71472,Ställdalen,,,,"Örebro län"
71480,Kopparberg,,,,"Örebro län"
71481,Ställdalen,,,,"Örebro län"
71482,Kopparberg,,,,"Örebro län"
71492,Kopparberg,,,,"Örebro län"
77294,Grängesberg,,,,"Örebro län"
64010,Högsjö,,,,"Örebro län"
64362,Högsjö,,,,"Örebro län"
64399,Högsjö,,,,"Örebro län"
70002,Örebro,,,,"Örebro län"
70005,Örebro,,,,"Örebro län"
70006,Örebro,,,,"Örebro län"
70008,Örebro,,,,"Örebro län"
70009,Örebro,,,,"Örebro län"
70010,Örebro,,,,"Örebro län"
70012,Örebro,,,,"Örebro län"
70013,Örebro,,,,"Örebro län"
70014,Örebro,,,,"Örebro län"
70015,Örebro,,,,"Örebro län"
70100,Örebro,,,,"Örebro län"
70101,Örebro,,,,"Örebro län"
70110,Örebro,,,,"Örebro län"
70111,Örebro,,,,"Örebro län"
70112,Örebro,,,,"Örebro län"
70113,Örebro,,,,"Örebro län"
70114,Örebro,,,,"Örebro län"
70115,Örebro,,,,"Örebro län"
70116,Örebro,,,,"Örebro län"
70117,Örebro,,,,"Örebro län"
70118,Örebro,,,,"Örebro län"
70119,Örebro,,,,"Örebro län"
70121,Örebro,,,,"Örebro län"
70122,Örebro,,,,"Örebro län"
70123,Örebro,,,,"Örebro län"
70130,Örebro,,,,"Örebro län"
70131,Örebro,,,,"Örebro län"
70132,Örebro,,,,"Örebro län"
70133,Örebro,,,,"Örebro län"
70134,Örebro,,,,"Örebro län"
70135,Örebro,,,,"Örebro län"
70140,Örebro,,,,"Örebro län"
70141,Örebro,,,,"Örebro län"
70142,Örebro,,,,"Örebro län"
70143,Örebro,,,,"Örebro län"
70144,Örebro,,,,"Örebro län"
70145,Örebro,,,,"Örebro län"
70146,Örebro,,,,"Örebro län"
70147,Örebro,,,,"Örebro län"
70148,Örebro,,,,"Örebro län"
70149,Örebro,,,,"Örebro län"
70150,Örebro,,,,"Örebro län"
70151,Örebro,,,,"Örebro län"
70171,Örebro,,,,"Örebro län"
70179,Örebro,,,,"Örebro län"
70180,Örebro,,,,"Örebro län"
70181,Örebro,,,,"Örebro län"
70182,Örebro,,,,"Örebro län"
70183,Örebro,,,,"Örebro län"
70184,Örebro,,,,"Örebro län"
70185,Örebro,,,,"Örebro län"
70186,Örebro,,,,"Örebro län"
70187,Örebro,,,,"Örebro län"
70188,Örebro,,,,"Örebro län"
70189,Örebro,,,,"Örebro län"
70190,Örebro,,,,"Örebro län"
70191,Örebro,,,,"Örebro län"
70192,Örebro,,,,"Örebro län"
70193,Örebro,,,,"Örebro län"
70196,Örebro,,,,"Örebro län"
70197,Örebro,,,,"Örebro län"
70198,Örebro,,,,"Örebro län"
70199,Örebro,,,,"Örebro län"
70201,Örebro,,,,"Örebro län"
70202,Örebro,,,,"Örebro län"
70203,Örebro,,,,"Örebro län"
70204,Örebro,,,,"Örebro län"
70205,Örebro,,,,"Örebro län"
70208,Örebro,,,,"Örebro län"
70210,Örebro,,,,"Örebro län"
70211,Örebro,,,,"Örebro län"
70212,Örebro,,,,"Örebro län"
70213,Örebro,,,,"Örebro län"
70214,Örebro,,,,"Örebro län"
70215,Örebro,,,,"Örebro län"
70216,Örebro,,,,"Örebro län"
70217,Örebro,,,,"Örebro län"
70218,Örebro,,,,"Örebro län"
70219,Örebro,,,,"Örebro län"
70220,Örebro,,,,"Örebro län"
70221,Örebro,,,,"Örebro län"
70222,Örebro,,,,"Örebro län"
70223,Örebro,,,,"Örebro län"
70224,Örebro,,,,"Örebro län"
70225,Örebro,,,,"Örebro län"
70226,Örebro,,,,"Örebro län"
70227,Örebro,,,,"Örebro län"
70228,Örebro,,,,"Örebro län"
70229,Örebro,,,,"Örebro län"
70230,Örebro,,,,"Örebro län"
70231,Örebro,,,,"Örebro län"
70232,Örebro,,,,"Örebro län"
70233,Örebro,,,,"Örebro län"
70234,Örebro,,,,"Örebro län"
70235,Örebro,,,,"Örebro län"
70236,Örebro,,,,"Örebro län"
70240,Örebro,,,,"Örebro län"
70241,Örebro,,,,"Örebro län"
70242,Örebro,,,,"Örebro län"
70243,Örebro,,,,"Örebro län"
70252,Örebro,,,,"Örebro län"
70254,Örebro,,,,"Örebro län"
70280,Örebro,,,,"Örebro län"
70283,Örebro,,,,"Örebro län"
70284,Örebro,,,,"Örebro län"
70285,Örebro,,,,"Örebro län"
70287,Örebro,,,,"Örebro län"
70298,Örebro,,,,"Örebro län"
70299,Örebro,,,,"Örebro län"
70301,Örebro,,,,"Örebro län"
70339,Örebro,,,,"Örebro län"
70340,Örebro,,,,"Örebro län"
70341,Örebro,,,,"Örebro län"
70342,Örebro,,,,"Örebro län"
70343,Örebro,,,,"Örebro län"
70344,Örebro,,,,"Örebro län"
70345,Örebro,,,,"Örebro län"
70346,Örebro,,,,"Örebro län"
70347,Örebro,,,,"Örebro län"
70348,Örebro,,,,"Örebro län"
70349,Örebro,,,,"Örebro län"
70350,Örebro,,,,"Örebro län"
70351,Örebro,,,,"Örebro län"
70352,Örebro,,,,"Örebro län"
70353,Örebro,,,,"Örebro län"
70354,Örebro,,,,"Örebro län"
70355,Örebro,,,,"Örebro län"
70356,Örebro,,,,"Örebro län"
70357,Örebro,,,,"Örebro län"
70358,Örebro,,,,"Örebro län"
70359,Örebro,,,,"Örebro län"
70360,Örebro,,,,"Örebro län"
70361,Örebro,,,,"Örebro län"
70362,Örebro,,,,"Örebro län"
70363,Örebro,,,,"Örebro län"
70364,Örebro,,,,"Örebro län"
70365,Örebro,,,,"Örebro län"
70366,Örebro,,,,"Örebro län"
70367,Örebro,,,,"Örebro län"
70368,Örebro,,,,"Örebro län"
70369,Örebro,,,,"Örebro län"
70370,Örebro,,,,"Örebro län"
70371,Örebro,,,,"Örebro län"
70372,Örebro,,,,"Örebro län"
70373,Örebro,,,,"Örebro län"
70374,Örebro,,,,"Örebro län"
70375,Örebro,,,,"Örebro län"
70376,Örebro,,,,"Örebro län"
70378,Örebro,,,,"Örebro län"
70380,Örebro,,,,"Örebro län"
70382,Örebro,,,,"Örebro län"
70383,Örebro,,,,"Örebro län"
70385,Glanshammar,,,,"Örebro län"
70591,Örebro,,,,"Örebro län"
70592,Örebro,,,,"Örebro län"
70593,Örebro,,,,"Örebro län"
70594,Örebro,,,,"Örebro län"
70595,Örebro,,,,"Örebro län"
70596,Glanshammar,,,,"Örebro län"
70597,Glanshammar,,,,"Örebro län"
70598,Lillkyrka,,,,"Örebro län"
71501,Odensbacken,,,,"Örebro län"
71521,Odensbacken,,,,"Örebro län"
71531,Odensbacken,,,,"Örebro län"
71532,Odensbacken,,,,"Örebro län"
71572,"Stora Mellösa",,,,"Örebro län"
71591,Odensbacken,,,,"Örebro län"
71592,"Stora Mellösa",,,,"Örebro län"
71593,Odensbacken,,,,"Örebro län"
71594,Odensbacken,,,,"Örebro län"
71595,Kilsmo,,,,"Örebro län"
71596,"Brevens Bruk",,,,"Örebro län"
71692,Fjugesta,,,,"Örebro län"
71840,Dyltabruk,,,,"Örebro län"
71895,Ervalla,,,,"Örebro län"
71896,Dyltabruk,,,,"Örebro län"
71897,Dyltabruk,,,,"Örebro län"
71921,Vintrosa,,,,"Örebro län"
71922,Vintrosa,,,,"Örebro län"
71930,Vintrosa,,,,"Örebro län"
71931,Vintrosa,,,,"Örebro län"
71932,Vintrosa,,,,"Örebro län"
71940,Garphyttan,,,,"Örebro län"
71941,Garphyttan,,,,"Örebro län"
71980,Garphyttan,,,,"Örebro län"
71991,Vintrosa,,,,"Örebro län"
71992,Vintrosa,,,,"Örebro län"
71993,Vintrosa,,,,"Örebro län"
71994,Vintrosa,,,,"Örebro län"
71995,Vintrosa,,,,"Örebro län"
69201,Kumla,,,,"Örebro län"
69221,Kumla,,,,"Örebro län"
69222,Kumla,,,,"Örebro län"
69223,Kumla,,,,"Örebro län"
69224,Kumla,,,,"Örebro län"
69225,Kumla,,,,"Örebro län"
69229,Kumla,,,,"Örebro län"
69230,Kumla,,,,"Örebro län"
69231,Kumla,,,,"Örebro län"
69232,Kumla,,,,"Örebro län"
69233,Kumla,,,,"Örebro län"
69234,Kumla,,,,"Örebro län"
69235,Kumla,,,,"Örebro län"
69236,Kumla,,,,"Örebro län"
69237,Kumla,,,,"Örebro län"
69238,Kumla,,,,"Örebro län"
69272,Kumla,,,,"Örebro län"
69273,Kumla,,,,"Örebro län"
69275,Kumla,,,,"Örebro län"
69280,Kumla,,,,"Örebro län"
69281,Kumla,,,,"Örebro län"
69282,Kumla,,,,"Örebro län"
69283,Kumla,,,,"Örebro län"
69284,Kumla,,,,"Örebro län"
69285,Kumla,,,,"Örebro län"
69291,Kumla,,,,"Örebro län"
69292,Kumla,,,,"Örebro län"
69293,Kumla,,,,"Örebro län"
69493,Östansjö,,,,"Örebro län"
69791,Pålsboda,,,,"Örebro län"
69794,Sköllersta,,,,"Örebro län"
71691,Fjugesta,,,,"Örebro län"
69045,Åsbro,,,,"Örebro län"
69460,Åsbro,,,,"Örebro län"
69494,Vretstorp,,,,"Örebro län"
69496,Åsbro,,,,"Örebro län"
69601,Askersund,,,,"Örebro län"
69621,Askersund,,,,"Örebro län"
69622,Askersund,,,,"Örebro län"
69623,Askersund,,,,"Örebro län"
69630,Askersund,,,,"Örebro län"
69631,Askersund,,,,"Örebro län"
69632,Askersund,,,,"Örebro län"
69633,Askersund,,,,"Örebro län"
69634,Askersund,,,,"Örebro län"
69673,Aspabruk,,,,"Örebro län"
69674,Hammar,,,,"Örebro län"
69675,Åmmeberg,,,,"Örebro län"
69676,Zinkgruvan,,,,"Örebro län"
69680,Aspabruk,,,,"Örebro län"
69681,Zinkgruvan,,,,"Örebro län"
69682,Askersund,,,,"Örebro län"
69691,Askersund,,,,"Örebro län"
69692,Askersund,,,,"Örebro län"
69693,Aspabruk,,,,"Örebro län"
69694,Hammar,,,,"Örebro län"
69695,Åmmeberg,,,,"Örebro län"
69696,Zinkgruvan,,,,"Örebro län"
69697,Mariedamm,,,,"Örebro län"
69101,Karlskoga,,,,"Örebro län"
69102,Karlskoga,,,,"Örebro län"
69105,Karlskoga,,,,"Örebro län"
69110,Karlskoga,,,,"Örebro län"
69121,Karlskoga,,,,"Örebro län"
69122,Karlskoga,,,,"Örebro län"
69123,Karlskoga,,,,"Örebro län"
69124,Karlskoga,,,,"Örebro län"
69125,Karlskoga,,,,"Örebro län"
69126,Karlskoga,,,,"Örebro län"
69127,Karlskoga,,,,"Örebro län"
69131,Karlskoga,,,,"Örebro län"
69132,Karlskoga,,,,"Örebro län"
69133,Karlskoga,,,,"Örebro län"
69134,Karlskoga,,,,"Örebro län"
69135,Karlskoga,,,,"Örebro län"
69136,Karlskoga,,,,"Örebro län"
69137,Karlskoga,,,,"Örebro län"
69138,Karlskoga,,,,"Örebro län"
69141,Karlskoga,,,,"Örebro län"
69142,Karlskoga,,,,"Örebro län"
69143,Karlskoga,,,,"Örebro län"
69144,Karlskoga,,,,"Örebro län"
69145,Karlskoga,,,,"Örebro län"
69146,Karlskoga,,,,"Örebro län"
69147,Karlskoga,,,,"Örebro län"
69148,Karlskoga,,,,"Örebro län"
69151,Karlskoga,,,,"Örebro län"
69152,Karlskoga,,,,"Örebro län"
69153,Karlskoga,,,,"Örebro län"
69154,Karlskoga,,,,"Örebro län"
69175,Karlskoga,,,,"Örebro län"
69176,Karlskoga,,,,"Örebro län"
69177,Karlskoga,,,,"Örebro län"
69178,Karlskoga,,,,"Örebro län"
69179,Karlskoga,,,,"Örebro län"
69180,Karlskoga,,,,"Örebro län"
69181,Karlskoga,,,,"Örebro län"
69182,Karlskoga,,,,"Örebro län"
69183,Karlskoga,,,,"Örebro län"
69185,Karlskoga,,,,"Örebro län"
69186,Karlskoga,,,,"Örebro län"
69188,Karlskoga,,,,"Örebro län"
69191,Karlskoga,,,,"Örebro län"
69193,Karlskoga,,,,"Örebro län"
69194,Karlskoga,,,,"Örebro län"
69192,Granbergsdal,,,,"Örebro län"
71301,Nora,,,,"Örebro län"
71321,Nora,,,,"Örebro län"
71322,Nora,,,,"Örebro län"
71323,Nora,,,,"Örebro län"
71330,Nora,,,,"Örebro län"
71331,Nora,,,,"Örebro län"
71332,Nora,,,,"Örebro län"
71333,Nora,,,,"Örebro län"
71334,Nora,,,,"Örebro län"
71372,Gyttorp,,,,"Örebro län"
71380,Nora,,,,"Örebro län"
71381,Nora,,,,"Örebro län"
71382,Nora,,,,"Örebro län"
71391,Nora,,,,"Örebro län"
71392,Gyttorp,,,,"Örebro län"
71393,Nora,,,,"Örebro län"
71394,Nora,,,,"Örebro län"
71101,Lindesberg,,,,"Örebro län"
71102,Lindesberg,,,,"Örebro län"
71104,Storå,,,,"Örebro län"
71121,Lindesberg,,,,"Örebro län"
71122,Lindesberg,,,,"Örebro län"
71123,Lindesberg,,,,"Örebro län"
71124,Lindesberg,,,,"Örebro län"
71130,Lindesberg,,,,"Örebro län"
71131,Lindesberg,,,,"Örebro län"
71132,Lindesberg,,,,"Örebro län"
71133,Lindesberg,,,,"Örebro län"
71134,Lindesberg,,,,"Örebro län"
71135,Lindesberg,,,,"Örebro län"
71136,Lindesberg,,,,"Örebro län"
71172,Vedevåg,,,,"Örebro län"
71176,Storå,,,,"Örebro län"
71177,Stråssa,,,,"Örebro län"
71178,Guldsmedshyttan,,,,"Örebro län"
71180,Lindesberg,,,,"Örebro län"
71181,Lindesberg,,,,"Örebro län"
71182,Lindesberg,,,,"Örebro län"
71191,Lindesberg,,,,"Örebro län"
71192,Vedevåg,,,,"Örebro län"
71193,Lindesberg,,,,"Örebro län"
71194,Lindesberg,,,,"Örebro län"
71195,Gusselby,,,,"Örebro län"
71196,Storå,,,,"Örebro län"
71197,Storå,,,,"Örebro län"
71198,Ramsberg,,,,"Örebro län"
71491,Kopparberg,,,,"Örebro län"
71493,Kopparberg,,,,"Örebro län"
71494,Kopparberg,,,,"Örebro län"
71801,Frövi,,,,"Örebro län"
71821,Frövi,,,,"Örebro län"
71822,Frövi,,,,"Örebro län"
71830,Frövi,,,,"Örebro län"
71831,Frövi,,,,"Örebro län"
71832,Frövi,,,,"Örebro län"
71833,Frövi,,,,"Örebro län"
71880,Frövi,,,,"Örebro län"
71881,Frövi,,,,"Örebro län"
71891,Frövi,,,,"Örebro län"
71892,Frövi,,,,"Örebro län"
71893,Frövi,,,,"Örebro län"
71894,Ervalla,,,,"Örebro län"
69120,Karlskoga,,,,"Örebro län"
69150,Karlskoga,,,,"Örebro län"
69220,Kumla,,,,"Örebro län"
69271,Kumla,,,,"Örebro län"
69320,Degerfors,,,,"Örebro län"
69420,Hallsberg,,,,"Örebro län"
69520,Laxå,,,,"Örebro län"
69620,Askersund,,,,"Örebro län"
69720,Pålsboda,,,,"Örebro län"
70194,Örebro,,,,"Örebro län"
70195,Örebro,,,,"Örebro län"
70237,örebro,,,,"Örebro län"
70239,örebro,,,,"Örebro län"
70281,Örebro,,,,"Örebro län"
70282,Örebro,,,,"Örebro län"
70286,Örebro,,,,"Örebro län"
70302,Örebro,,,,"Örebro län"
70303,Örebro,,,,"Örebro län"
70381,Örebro,,,,"Örebro län"
70510,Örebro,,,,"Örebro län"
70800,Örebro,,,,"Örebro län"
70801,Örebro,,,,"Örebro län"
70802,Örebro,,,,"Örebro län"
70803,Örebro,,,,"Örebro län"
70804,Örebro,,,,"Örebro län"
70805,Örebro,,,,"Örebro län"
70806,Örebro,,,,"Örebro län"
70807,Örebro,,,,"Örebro län"
70808,Örebro,,,,"Örebro län"
70809,Örebro,,,,"Örebro län"
70810,Örebro,,,,"Örebro län"
70999,Örebro,,,,"Örebro län"
71120,Lindesberg,,,,"Örebro län"
71220,Hällefors,,,,"Örebro län"
71320,Nora,,,,"Örebro län"
71420,Kopparberg,,,,"Örebro län"
71520,Odensbacken,,,,"Örebro län"
71620,Fjugesta,,,,"Örebro län"
71820,Frövi,,,,"Örebro län"
73091,Riddarhyttan,,,,"Västmanlands län"
73901,Skinnskatteberg,,,,"Västmanlands län"
73921,Skinnskatteberg,,,,"Västmanlands län"
73922,Skinnskatteberg,,,,"Västmanlands län"
73923,Skinnskatteberg,,,,"Västmanlands län"
73930,Skinnskatteberg,,,,"Västmanlands län"
73931,Skinnskatteberg,,,,"Västmanlands län"
73970,Skinnskatteberg,,,,"Västmanlands län"
73991,Skinnskatteberg,,,,"Västmanlands län"
73992,Skinnskatteberg,,,,"Västmanlands län"
73993,Riddarhyttan,,,,"Västmanlands län"
73060,Ramnäs,,,,"Västmanlands län"
73061,Virsbo,,,,"Västmanlands län"
73501,Surahammar,,,,"Västmanlands län"
73502,Ramnäs,,,,"Västmanlands län"
73521,Surahammar,,,,"Västmanlands län"
73522,Surahammar,,,,"Västmanlands län"
73523,Surahammar,,,,"Västmanlands län"
73531,Surahammar,,,,"Västmanlands län"
73532,Surahammar,,,,"Västmanlands län"
73533,Surahammar,,,,"Västmanlands län"
73534,Surahammar,,,,"Västmanlands län"
73535,Surahammar,,,,"Västmanlands län"
73536,Surahammar,,,,"Västmanlands län"
73537,Surahammar,,,,"Västmanlands län"
73538,Surahammar,,,,"Västmanlands län"
73560,Ramnäs,,,,"Västmanlands län"
73591,Surahammar,,,,"Västmanlands län"
73592,Ramnäs,,,,"Västmanlands län"
73703,Virsbo,,,,"Västmanlands län"
73761,Virsbo,,,,"Västmanlands län"
73160,Valskog,,,,"Västmanlands län"
73601,Kungsör,,,,"Västmanlands län"
73621,Kungsör,,,,"Västmanlands län"
73622,Kungsör,,,,"Västmanlands län"
73623,Kungsör,,,,"Västmanlands län"
73625,Kungsör,,,,"Västmanlands län"
73630,Kungsör,,,,"Västmanlands län"
73631,Kungsör,,,,"Västmanlands län"
73632,Kungsör,,,,"Västmanlands län"
73633,Kungsör,,,,"Västmanlands län"
73634,Kungsör,,,,"Västmanlands län"
73635,Kungsör,,,,"Västmanlands län"
73636,Kungsör,,,,"Västmanlands län"
73691,Kungsör,,,,"Västmanlands län"
73692,Kungsör,,,,"Västmanlands län"
73693,Kungsör,,,,"Västmanlands län"
73040,Kolbäck,,,,"Västmanlands län"
73401,Hallstahammar,,,,"Västmanlands län"
73421,Hallstahammar,,,,"Västmanlands län"
73422,Hallstahammar,,,,"Västmanlands län"
73423,Hallstahammar,,,,"Västmanlands län"
73424,Hallstahammar,,,,"Västmanlands län"
73425,Hallstahammar,,,,"Västmanlands län"
73426,Hallstahammar,,,,"Västmanlands län"
73427,Hallstahammar,,,,"Västmanlands län"
73430,Hallstahammar,,,,"Västmanlands län"
73431,Hallstahammar,,,,"Västmanlands län"
73432,Hallstahammar,,,,"Västmanlands län"
73433,Hallstahammar,,,,"Västmanlands län"
73434,Hallstahammar,,,,"Västmanlands län"
73435,Hallstahammar,,,,"Västmanlands län"
73436,Hallstahammar,,,,"Västmanlands län"
73437,Hallstahammar,,,,"Västmanlands län"
73438,Hallstahammar,,,,"Västmanlands län"
73439,Hallstahammar,,,,"Västmanlands län"
73440,Hallstahammar,,,,"Västmanlands län"
73480,Hallstahammar,,,,"Västmanlands län"
73491,Hallstahammar,,,,"Västmanlands län"
73492,Hallstahammar,,,,"Västmanlands län"
73801,Norberg,,,,"Västmanlands län"
73802,Norberg,,,,"Västmanlands län"
73821,Norberg,,,,"Västmanlands län"
73822,Norberg,,,,"Västmanlands län"
73823,Norberg,,,,"Västmanlands län"
73830,Norberg,,,,"Västmanlands län"
73831,Norberg,,,,"Västmanlands län"
73832,Norberg,,,,"Västmanlands län"
73833,Norberg,,,,"Västmanlands län"
73834,Norberg,,,,"Västmanlands län"
73835,Norberg,,,,"Västmanlands län"
73850,Norberg,,,,"Västmanlands län"
73891,Norberg,,,,"Västmanlands län"
73892,Norberg,,,,"Västmanlands län"
64045,Kvicksund,,,,"Västmanlands län"
72001,Västerås,,,,"Västmanlands län"
72002,Västerås,,,,"Västmanlands län"
72003,Västerås,,,,"Västmanlands län"
72007,Västerås,,,,"Västmanlands län"
72010,Västerås,,,,"Västmanlands län"
72011,Västerås,,,,"Västmanlands län"
72012,Västerås,,,,"Västmanlands län"
72013,Västerås,,,,"Västmanlands län"
72015,Västerås,,,,"Västmanlands län"
72016,Västerås,,,,"Västmanlands län"
72017,Västerås,,,,"Västmanlands län"
72018,Västerås,,,,"Västmanlands län"
72019,Västerås,,,,"Västmanlands län"
72020,Västerås,,,,"Västmanlands län"
72100,Västerås,,,,"Västmanlands län"
72101,Västerås,,,,"Västmanlands län"
72103,Västerås,,,,"Västmanlands län"
72104,Västerås,,,,"Västmanlands län"
72105,Västerås,,,,"Västmanlands län"
72106,Västerås,,,,"Västmanlands län"
72107,Västerås,,,,"Västmanlands län"
72108,Västerås,,,,"Västmanlands län"
72109,Västerås,,,,"Västmanlands län"
72110,Västerås,,,,"Västmanlands län"
72111,Västerås,,,,"Västmanlands län"
72119,Västerås,,,,"Västmanlands län"
72120,Västerås,,,,"Västmanlands län"
72122,Västerås,,,,"Västmanlands län"
72123,Västerås,,,,"Västmanlands län"
72126,Västerås,,,,"Västmanlands län"
72127,Västerås,,,,"Västmanlands län"
72128,Västerås,,,,"Västmanlands län"
72129,Västerås,,,,"Västmanlands län"
72130,Västerås,,,,"Västmanlands län"
72131,Västerås,,,,"Västmanlands län"
72132,Västerås,,,,"Västmanlands län"
72133,Västerås,,,,"Västmanlands län"
72134,Västerås,,,,"Västmanlands län"
72135,Västerås,,,,"Västmanlands län"
72136,Västerås,,,,"Västmanlands län"
72137,Västerås,,,,"Västmanlands län"
72138,Västerås,,,,"Västmanlands län"
72150,Västerås,,,,"Västmanlands län"
72151,Västerås,,,,"Västmanlands län"
72153,Västerås,,,,"Västmanlands län"
72157,Västerås,,,,"Västmanlands län"
72159,Västerås,,,,"Västmanlands län"
72161,Västerås,,,,"Västmanlands län"
72162,Västerås,,,,"Västmanlands län"
72163,Västerås,,,,"Västmanlands län"
72164,Västerås,,,,"Västmanlands län"
72165,Västerås,,,,"Västmanlands län"
72166,Västerås,,,,"Västmanlands län"
72167,Västerås,,,,"Västmanlands län"
72168,Västerås,,,,"Västmanlands län"
72169,Västerås,,,,"Västmanlands län"
72170,Västerås,,,,"Västmanlands län"
72171,Västerås,,,,"Västmanlands län"
72173,Västerås,,,,"Västmanlands län"
72174,Västerås,,,,"Västmanlands län"
72175,Västerås,,,,"Västmanlands län"
72176,Västerås,,,,"Västmanlands län"
72178,Västerås,,,,"Västmanlands län"
72182,Västerås,,,,"Västmanlands län"
72183,Västerås,,,,"Västmanlands län"
72184,Västerås,,,,"Västmanlands län"
72185,Västerås,,,,"Västmanlands län"
72186,Västerås,,,,"Västmanlands län"
72187,Västerås,,,,"Västmanlands län"
72189,Västerås,,,,"Västmanlands län"
72201,Västerås,,,,"Västmanlands län"
72210,Västerås,,,,"Västmanlands län"
72211,Västerås,,,,"Västmanlands län"
72212,Västerås,,,,"Västmanlands län"
72213,Västerås,,,,"Västmanlands län"
72214,Västerås,,,,"Västmanlands län"
72215,Västerås,,,,"Västmanlands län"
72216,Västerås,,,,"Västmanlands län"
72217,Västerås,,,,"Västmanlands län"
72218,Västerås,,,,"Västmanlands län"
72219,Västerås,,,,"Västmanlands län"
72220,Västerås,,,,"Västmanlands län"
72221,Västerås,,,,"Västmanlands län"
72222,Västerås,,,,"Västmanlands län"
72223,Västerås,,,,"Västmanlands län"
72224,Västerås,,,,"Västmanlands län"
72225,Västerås,,,,"Västmanlands län"
72226,Västerås,,,,"Västmanlands län"
72227,Västerås,,,,"Västmanlands län"
72228,Västerås,,,,"Västmanlands län"
72231,Västerås,,,,"Västmanlands län"
72233,Västerås,,,,"Västmanlands län"
72240,Västerås,,,,"Västmanlands län"
72241,Västerås,,,,"Västmanlands län"
72242,Västerås,,,,"Västmanlands län"
72243,Västerås,,,,"Västmanlands län"
72244,Västerås,,,,"Västmanlands län"
72245,Västerås,,,,"Västmanlands län"
72246,Västerås,,,,"Västmanlands län"
72301,Västerås,,,,"Västmanlands län"
72334,Västerås,,,,"Västmanlands län"
72335,Västerås,,,,"Västmanlands län"
72336,Västerås,,,,"Västmanlands län"
72337,Västerås,,,,"Västmanlands län"
72338,Västerås,,,,"Västmanlands län"
72339,Västerås,,,,"Västmanlands län"
72340,Västerås,,,,"Västmanlands län"
72341,Västerås,,,,"Västmanlands län"
72342,Västerås,,,,"Västmanlands län"
72343,Västerås,,,,"Västmanlands län"
72344,Västerås,,,,"Västmanlands län"
72345,Västerås,,,,"Västmanlands län"
72346,Västerås,,,,"Västmanlands län"
72347,Västerås,,,,"Västmanlands län"
72348,Västerås,,,,"Västmanlands län"
72349,Västerås,,,,"Västmanlands län"
72350,Västerås,,,,"Västmanlands län"
72351,Västerås,,,,"Västmanlands län"
72352,Västerås,,,,"Västmanlands län"
72353,Västerås,,,,"Västmanlands län"
72355,Västerås,,,,"Västmanlands län"
72356,Västerås,,,,"Västmanlands län"
72357,Västerås,,,,"Västmanlands län"
72358,Västerås,,,,"Västmanlands län"
72359,Västerås,,,,"Västmanlands län"
72401,Västerås,,,,"Västmanlands län"
72402,Västerås,,,,"Västmanlands län"
72455,Västerås,,,,"Västmanlands län"
72460,Västerås,,,,"Västmanlands län"
72461,Västerås,,,,"Västmanlands län"
72462,Västerås,,,,"Västmanlands län"
72463,Västerås,,,,"Västmanlands län"
72464,Västerås,,,,"Västmanlands län"
72465,Västerås,,,,"Västmanlands län"
72466,Västerås,,,,"Västmanlands län"
72467,Västerås,,,,"Västmanlands län"
72468,Västerås,,,,"Västmanlands län"
72469,Västerås,,,,"Västmanlands län"
72470,Västerås,,,,"Västmanlands län"
72471,Västerås,,,,"Västmanlands län"
72472,Västerås,,,,"Västmanlands län"
72473,Västerås,,,,"Västmanlands län"
72474,Västerås,,,,"Västmanlands län"
72475,Västerås,,,,"Västmanlands län"
72476,Västerås,,,,"Västmanlands län"
72477,Västerås,,,,"Västmanlands län"
72478,Västerås,,,,"Västmanlands län"
72479,Västerås,,,,"Västmanlands län"
72480,Västerås,,,,"Västmanlands län"
72481,Västerås,,,,"Västmanlands län"
72482,Västerås,,,,"Västmanlands län"
72483,Västerås,,,,"Västmanlands län"
72487,Västerås,,,,"Västmanlands län"
72590,Västerås,,,,"Västmanlands län"
72591,Västerås,,,,"Västmanlands län"
72592,Västerås,,,,"Västmanlands län"
72593,Västerås,,,,"Västmanlands län"
72594,Västerås,,,,"Västmanlands län"
72595,Västerås,,,,"Västmanlands län"
72596,Västerås,,,,"Västmanlands län"
72597,Västerås,,,,"Västmanlands län"
72598,Västerås,,,,"Västmanlands län"
72620,Skultuna,,,,"Västmanlands län"
72630,Skultuna,,,,"Västmanlands län"
72631,Skultuna,,,,"Västmanlands län"
72691,Skultuna,,,,"Västmanlands län"
72692,Skultuna,,,,"Västmanlands län"
73050,Skultuna,,,,"Västmanlands län"
73070,Västerfärnebo,,,,"Västmanlands län"
73071,Salbohed,,,,"Västmanlands län"
73301,Sala,,,,"Västmanlands län"
73321,Sala,,,,"Västmanlands län"
73322,Sala,,,,"Västmanlands län"
73323,Sala,,,,"Västmanlands län"
73324,Sala,,,,"Västmanlands län"
73325,Sala,,,,"Västmanlands län"
73326,Sala,,,,"Västmanlands län"
73327,Sala,,,,"Västmanlands län"
73330,Sala,,,,"Västmanlands län"
73331,Sala,,,,"Västmanlands län"
73332,Sala,,,,"Västmanlands län"
73333,Sala,,,,"Västmanlands län"
73334,Sala,,,,"Västmanlands län"
73335,Sala,,,,"Västmanlands län"
73336,Sala,,,,"Västmanlands län"
73337,Sala,,,,"Västmanlands län"
73338,Sala,,,,"Västmanlands län"
73339,Sala,,,,"Västmanlands län"
73340,Sala,,,,"Västmanlands län"
73360,Västerfärnebo,,,,"Västmanlands län"
73361,Västerfärnebo,,,,"Västmanlands län"
73362,Västerfärnebo,,,,"Västmanlands län"
73363,Salbohed,,,,"Västmanlands län"
73373,Ransta,,,,"Västmanlands län"
73375,Möklinta,,,,"Västmanlands län"
73391,Sala,,,,"Västmanlands län"
73392,Sala,,,,"Västmanlands län"
73393,Sala,,,,"Västmanlands län"
73394,Sala,,,,"Västmanlands län"
73395,Sala,,,,"Västmanlands län"
73396,Sala,,,,"Västmanlands län"
73397,Sala,,,,"Västmanlands län"
73398,Ransta,,,,"Västmanlands län"
73399,Möklinta,,,,"Västmanlands län"
74083,Fjärdhundra,,,,"Västmanlands län"
73700,Fagersta,,,,"Västmanlands län"
73701,Fagersta,,,,"Västmanlands län"
73702,Fagersta,,,,"Västmanlands län"
73721,Fagersta,,,,"Västmanlands län"
73722,Fagersta,,,,"Västmanlands län"
73723,Fagersta,,,,"Västmanlands län"
73724,Fagersta,,,,"Västmanlands län"
73725,Fagersta,,,,"Västmanlands län"
73730,Fagersta,,,,"Västmanlands län"
73731,Fagersta,,,,"Västmanlands län"
73732,Fagersta,,,,"Västmanlands län"
73733,Fagersta,,,,"Västmanlands län"
73734,Fagersta,,,,"Västmanlands län"
73740,Fagersta,,,,"Västmanlands län"
73741,Fagersta,,,,"Västmanlands län"
73742,Fagersta,,,,"Västmanlands län"
73743,Fagersta,,,,"Västmanlands län"
73744,Fagersta,,,,"Västmanlands län"
73745,Fagersta,,,,"Västmanlands län"
73746,Fagersta,,,,"Västmanlands län"
73747,Fagersta,,,,"Västmanlands län"
73748,Fagersta,,,,"Västmanlands län"
73749,Fagersta,,,,"Västmanlands län"
73780,Fagersta,,,,"Västmanlands län"
73782,Fagersta,,,,"Västmanlands län"
73783,Fagersta,,,,"Västmanlands län"
73784,Fagersta,,,,"Västmanlands län"
73790,Ängelsberg,,,,"Västmanlands län"
73791,Fagersta,,,,"Västmanlands län"
73792,Fagersta,,,,"Västmanlands län"
73030,Kolsva,,,,"Västmanlands län"
73101,Köping,,,,"Västmanlands län"
73102,Köping,,,,"Västmanlands län"
73103,Köping,,,,"Västmanlands län"
73110,Kolsva,,,,"Västmanlands län"
73111,Kolsva,,,,"Västmanlands län"
73112,Kolsva,,,,"Västmanlands län"
73113,Kolsva,,,,"Västmanlands län"
73114,Kolsva,,,,"Västmanlands län"
73115,Kolsva,,,,"Västmanlands län"
73119,Vintrosa,,,,"Västmanlands län"
73121,Köping,,,,"Västmanlands län"
73122,Köping,,,,"Västmanlands län"
73123,Köping,,,,"Västmanlands län"
73124,Köping,,,,"Västmanlands län"
73125,Köping,,,,"Västmanlands län"
73126,Köping,,,,"Västmanlands län"
73127,Köping,,,,"Västmanlands län"
73129,Köping,,,,"Västmanlands län"
73130,Köping,,,,"Västmanlands län"
73131,Köping,,,,"Västmanlands län"
73132,Köping,,,,"Västmanlands län"
73133,Köping,,,,"Västmanlands län"
73134,Köping,,,,"Västmanlands län"
73135,Köping,,,,"Västmanlands län"
73136,Köping,,,,"Västmanlands län"
73137,Köping,,,,"Västmanlands län"
73140,Köping,,,,"Västmanlands län"
73141,Köping,,,,"Västmanlands län"
73142,Köping,,,,"Västmanlands län"
73143,Köping,,,,"Västmanlands län"
73150,Köping,,,,"Västmanlands län"
73151,Köping,,,,"Västmanlands län"
73152,Köping,,,,"Västmanlands län"
73153,Köping,,,,"Västmanlands län"
73154,Köping,,,,"Västmanlands län"
73170,Köping,,,,"Västmanlands län"
73180,Köping,,,,"Västmanlands län"
73185,Köping,,,,"Västmanlands län"
73191,Köping,,,,"Västmanlands län"
73192,Köping,,,,"Västmanlands län"
73193,Köping,,,,"Västmanlands län"
73194,Köping,,,,"Västmanlands län"
73195,Köping,,,,"Västmanlands län"
73196,Köping,,,,"Västmanlands län"
73197,Köping,,,,"Västmanlands län"
73198,Köping,,,,"Västmanlands län"
71041,Fellingsbro,,,,"Västmanlands län"
73201,Arboga,,,,"Västmanlands län"
73202,Fellingsbro,,,,"Västmanlands län"
73221,Arboga,,,,"Västmanlands län"
73222,Arboga,,,,"Västmanlands län"
73223,Arboga,,,,"Västmanlands län"
73224,Arboga,,,,"Västmanlands län"
73225,Arboga,,,,"Västmanlands län"
73226,Arboga,,,,"Västmanlands län"
73227,Arboga,,,,"Västmanlands län"
73230,Arboga,,,,"Västmanlands län"
73231,Arboga,,,,"Västmanlands län"
73232,Arboga,,,,"Västmanlands län"
73233,Arboga,,,,"Västmanlands län"
73234,Arboga,,,,"Västmanlands län"
73245,Arboga,,,,"Västmanlands län"
73246,Arboga,,,,"Västmanlands län"
73247,Arboga,,,,"Västmanlands län"
73248,Arboga,,,,"Västmanlands län"
73249,Arboga,,,,"Västmanlands län"
73250,Arboga,,,,"Västmanlands län"
73271,Fellingsbro,,,,"Västmanlands län"
73272,Fellingsbro,,,,"Västmanlands län"
73273,Fellingsbro,,,,"Västmanlands län"
73281,Arboga,,,,"Västmanlands län"
73291,Arboga,,,,"Västmanlands län"
73292,Arboga,,,,"Västmanlands län"
73293,Arboga,,,,"Västmanlands län"
73294,Arboga,,,,"Västmanlands län"
73295,Arboga,,,,"Västmanlands län"
73296,Arboga,,,,"Västmanlands län"
73297,Arboga,,,,"Västmanlands län"
73298,Arboga,,,,"Västmanlands län"
72152,Västerås,,,,"Västmanlands län"
72177,Västerås,,,,"Västmanlands län"
72180,Västerås,,,,"Västmanlands län"
72209,Västerås,,,,"Västmanlands län"
72800,Västerås,,,,"Västmanlands län"
72802,Västerås,,,,"Västmanlands län"
72804,Västerås,,,,"Västmanlands län"
72805,Västerås,,,,"Västmanlands län"
72820,Västerås,,,,"Västmanlands län"
73120,Köping,,,,"Västmanlands län"
73181,Köping,,,,"Västmanlands län"
73220,Arboga,,,,"Västmanlands län"
73320,Sala,,,,"Västmanlands län"
73345,Storvreta,,,,"Västmanlands län"
73420,Hallstahammar,,,,"Västmanlands län"
73428,Kolbäck,,,,"Västmanlands län"
73450,Kolbäck,,,,"Västmanlands län"
73451,Kolbäck,,,,"Västmanlands län"
73493,Kolbäck,,,,"Västmanlands län"
73520,Surahammar,,,,"Västmanlands län"
73620,Kungsör,,,,"Västmanlands län"
73685,Kungsör,,,,"Västmanlands län"
73720,Fagersta,,,,"Västmanlands län"
73726,Fagersta,,,,"Västmanlands län"
73781,Fagersta,,,,"Västmanlands län"
73820,Norberg,,,,"Västmanlands län"
73920,Skinnskatteberg,,,,"Västmanlands län"
74419,Morgongåva,,,,"Västmanlands län"
74420,Heby,,,,"Västmanlands län"
74481,Morgongåva,,,,"Västmanlands län"
74482,Morgongåva,,,,"Västmanlands län"
74970,Fjärdhundra,,,,"Västmanlands län"
74971,Fjärdhundra,,,,"Västmanlands län"
74972,Fjärdhundra,,,,"Västmanlands län"
78050,Vansbro,,,,"Dalarnas län"
78051,Dala-Järna,,,,"Dalarnas län"
78053,Nås,,,,"Dalarnas län"
78600,Vansbro,,,,"Dalarnas län"
78602,Dala-Järna,,,,"Dalarnas län"
78620,Vansbro,,,,"Dalarnas län"
78621,Vansbro,,,,"Dalarnas län"
78631,Vansbro,,,,"Dalarnas län"
78632,Vansbro,,,,"Dalarnas län"
78633,Vansbro,,,,"Dalarnas län"
78671,Dala-Järna,,,,"Dalarnas län"
78672,Dala-Järna,,,,"Dalarnas län"
78691,Vansbro,,,,"Dalarnas län"
78692,Dala-Järna,,,,"Dalarnas län"
78693,Nås,,,,"Dalarnas län"
78054,Äppelbo,,,,"Dalarnas län"
78061,Öje,,,,"Dalarnas län"
78064,Lima,,,,"Dalarnas län"
78067,Sälen,,,,"Dalarnas län"
78068,Transtrand,,,,"Dalarnas län"
78091,Sälen,,,,"Dalarnas län"
78201,Malung,,,,"Dalarnas län"
78221,Malung,,,,"Dalarnas län"
78222,Malung,,,,"Dalarnas län"
78223,Malung,,,,"Dalarnas län"
78224,Malung,,,,"Dalarnas län"
78227,Malung,,,,"Dalarnas län"
78230,Malung,,,,"Dalarnas län"
78231,Malung,,,,"Dalarnas län"
78233,Malung,,,,"Dalarnas län"
78234,Malung,,,,"Dalarnas län"
78235,Malung,,,,"Dalarnas län"
78275,Malungsfors,,,,"Dalarnas län"
78290,Malung,,,,"Dalarnas län"
78291,Malung,,,,"Dalarnas län"
78694,Äppelbo,,,,"Dalarnas län"
78040,Mockfjärd,,,,"Dalarnas län"
78041,Gagnef,,,,"Dalarnas län"
78044,Dala-Floda,,,,"Dalarnas län"
78045,Björbo,,,,"Dalarnas län"
78500,Gagnef,,,,"Dalarnas län"
78504,Mockfjärd,,,,"Dalarnas län"
78520,Gagnef,,,,"Dalarnas län"
78521,Gagnef,,,,"Dalarnas län"
78530,Gagnef,,,,"Dalarnas län"
78542,Mockfjärd,,,,"Dalarnas län"
78543,Mockfjärd,,,,"Dalarnas län"
78544,Hala-Floda,,,,"Dalarnas län"
78545,Björbo,,,,"Dalarnas län"
78560,Djurås,,,,"Dalarnas län"
78561,Djurås,,,,"Dalarnas län"
78562,Djurmo,,,,"Dalarnas län"
78563,Sifferbo,,,,"Dalarnas län"
78580,Gagnef,,,,"Dalarnas län"
78591,Gagnef,,,,"Dalarnas län"
78592,Gagnef,,,,"Dalarnas län"
78695,Dala-Floda,,,,"Dalarnas län"
78697,Björbo,,,,"Dalarnas län"
79031,Djura,,,,"Dalarnas län"
79301,Leksand,,,,"Dalarnas län"
79304,Insjön,,,,"Dalarnas län"
79311,Insjön,,,,"Dalarnas län"
79312,Insjön,,,,"Dalarnas län"
79313,Insjön,,,,"Dalarnas län"
79321,Leksand,,,,"Dalarnas län"
79322,Leksand,,,,"Dalarnas län"
79323,Leksand,,,,"Dalarnas län"
79324,Leksand,,,,"Dalarnas län"
79325,Leksand,,,,"Dalarnas län"
79326,Leksand,,,,"Dalarnas län"
79327,Leksand,,,,"Dalarnas län"
79330,Leksand,,,,"Dalarnas län"
79331,Leksand,,,,"Dalarnas län"
79332,Leksand,,,,"Dalarnas län"
79333,Leksand,,,,"Dalarnas län"
79335,Leksand,,,,"Dalarnas län"
79336,Leksand,,,,"Dalarnas län"
79340,Insjön,,,,"Dalarnas län"
79350,Leksand,,,,"Dalarnas län"
79360,Siljansnäs,,,,"Dalarnas län"
79370,Tällberg,,,,"Dalarnas län"
79380,Leksand,,,,"Dalarnas län"
79385,Insjön,,,,"Dalarnas län"
79386,Insjön,,,,"Dalarnas län"
79390,Leksand,,,,"Dalarnas län"
79391,Leksand,,,,"Dalarnas län"
79392,Leksand,,,,"Dalarnas län"
79393,Djura,,,,"Dalarnas län"
79394,Tällberg,,,,"Dalarnas län"
79397,Siljansnäs,,,,"Dalarnas län"
79024,Toftbyn,,,,"Dalarnas län"
79070,Furudal,,,,"Dalarnas län"
79501,Rättvik,,,,"Dalarnas län"
79503,Rättvik,,,,"Dalarnas län"
79521,Rättvik,,,,"Dalarnas län"
79522,Rättvik,,,,"Dalarnas län"
79523,Rättvik,,,,"Dalarnas län"
79530,Rättvik,,,,"Dalarnas län"
79531,Rättvik,,,,"Dalarnas län"
79532,Rättvik,,,,"Dalarnas län"
79533,Rättvik,,,,"Dalarnas län"
79535,Rättvik,,,,"Dalarnas län"
79536,Rättvik,,,,"Dalarnas län"
79570,Vikarbyn,,,,"Dalarnas län"
79571,Furudal,,,,"Dalarnas län"
79580,Rättvik,,,,"Dalarnas län"
79590,Rättvik,,,,"Dalarnas län"
79591,Rättvik,,,,"Dalarnas län"
79592,Rättvik,,,,"Dalarnas län"
79595,Vikarbyn,,,,"Dalarnas län"
79596,"Boda Kyrkby",,,,"Dalarnas län"
79401,Orsa,,,,"Dalarnas län"
79421,Orsa,,,,"Dalarnas län"
79422,Orsa,,,,"Dalarnas län"
79430,Orsa,,,,"Dalarnas län"
79431,Orsa,,,,"Dalarnas län"
79432,Orsa,,,,"Dalarnas län"
79433,Orsa,,,,"Dalarnas län"
79434,Orsa,,,,"Dalarnas län"
79490,Orsa,,,,"Dalarnas län"
79491,Orsa,,,,"Dalarnas län"
79492,Orsa,,,,"Dalarnas län"
79493,Orsa,,,,"Dalarnas län"
79495,Skattungbyn,,,,"Dalarnas län"
79498,Orsa,,,,"Dalarnas län"
78066,Rörbäcksnäs,,,,"Dalarnas län"
78069,Sörsjön,,,,"Dalarnas län"
79090,Särna,,,,"Dalarnas län"
79091,Idre,,,,"Dalarnas län"
79601,Älvdalen,,,,"Dalarnas län"
79602,Älvdalen,,,,"Dalarnas län"
79621,Älvdalen,,,,"Dalarnas län"
79622,Älvdalen,,,,"Dalarnas län"
79625,Älvdalen,,,,"Dalarnas län"
79626,Älvdalen,,,,"Dalarnas län"
79630,Älvdalen,,,,"Dalarnas län"
79631,Älvdalen,,,,"Dalarnas län"
79690,Älvdalen,,,,"Dalarnas län"
79691,Älvdalen,,,,"Dalarnas län"
79692,Älvdalen,,,,"Dalarnas län"
79699,Älvdalen,,,,"Dalarnas län"
79731,Särna,,,,"Dalarnas län"
79771,Idre,,,,"Dalarnas län"
79792,Idre,,,,"Dalarnas län"
77292,Grängesberg,,,,"Dalarnas län"
77701,Smedjebacken,,,,"Dalarnas län"
77703,Söderbärke,,,,"Dalarnas län"
77721,Smedjebacken,,,,"Dalarnas län"
77722,Smedjebacken,,,,"Dalarnas län"
77723,Smedjebacken,,,,"Dalarnas län"
77725,Smedjebacken,,,,"Dalarnas län"
77730,Smedjebacken,,,,"Dalarnas län"
77731,Smedjebacken,,,,"Dalarnas län"
77732,Smedjebacken,,,,"Dalarnas län"
77733,Smedjebacken,,,,"Dalarnas län"
77734,Smedjebacken,,,,"Dalarnas län"
77750,Smedjebacken,,,,"Dalarnas län"
77751,Smedjebacken,,,,"Dalarnas län"
77760,Söderbärke,,,,"Dalarnas län"
77780,Smedjebacken,,,,"Dalarnas län"
77781,Smedjebacken,,,,"Dalarnas län"
77782,Smedjebacken,,,,"Dalarnas län"
77790,Smedjebacken,,,,"Dalarnas län"
77791,Smedjebacken,,,,"Dalarnas län"
77793,Söderbärke,,,,"Dalarnas län"
77794,Söderbärke,,,,"Dalarnas län"
79201,Mora,,,,"Dalarnas län"
79202,Mora,,,,"Dalarnas län"
79203,Mora,,,,"Dalarnas län"
79205,Sollerön,,,,"Dalarnas län"
79208,Mora,,,,"Dalarnas län"
79221,Mora,,,,"Dalarnas län"
79222,Mora,,,,"Dalarnas län"
79223,Mora,,,,"Dalarnas län"
79224,Mora,,,,"Dalarnas län"
79225,Mora,,,,"Dalarnas län"
79226,Mora,,,,"Dalarnas län"
79227,Mora,,,,"Dalarnas län"
79230,Mora,,,,"Dalarnas län"
79231,Mora,,,,"Dalarnas län"
79232,Mora,,,,"Dalarnas län"
79233,Mora,,,,"Dalarnas län"
79234,Mora,,,,"Dalarnas län"
79235,Mora,,,,"Dalarnas län"
79236,Mora,,,,"Dalarnas län"
79237,Mora,,,,"Dalarnas län"
79250,Mora,,,,"Dalarnas län"
79251,Mora,,,,"Dalarnas län"
79252,Mora,,,,"Dalarnas län"
79253,Mora,,,,"Dalarnas län"
79275,Färnäs,,,,"Dalarnas län"
79277,Nusnäs,,,,"Dalarnas län"
79280,Mora,,,,"Dalarnas län"
79285,Mora,,,,"Dalarnas län"
79290,Sollerön,,,,"Dalarnas län"
79291,Mora,,,,"Dalarnas län"
79292,Mora,,,,"Dalarnas län"
79293,Venjan,,,,"Dalarnas län"
79294,Mora,,,,"Dalarnas län"
79295,Mora,,,,"Dalarnas län"
79296,Våmhus,,,,"Dalarnas län"
79297,Mora,,,,"Dalarnas län"
79298,Garsås,,,,"Dalarnas län"
79015,Sundborn,,,,"Dalarnas län"
79020,Grycksbo,,,,"Dalarnas län"
79021,Bjursås,,,,"Dalarnas län"
79022,Sågmyra,,,,"Dalarnas län"
79023,Svärdsjö,,,,"Dalarnas län"
79025,Linghed,,,,"Dalarnas län"
79101,Falun,,,,"Dalarnas län"
79105,Falun,,,,"Dalarnas län"
79106,Falun,,,,"Dalarnas län"
79107,Falun,,,,"Dalarnas län"
79109,Falun,,,,"Dalarnas län"
79110,Falun,,,,"Dalarnas län"
79111,Falun,,,,"Dalarnas län"
79112,Falun,,,,"Dalarnas län"
79113,Falun,,,,"Dalarnas län"
79114,Falun,,,,"Dalarnas län"
79116,Falun,,,,"Dalarnas län"
79117,Falun,,,,"Dalarnas län"
79118,Falun,,,,"Dalarnas län"
79119,Falun,,,,"Dalarnas län"
79121,Falun,,,,"Dalarnas län"
79122,Falun,,,,"Dalarnas län"
79123,Falun,,,,"Dalarnas län"
79124,Falun,,,,"Dalarnas län"
79125,Falun,,,,"Dalarnas län"
79126,Falun,,,,"Dalarnas län"
79127,Falun,,,,"Dalarnas län"
79128,Falun,,,,"Dalarnas län"
79129,Falun,,,,"Dalarnas län"
79130,Falun,,,,"Dalarnas län"
79131,Falun,,,,"Dalarnas län"
79132,Falun,,,,"Dalarnas län"
79133,Falun,,,,"Dalarnas län"
79134,Falun,,,,"Dalarnas län"
79135,Falun,,,,"Dalarnas län"
79136,Falun,,,,"Dalarnas län"
79137,Falun,,,,"Dalarnas län"
79138,Falun,,,,"Dalarnas län"
79140,Falun,,,,"Dalarnas län"
79141,Falun,,,,"Dalarnas län"
79142,Falun,,,,"Dalarnas län"
79143,Falun,,,,"Dalarnas län"
79144,Falun,,,,"Dalarnas län"
79145,Falun,,,,"Dalarnas län"
79146,Falun,,,,"Dalarnas län"
79147,Falun,,,,"Dalarnas län"
79150,Falun,,,,"Dalarnas län"
79151,Falun,,,,"Dalarnas län"
79152,Falun,,,,"Dalarnas län"
79153,Falun,,,,"Dalarnas län"
79155,Falun,,,,"Dalarnas län"
79156,Falun,,,,"Dalarnas län"
79160,Falun,,,,"Dalarnas län"
79161,Falun,,,,"Dalarnas län"
79162,Falun,,,,"Dalarnas län"
79170,Falun,,,,"Dalarnas län"
79171,Falun,,,,"Dalarnas län"
79172,Falun,,,,"Dalarnas län"
79173,Falun,,,,"Dalarnas län"
79174,Falun,,,,"Dalarnas län"
79175,Falun,,,,"Dalarnas län"
79176,Falun,,,,"Dalarnas län"
79177,Falun,,,,"Dalarnas län"
79179,Falun,,,,"Dalarnas län"
79180,Falun,,,,"Dalarnas län"
79182,Falun,,,,"Dalarnas län"
79183,Falun,,,,"Dalarnas län"
79184,Falun,,,,"Dalarnas län"
79185,Falun,,,,"Dalarnas län"
79186,Falun,,,,"Dalarnas län"
79187,Falun,,,,"Dalarnas län"
79188,Falun,,,,"Dalarnas län"
79189,Falun,,,,"Dalarnas län"
79191,Falun,,,,"Dalarnas län"
79192,Falun,,,,"Dalarnas län"
79193,Falun,,,,"Dalarnas län"
79194,Falun,,,,"Dalarnas län"
79195,Falun,,,,"Dalarnas län"
79196,Falun,,,,"Dalarnas län"
78100,Borlänge,,,,"Dalarnas län"
78101,Borlänge,,,,"Dalarnas län"
78102,Borlänge,,,,"Dalarnas län"
78105,Borlänge,,,,"Dalarnas län"
78106,Borlänge,,,,"Dalarnas län"
78107,Borlänge,,,,"Dalarnas län"
78110,Borlänge,,,,"Dalarnas län"
78121,Borlänge,,,,"Dalarnas län"
78122,Borlänge,,,,"Dalarnas län"
78123,Borlänge,,,,"Dalarnas län"
78124,Borlänge,,,,"Dalarnas län"
78126,Borlänge,,,,"Dalarnas län"
78127,Borlänge,,,,"Dalarnas län"
78128,Borlänge,,,,"Dalarnas län"
78129,Borlänge,,,,"Dalarnas län"
78168,Borlänge,,,,"Dalarnas län"
78170,Borlänge,,,,"Dalarnas län"
78171,Borlänge,,,,"Dalarnas län"
78172,Borlänge,,,,"Dalarnas län"
78173,Borlänge,,,,"Dalarnas län"
78174,Borlänge,,,,"Dalarnas län"
78181,Borlänge,,,,"Dalarnas län"
78182,Borlänge,,,,"Dalarnas län"
78183,Borlänge,,,,"Dalarnas län"
78184,Borlänge,,,,"Dalarnas län"
78185,Borlänge,,,,"Dalarnas län"
78187,Borlänge,,,,"Dalarnas län"
78188,Borlänge,,,,"Dalarnas län"
78189,Borlänge,,,,"Dalarnas län"
78190,Borlänge,,,,"Dalarnas län"
78191,Borlänge,,,,"Dalarnas län"
78193,Borlänge,,,,"Dalarnas län"
78194,Borlänge,,,,"Dalarnas län"
78195,Borlänge,,,,"Dalarnas län"
78196,Borlänge,,,,"Dalarnas län"
78197,Borlänge,,,,"Dalarnas län"
78198,Borlänge,,,,"Dalarnas län"
78401,Borlänge,,,,"Dalarnas län"
78430,Borlänge,,,,"Dalarnas län"
78431,Borlänge,,,,"Dalarnas län"
78432,Borlänge,,,,"Dalarnas län"
78433,Borlänge,,,,"Dalarnas län"
78434,Borlänge,,,,"Dalarnas län"
78435,Borlänge,,,,"Dalarnas län"
78436,Borlänge,,,,"Dalarnas län"
78437,Borlänge,,,,"Dalarnas län"
78439,Borlänge,,,,"Dalarnas län"
78440,Borlänge,,,,"Dalarnas län"
78441,Borlänge,,,,"Dalarnas län"
78442,Borlänge,,,,"Dalarnas län"
78443,Borlänge,,,,"Dalarnas län"
78444,Borlänge,,,,"Dalarnas län"
78445,Borlänge,,,,"Dalarnas län"
78450,Borlänge,,,,"Dalarnas län"
78451,Borlänge,,,,"Dalarnas län"
78452,Borlänge,,,,"Dalarnas län"
78453,Borlänge,,,,"Dalarnas län"
78454,Borlänge,,,,"Dalarnas län"
78455,Borlänge,,,,"Dalarnas län"
78456,Borlänge,,,,"Dalarnas län"
78460,Borlänge,,,,"Dalarnas län"
78461,Borlänge,,,,"Dalarnas län"
78462,Borlänge,,,,"Dalarnas län"
78463,Borlänge,,,,"Dalarnas län"
78465,Borlänge,,,,"Dalarnas län"
78466,Borlänge,,,,"Dalarnas län"
78467,Borlänge,,,,"Dalarnas län"
78468,Borlänge,,,,"Dalarnas län"
78472,Borlänge,,,,"Dalarnas län"
78473,Borlänge,,,,"Dalarnas län"
78474,Borlänge,,,,"Dalarnas län"
78475,Borlänge,,,,"Dalarnas län"
78476,Borlänge,,,,"Dalarnas län"
78477,Borlänge,,,,"Dalarnas län"
78478,Borlänge,,,,"Dalarnas län"
79341,Insjön,,,,"Dalarnas län"
78160,Gustafs,,,,"Dalarnas län"
78161,Gustafs,,,,"Dalarnas län"
78162,Gustafs,,,,"Dalarnas län"
78169,Börlänga,,,,"Dalarnas län"
78192,BORLÄNGE,,,,"Dalarnas län"
78301,Säter,,,,"Dalarnas län"
78321,Säter,,,,"Dalarnas län"
78322,Säter,,,,"Dalarnas län"
78323,Säter,,,,"Dalarnas län"
78327,Säter,,,,"Dalarnas län"
78330,Säter,,,,"Dalarnas län"
78331,Säter,,,,"Dalarnas län"
78332,Säter,,,,"Dalarnas län"
78334,Säter,,,,"Dalarnas län"
78335,Säter,,,,"Dalarnas län"
78350,Gustafs,,,,"Dalarnas län"
78390,Säter,,,,"Dalarnas län"
78391,Säter,,,,"Dalarnas län"
78392,"Stora Skedvi",,,,"Dalarnas län"
78395,Gustafs,,,,"Dalarnas län"
77070,Långshyttan,,,,"Dalarnas län"
77071,Stjärnsund,,,,"Dalarnas län"
77601,Hedemora,,,,"Dalarnas län"
77606,Långshyttan,,,,"Dalarnas län"
77621,Hedemora,,,,"Dalarnas län"
77622,Hedemora,,,,"Dalarnas län"
77623,Hedemora,,,,"Dalarnas län"
77628,Hedemora,,,,"Dalarnas län"
77630,Hedemora,,,,"Dalarnas län"
77631,Hedemora,,,,"Dalarnas län"
77632,Hedemora,,,,"Dalarnas län"
77633,Hedemora,,,,"Dalarnas län"
77634,Hedemora,,,,"Dalarnas län"
77635,Hedemora,,,,"Dalarnas län"
77636,Hedemora,,,,"Dalarnas län"
77670,Vikmanshyttan,,,,"Dalarnas län"
77671,Långshyttan,,,,"Dalarnas län"
77672,Långshyttan,,,,"Dalarnas län"
77673,Långshyttan,,,,"Dalarnas län"
77674,Stjärnsund,,,,"Dalarnas län"
77690,Hedemora,,,,"Dalarnas län"
77691,Hedemora,,,,"Dalarnas län"
77692,Hedemora,,,,"Dalarnas län"
77693,Hedemora,,,,"Dalarnas län"
77695,Vikmanshyttan,,,,"Dalarnas län"
77696,Dala-Husby,,,,"Dalarnas län"
77697,Dala-Husby,,,,"Dalarnas län"
77698,Garpenberg,,,,"Dalarnas län"
78393,"Stora Skedvi",,,,"Dalarnas län"
77401,Avesta,,,,"Dalarnas län"
77404,Horndal,,,,"Dalarnas län"
77421,Avesta,,,,"Dalarnas län"
77422,Avesta,,,,"Dalarnas län"
77423,Avesta,,,,"Dalarnas län"
77424,Avesta,,,,"Dalarnas län"
77427,Avesta,,,,"Dalarnas län"
77429,Avesta,,,,"Dalarnas län"
77430,Avesta,,,,"Dalarnas län"
77431,Avesta,,,,"Dalarnas län"
77432,Avesta,,,,"Dalarnas län"
77433,Avesta,,,,"Dalarnas län"
77434,Avesta,,,,"Dalarnas län"
77435,Avesta,,,,"Dalarnas län"
77440,Avesta,,,,"Dalarnas län"
77441,Avesta,,,,"Dalarnas län"
77460,Avesta,,,,"Dalarnas län"
77461,Avesta,,,,"Dalarnas län"
77462,Avesta,,,,"Dalarnas län"
77463,Avesta,,,,"Dalarnas län"
77467,Horndal,,,,"Dalarnas län"
77480,Avesta,,,,"Dalarnas län"
77481,Avesta,,,,"Dalarnas län"
77482,Avesta,,,,"Dalarnas län"
77489,Fors,,,,"Dalarnas län"
77491,Avesta,,,,"Dalarnas län"
77492,Avesta,,,,"Dalarnas län"
77493,Avesta,,,,"Dalarnas län"
77494,Avesta,,,,"Dalarnas län"
77497,Fors,,,,"Dalarnas län"
77498,Horndal,,,,"Dalarnas län"
77499,"By Kyrkby",,,,"Dalarnas län"
77525,Krylbo,,,,"Dalarnas län"
77526,Krylbo,,,,"Dalarnas län"
77528,Krylbo,,,,"Dalarnas län"
77550,Krylbo,,,,"Dalarnas län"
77551,Krylbo,,,,"Dalarnas län"
77552,Krylbo,,,,"Dalarnas län"
77553,Krylbo,,,,"Dalarnas län"
77554,Krylbo,,,,"Dalarnas län"
77570,Krylbo,,,,"Dalarnas län"
77571,Krylbo,,,,"Dalarnas län"
77595,Krylbo,,,,"Dalarnas län"
77596,Krylbo,,,,"Dalarnas län"
77010,Fredriksberg,,,,"Dalarnas län"
77012,Sunnansjö,,,,"Dalarnas län"
77013,Grangärde,,,,"Dalarnas län"
77014,Nyhammar,,,,"Dalarnas län"
77101,Ludvika,,,,"Dalarnas län"
77121,Ludvika,,,,"Dalarnas län"
77122,Ludvika,,,,"Dalarnas län"
77123,Ludvika,,,,"Dalarnas län"
77124,Ludvika,,,,"Dalarnas län"
77125,Ludvika,,,,"Dalarnas län"
77126,Ludvika,,,,"Dalarnas län"
77128,Ludvika,,,,"Dalarnas län"
77130,Ludvika,,,,"Dalarnas län"
77131,Ludvika,,,,"Dalarnas län"
77132,Ludvika,,,,"Dalarnas län"
77133,Ludvika,,,,"Dalarnas län"
77134,Ludvika,,,,"Dalarnas län"
77135,Ludvika,,,,"Dalarnas län"
77136,Ludvika,,,,"Dalarnas län"
77140,Ludvika,,,,"Dalarnas län"
77141,Ludvika,,,,"Dalarnas län"
77142,Ludvika,,,,"Dalarnas län"
77143,Ludvika,,,,"Dalarnas län"
77150,Ludvika,,,,"Dalarnas län"
77151,Ludvika,,,,"Dalarnas län"
77152,Ludvika,,,,"Dalarnas län"
77153,Ludvika,,,,"Dalarnas län"
77154,Ludvika,,,,"Dalarnas län"
77155,Ludvika,,,,"Dalarnas län"
77160,Ludvika,,,,"Dalarnas län"
77165,Ludvika,,,,"Dalarnas län"
77180,Ludvika,,,,"Dalarnas län"
77181,Ludvika,,,,"Dalarnas län"
77182,Ludvika,,,,"Dalarnas län"
77183,Ludvika,,,,"Dalarnas län"
77184,Ludvika,,,,"Dalarnas län"
77190,Ludvika,,,,"Dalarnas län"
77192,Ludvika,,,,"Dalarnas län"
77194,Ludvika,,,,"Dalarnas län"
77201,Grängesberg,,,,"Dalarnas län"
77221,Grängesberg,,,,"Dalarnas län"
77222,Grängesberg,,,,"Dalarnas län"
77230,Grängesberg,,,,"Dalarnas län"
77231,Grängesberg,,,,"Dalarnas län"
77232,Grängesberg,,,,"Dalarnas län"
77240,Grängesberg,,,,"Dalarnas län"
77250,Grängesberg,,,,"Dalarnas län"
77270,Saxdalen,,,,"Dalarnas län"
77280,Grängesberg,,,,"Dalarnas län"
77290,Grängesberg,,,,"Dalarnas län"
78199,Idkerberget,,,,"Dalarnas län"
77103,Ludvika,,,,"Dalarnas län"
77120,Ludvika,,,,"Dalarnas län"
77220,Grängesberg,,,,"Dalarnas län"
77402,Avesta,,,,"Dalarnas län"
77420,Avesta,,,,"Dalarnas län"
77602,Vikmanshyttan,,,,"Dalarnas län"
77620,Hedemora,,,,"Dalarnas län"
77720,Smedjebacken,,,,"Dalarnas län"
78115,Borlänge,,,,"Dalarnas län"
78120,Borlänge,,,,"Dalarnas län"
78203,Malung,,,,"Dalarnas län"
78220,Malung,,,,"Dalarnas län"
78320,Säter,,,,"Dalarnas län"
79120,Falun,,,,"Dalarnas län"
79207,Mora,,,,"Dalarnas län"
79220,Mora,,,,"Dalarnas län"
79320,Leksand,,,,"Dalarnas län"
79420,Orsa,,,,"Dalarnas län"
79520,Rättvik,,,,"Dalarnas län"
79620,Älvdalen,,,,"Dalarnas län"
81601,Ockelbo,,,,"Gävleborgs län"
81621,Ockelbo,,,,"Gävleborgs län"
81622,Ockelbo,,,,"Gävleborgs län"
81623,Ockelbo,,,,"Gävleborgs län"
81625,Ockelbo,,,,"Gävleborgs län"
81626,Ockelbo,,,,"Gävleborgs län"
81630,Ockelbo,,,,"Gävleborgs län"
81631,Ockelbo,,,,"Gävleborgs län"
81680,Ockelbo,,,,"Gävleborgs län"
81690,Ockelbo,,,,"Gävleborgs län"
81691,Jädraås,,,,"Gävleborgs län"
81692,Lingbo,,,,"Gävleborgs län"
81693,Ockelbo,,,,"Gävleborgs län"
81694,Ockelbo,,,,"Gävleborgs län"
81301,Hofors,,,,"Gävleborgs län"
81302,Torsåker,,,,"Gävleborgs län"
81321,Hofors,,,,"Gävleborgs län"
81322,Hofors,,,,"Gävleborgs län"
81323,Hofors,,,,"Gävleborgs län"
81327,Hofors,,,,"Gävleborgs län"
81330,Hofors,,,,"Gävleborgs län"
81331,Hofors,,,,"Gävleborgs län"
81332,Hofors,,,,"Gävleborgs län"
81333,Hofors,,,,"Gävleborgs län"
81334,Hofors,,,,"Gävleborgs län"
81335,Hofors,,,,"Gävleborgs län"
81336,Hofors,,,,"Gävleborgs län"
81340,Torsåker,,,,"Gävleborgs län"
81381,Hofors,,,,"Gävleborgs län"
81382,Hofors,,,,"Gävleborgs län"
81391,Hofors,,,,"Gävleborgs län"
81394,Torsåker,,,,"Gävleborgs län"
81395,Torsåker,,,,"Gävleborgs län"
81396,Torsåker,,,,"Gävleborgs län"
79026,Enviken,,,,"Gävleborgs län"
82201,Alfta,,,,"Gävleborgs län"
82221,Alfta,,,,"Gävleborgs län"
82222,Alfta,,,,"Gävleborgs län"
82225,Alfta,,,,"Gävleborgs län"
82230,Alfta,,,,"Gävleborgs län"
82231,Alfta,,,,"Gävleborgs län"
82240,Alfta,,,,"Gävleborgs län"
82280,Alfta,,,,"Gävleborgs län"
82291,Alfta,,,,"Gävleborgs län"
82298,Alfta,,,,"Gävleborgs län"
82299,Alfta,,,,"Gävleborgs län"
82801,Edsbyn,,,,"Gävleborgs län"
82821,Edsbyn,,,,"Gävleborgs län"
82822,Edsbyn,,,,"Gävleborgs län"
82823,Edsbyn,,,,"Gävleborgs län"
82825,Edsbyn,,,,"Gävleborgs län"
82830,Edsbyn,,,,"Gävleborgs län"
82831,Edsbyn,,,,"Gävleborgs län"
82832,Edsbyn,,,,"Gävleborgs län"
82833,Edsbyn,,,,"Gävleborgs län"
82834,Edsbyn,,,,"Gävleborgs län"
82880,Edsbyn,,,,"Gävleborgs län"
82881,Edsbyn,,,,"Gävleborgs län"
82891,Edsbyn,,,,"Gävleborgs län"
82892,Edsbyn,,,,"Gävleborgs län"
82893,Voxnabruk,,,,"Gävleborgs län"
82894,Edsbyn,,,,"Gävleborgs län"
82895,Viksjöfors,,,,"Gävleborgs län"
82899,Edsbyn,,,,"Gävleborgs län"
82070,Bergsjö,,,,"Gävleborgs län"
82071,Ilsbo,,,,"Gävleborgs län"
82072,Strömsbruk,,,,"Gävleborgs län"
82074,Stocka,,,,"Gävleborgs län"
82075,Harmånger,,,,"Gävleborgs län"
82076,Jättendal,,,,"Gävleborgs län"
82077,Gnarp,,,,"Gävleborgs län"
82495,Strömsbruk,,,,"Gävleborgs län"
82496,Stocka,,,,"Gävleborgs län"
82920,Bergsjö,,,,"Gävleborgs län"
82921,Bergsjö,,,,"Gävleborgs län"
82922,Harmånger,,,,"Gävleborgs län"
82923,Gnarp,,,,"Gävleborgs län"
82950,Bergsjö,,,,"Gävleborgs län"
82951,Bergsjö,,,,"Gävleborgs län"
82952,Bergsjö,,,,"Gävleborgs län"
82953,Bergsjö,,,,"Gävleborgs län"
82960,Gnarp,,,,"Gävleborgs län"
82961,Gnarp,,,,"Gävleborgs län"
82962,Gnarp,,,,"Gävleborgs län"
82991,Ilsbo,,,,"Gävleborgs län"
82995,Harmånger,,,,"Gävleborgs län"
82996,Jättendal,,,,"Gävleborgs län"
82041,Färila,,,,"Gävleborgs län"
82042,Korskrogen,,,,"Gävleborgs län"
82043,Kårböle,,,,"Gävleborgs län"
82050,Los,,,,"Gävleborgs län"
82051,Hamra,,,,"Gävleborgs län"
82700,Ljusdal,,,,"Gävleborgs län"
82701,Ljusdal,,,,"Gävleborgs län"
82702,Tallåsen,,,,"Gävleborgs län"
82721,Ljusdal,,,,"Gävleborgs län"
82722,Ljusdal,,,,"Gävleborgs län"
82723,Ljusdal,,,,"Gävleborgs län"
82724,Ljusdal,,,,"Gävleborgs län"
82725,Ljusdal,,,,"Gävleborgs län"
82728,Färila,,,,"Gävleborgs län"
82730,Ljusdal,,,,"Gävleborgs län"
82731,Ljusdal,,,,"Gävleborgs län"
82732,Ljusdal,,,,"Gävleborgs län"
82733,Ljusdal,,,,"Gävleborgs län"
82734,Ljusdal,,,,"Gävleborgs län"
82735,Ljusdal,,,,"Gävleborgs län"
82740,Tallåsen,,,,"Gävleborgs län"
82760,Färila,,,,"Gävleborgs län"
82761,Färila,,,,"Gävleborgs län"
82762,Färila,,,,"Gävleborgs län"
82763,Färila,,,,"Gävleborgs län"
82770,Los,,,,"Gävleborgs län"
82771,Hamra,,,,"Gävleborgs län"
82772,Korskrogen,,,,"Gävleborgs län"
82773,Kårböle,,,,"Gävleborgs län"
82780,Ljusdal,,,,"Gävleborgs län"
82781,Ljusdal,,,,"Gävleborgs län"
82782,Ljusdal,,,,"Gävleborgs län"
82791,Ljusdal,,,,"Gävleborgs län"
82792,Ljusdal,,,,"Gävleborgs län"
82793,Ljusdal,,,,"Gävleborgs län"
82794,Ljusdal,,,,"Gävleborgs län"
82795,Tallåsen,,,,"Gävleborgs län"
80002,Gävle,,,,"Gävleborgs län"
80004,Gävle,,,,"Gävleborgs län"
80006,Gävle,,,,"Gävleborgs län"
80008,Gävle,,,,"Gävleborgs län"
80010,Gävle,,,,"Gävleborgs län"
80011,Gävle,,,,"Gävleborgs län"
80014,Gävle,,,,"Gävleborgs län"
80015,Gävle,,,,"Gävleborgs län"
80100,Gävle,,,,"Gävleborgs län"
80101,Gävle,,,,"Gävleborgs län"
80102,Gävle,,,,"Gävleborgs län"
80103,Gävle,,,,"Gävleborgs län"
80104,Gävle,,,,"Gävleborgs län"
80105,Gävle,,,,"Gävleborgs län"
80106,Gävle,,,,"Gävleborgs län"
80107,Gävle,,,,"Gävleborgs län"
80108,Gävle,,,,"Gävleborgs län"
80126,Gävle,,,,"Gävleborgs län"
80127,Gävle,,,,"Gävleborgs län"
80128,Gävle,,,,"Gävleborgs län"
80129,Gävle,,,,"Gävleborgs län"
80130,Gävle,,,,"Gävleborgs län"
80131,Gävle,,,,"Gävleborgs län"
80132,Gävle,,,,"Gävleborgs län"
80133,Gävle,,,,"Gävleborgs län"
80134,Gävle,,,,"Gävleborgs län"
80135,Gävle,,,,"Gävleborgs län"
80136,Gävle,,,,"Gävleborgs län"
80137,Gävle,,,,"Gävleborgs län"
80138,Gävle,,,,"Gävleborgs län"
80139,Gävle,,,,"Gävleborgs län"
80170,Gävle,,,,"Gävleborgs län"
80171,Gävle,,,,"Gävleborgs län"
80172,Gävle,,,,"Gävleborgs län"
80173,Gävle,,,,"Gävleborgs län"
80174,Gävle,,,,"Gävleborgs län"
80176,Gävle,,,,"Gävleborgs län"
80181,Gävle,,,,"Gävleborgs län"
80182,Gävle,,,,"Gävleborgs län"
80183,Gävle,,,,"Gävleborgs län"
80184,Gävle,,,,"Gävleborgs län"
80185,Gävle,,,,"Gävleborgs län"
80186,Gävle,,,,"Gävleborgs län"
80187,Gävle,,,,"Gävleborgs län"
80188,Gävle,,,,"Gävleborgs län"
80200,Gävle,,,,"Gävleborgs län"
80210,Gävle,,,,"Gävleborgs län"
80250,Gävle,,,,"Gävleborgs län"
80251,Gävle,,,,"Gävleborgs län"
80252,Gävle,,,,"Gävleborgs län"
80253,Gävle,,,,"Gävleborgs län"
80254,Gävle,,,,"Gävleborgs län"
80255,Gävle,,,,"Gävleborgs län"
80256,Gävle,,,,"Gävleborgs län"
80257,Gävle,,,,"Gävleborgs län"
80258,Gävle,,,,"Gävleborgs län"
80260,Gävle,,,,"Gävleborgs län"
80261,Gävle,,,,"Gävleborgs län"
80262,Gävle,,,,"Gävleborgs län"
80263,Gävle,,,,"Gävleborgs län"
80264,Gävle,,,,"Gävleborgs län"
80265,Gävle,,,,"Gävleborgs län"
80266,Gävle,,,,"Gävleborgs län"
80267,Gävle,,,,"Gävleborgs län"
80269,Gävle,,,,"Gävleborgs län"
80270,Gävle,,,,"Gävleborgs län"
80271,Gävle,,,,"Gävleborgs län"
80272,Gävle,,,,"Gävleborgs län"
80274,Gävle,,,,"Gävleborgs län"
80275,Gävle,,,,"Gävleborgs län"
80276,Gävle,,,,"Gävleborgs län"
80277,Gävle,,,,"Gävleborgs län"
80280,Gävle,,,,"Gävleborgs län"
80281,Gävle,,,,"Gävleborgs län"
80282,Gävle,,,,"Gävleborgs län"
80283,Gävle,,,,"Gävleborgs län"
80284,Gävle,,,,"Gävleborgs län"
80285,Gävle,,,,"Gävleborgs län"
80286,Gävle,,,,"Gävleborgs län"
80287,Gävle,,,,"Gävleborgs län"
80288,Gävle,,,,"Gävleborgs län"
80291,Gävle,,,,"Gävleborgs län"
80292,Gävle,,,,"Gävleborgs län"
80293,Gävle,,,,"Gävleborgs län"
80301,Gävle,,,,"Gävleborgs län"
80302,Gävle,,,,"Gävleborgs län"
80309,Gävle,,,,"Gävleborgs län"
80310,Gävle,,,,"Gävleborgs län"
80311,Gävle,,,,"Gävleborgs län"
80320,Gävle,,,,"Gävleborgs län"
80321,Gävle,,,,"Gävleborgs län"
80322,Gävle,,,,"Gävleborgs län"
80323,Gävle,,,,"Gävleborgs län"
80324,Gävle,,,,"Gävleborgs län"
80325,Gävle,,,,"Gävleborgs län"
80400,Gävle,,,,"Gävleborgs län"
80423,Gävle,,,,"Gävleborgs län"
80424,Gävle,,,,"Gävleborgs län"
80425,Gävle,,,,"Gävleborgs län"
80426,Gävle,,,,"Gävleborgs län"
80427,Gävle,,,,"Gävleborgs län"
80428,Gävle,,,,"Gävleborgs län"
80429,Gävle,,,,"Gävleborgs län"
80430,Gävle,,,,"Gävleborgs län"
80431,Gävle,,,,"Gävleborgs län"
80432,Gävle,,,,"Gävleborgs län"
80433,Gävle,,,,"Gävleborgs län"
80434,Gävle,,,,"Gävleborgs län"
80501,Gävle,,,,"Gävleborgs län"
80591,Gävle,,,,"Gävleborgs län"
80592,Gävle,,,,"Gävleborgs län"
80595,Gävle,,,,"Gävleborgs län"
80596,Gävle,,,,"Gävleborgs län"
80597,Gävle,,,,"Gävleborgs län"
80598,Gävle,,,,"Gävleborgs län"
80600,Gävle,,,,"Gävleborgs län"
80626,Gävle,,,,"Gävleborgs län"
80627,Gävle,,,,"Gävleborgs län"
80628,Gävle,,,,"Gävleborgs län"
80631,Gävle,,,,"Gävleborgs län"
80632,Gävle,,,,"Gävleborgs län"
80633,Gävle,,,,"Gävleborgs län"
80634,Gävle,,,,"Gävleborgs län"
80635,Gävle,,,,"Gävleborgs län"
80636,Gävle,,,,"Gävleborgs län"
80637,Gävle,,,,"Gävleborgs län"
80638,Gävle,,,,"Gävleborgs län"
80641,Gävle,,,,"Gävleborgs län"
80642,Gävle,,,,"Gävleborgs län"
80643,Gävle,,,,"Gävleborgs län"
80645,Gävle,,,,"Gävleborgs län"
80646,Gävle,,,,"Gävleborgs län"
80647,Gävle,,,,"Gävleborgs län"
80648,Gävle,,,,"Gävleborgs län"
80649,Gävle,,,,"Gävleborgs län"
81040,Hedesunda,,,,"Gävleborgs län"
81491,Furuvik,,,,"Gävleborgs län"
81701,Norrsundet,,,,"Gävleborgs län"
81702,Bergby,,,,"Gävleborgs län"
81721,Norrsundet,,,,"Gävleborgs län"
81730,Norrsundet,,,,"Gävleborgs län"
81740,Bergby,,,,"Gävleborgs län"
81791,Norrsundet,,,,"Gävleborgs län"
81792,Bergby,,,,"Gävleborgs län"
81793,Hamrångefjärden,,,,"Gävleborgs län"
81801,Valbo,,,,"Gävleborgs län"
81802,Valbo,,,,"Gävleborgs län"
81803,Forsbacka,,,,"Gävleborgs län"
81804,Hedesunda,,,,"Gävleborgs län"
81821,Valbo,,,,"Gävleborgs län"
81830,Valbo,,,,"Gävleborgs län"
81831,Valbo,,,,"Gävleborgs län"
81832,Valbo,,,,"Gävleborgs län"
81833,Valbo,,,,"Gävleborgs län"
81834,Valbo,,,,"Gävleborgs län"
81835,Valbo,,,,"Gävleborgs län"
81841,Forsbacka,,,,"Gävleborgs län"
81842,Forsbacka,,,,"Gävleborgs län"
81845,Hedesunda,,,,"Gävleborgs län"
81891,Valbo,,,,"Gävleborgs län"
81892,Valbo,,,,"Gävleborgs län"
81895,Hedesunda,,,,"Gävleborgs län"
81896,Hedesunda,,,,"Gävleborgs län"
77468,Horndal,,,,"Gävleborgs län"
81020,Österfärnebo,,,,"Gävleborgs län"
81021,Gysinge,,,,"Gävleborgs län"
81022,Årsunda,,,,"Gävleborgs län"
81100,Sandviken,,,,"Gävleborgs län"
81101,Sandviken,,,,"Gävleborgs län"
81102,Järbo,,,,"Gävleborgs län"
81103,Sandviken,,,,"Gävleborgs län"
81104,Sandviken,,,,"Gävleborgs län"
81121,Sandviken,,,,"Gävleborgs län"
81122,Sandviken,,,,"Gävleborgs län"
81123,Sandviken,,,,"Gävleborgs län"
81124,Sandviken,,,,"Gävleborgs län"
81125,Sandviken,,,,"Gävleborgs län"
81126,Sandviken,,,,"Gävleborgs län"
81130,Sandviken,,,,"Gävleborgs län"
81131,Sandviken,,,,"Gävleborgs län"
81132,Sandviken,,,,"Gävleborgs län"
81133,Sandviken,,,,"Gävleborgs län"
81134,Sandviken,,,,"Gävleborgs län"
81135,Sandviken,,,,"Gävleborgs län"
81136,Sandviken,,,,"Gävleborgs län"
81137,Sandviken,,,,"Gävleborgs län"
81138,Sandviken,,,,"Gävleborgs län"
81139,Sandviken,,,,"Gävleborgs län"
81140,Sandviken,,,,"Gävleborgs län"
81141,Sandviken,,,,"Gävleborgs län"
81150,Sandviken,,,,"Gävleborgs län"
81151,Sandviken,,,,"Gävleborgs län"
81152,Sandviken,,,,"Gävleborgs län"
81153,Sandviken,,,,"Gävleborgs län"
81154,Sandviken,,,,"Gävleborgs län"
81160,Sandviken,,,,"Gävleborgs län"
81161,Sandviken,,,,"Gävleborgs län"
81162,Sandviken,,,,"Gävleborgs län"
81170,Järbo,,,,"Gävleborgs län"
81171,Järbo,,,,"Gävleborgs län"
81173,Årsunda,,,,"Gävleborgs län"
81174,Österfärnebo,,,,"Gävleborgs län"
81180,Sandviken,,,,"Gävleborgs län"
81181,Sandviken,,,,"Gävleborgs län"
81185,Sandviken,,,,"Gävleborgs län"
81188,Sandviken,,,,"Gävleborgs län"
81189,Sandviken,,,,"Gävleborgs län"
81191,Sandviken,,,,"Gävleborgs län"
81192,Sandviken,,,,"Gävleborgs län"
81193,Sandviken,,,,"Gävleborgs län"
81194,Sandviken,,,,"Gävleborgs län"
81195,Järbo,,,,"Gävleborgs län"
81196,Årsunda,,,,"Gävleborgs län"
81197,Gysinge,,,,"Gävleborgs län"
81198,Österfärnebo,,,,"Gävleborgs län"
81199,Årsunda,,,,"Gävleborgs län"
81201,Storvik,,,,"Gävleborgs län"
81203,Kungsgården,,,,"Gävleborgs län"
81221,Storvik,,,,"Gävleborgs län"
81222,Storvik,,,,"Gävleborgs län"
81225,Storvik,,,,"Gävleborgs län"
81230,Storvik,,,,"Gävleborgs län"
81231,Storvik,,,,"Gävleborgs län"
81240,Kungsgården,,,,"Gävleborgs län"
81241,Gästrike-Hammarby,,,,"Gävleborgs län"
81251,Åshammar,,,,"Gävleborgs län"
81290,Storvik,,,,"Gävleborgs län"
81292,Gästrike-Hammarby,,,,"Gävleborgs län"
81293,Kungsgården,,,,"Gävleborgs län"
81294,Åshammar,,,,"Gävleborgs län"
81843,Forsbacka,,,,"Gävleborgs län"
81794,Axmar,,,,"Gävleborgs län"
82020,Ljusne,,,,"Gävleborgs län"
82021,Vallvik,,,,"Gävleborgs län"
82022,Sandarne,,,,"Gävleborgs län"
82023,Bergvik,,,,"Gävleborgs län"
82026,Marmaverken,,,,"Gävleborgs län"
82601,Söderhamn,,,,"Gävleborgs län"
82604,Norrala,,,,"Gävleborgs län"
82608,Trönödal,,,,"Gävleborgs län"
82611,Bergvik,,,,"Gävleborgs län"
82612,Sandarne,,,,"Gävleborgs län"
82613,Ljusne,,,,"Gävleborgs län"
82621,Söderhamn,,,,"Gävleborgs län"
82622,Söderhamn,,,,"Gävleborgs län"
82623,Söderhamn,,,,"Gävleborgs län"
82624,Söderhamn,,,,"Gävleborgs län"
82625,Söderhamn,,,,"Gävleborgs län"
82626,Söderhamn,,,,"Gävleborgs län"
82627,Söderhamn,,,,"Gävleborgs län"
82630,Söderhamn,,,,"Gävleborgs län"
82631,Söderhamn,,,,"Gävleborgs län"
82632,Söderhamn,,,,"Gävleborgs län"
82634,Söderhamn,,,,"Gävleborgs län"
82635,Söderhamn,,,,"Gävleborgs län"
82636,Söderhamn,,,,"Gävleborgs län"
82637,Söderhamn,,,,"Gävleborgs län"
82639,Söderhamn,,,,"Gävleborgs län"
82640,Söderhamn,,,,"Gävleborgs län"
82650,Söderhamn,,,,"Gävleborgs län"
82660,Söderhamn,,,,"Gävleborgs län"
82661,Söderala,,,,"Gävleborgs län"
82662,Norrala,,,,"Gävleborgs län"
82666,MARMAVERKEN,,,,"Gävleborgs län"
82667,Bergvik,,,,"Gävleborgs län"
82668,Bergvik,,,,"Gävleborgs län"
82670,Söderhamn,,,,"Gävleborgs län"
82672,Sandarne,,,,"Gävleborgs län"
82673,Sandarne,,,,"Gävleborgs län"
82675,Ljusne,,,,"Gävleborgs län"
82676,Ljusne,,,,"Gävleborgs län"
82677,Ljusne,,,,"Gävleborgs län"
82679,Vallvik,,,,"Gävleborgs län"
82680,Söderhamn,,,,"Gävleborgs län"
82681,Söderhamn,,,,"Gävleborgs län"
82683,Söderhamn,,,,"Gävleborgs län"
82684,Söderhamn,,,,"Gävleborgs län"
82686,Söderhamn,,,,"Gävleborgs län"
82691,Söderhamn,,,,"Gävleborgs län"
82692,Söderala,,,,"Gävleborgs län"
82693,Söderhamn,,,,"Gävleborgs län"
82694,Norrala,,,,"Gävleborgs län"
82695,Trönödal,,,,"Gävleborgs län"
81695,Åmotsbruk,,,,"Gävleborgs län"
82010,Arbrå,,,,"Gävleborgs län"
82011,Vallsta,,,,"Gävleborgs län"
82029,Stråtjära,,,,"Gävleborgs län"
82040,Järvsö,,,,"Gävleborgs län"
82100,Bollnäs,,,,"Gävleborgs län"
82110,Bollnäs,,,,"Gävleborgs län"
82111,Bollnäs,,,,"Gävleborgs län"
82112,Bollnäs,,,,"Gävleborgs län"
82113,Bollnäs,,,,"Gävleborgs län"
82121,Bollnäs,,,,"Gävleborgs län"
82122,Bollnäs,,,,"Gävleborgs län"
82123,Bollnäs,,,,"Gävleborgs län"
82124,Bollnäs,,,,"Gävleborgs län"
82125,Bollnäs,,,,"Gävleborgs län"
82126,Bollnäs,,,,"Gävleborgs län"
82127,Arbrå,,,,"Gävleborgs län"
82130,Bollnäs,,,,"Gävleborgs län"
82131,Bollnäs,,,,"Gävleborgs län"
82132,Bollnäs,,,,"Gävleborgs län"
82133,Bollnäs,,,,"Gävleborgs län"
82134,Bollnäs,,,,"Gävleborgs län"
82135,Bollnäs,,,,"Gävleborgs län"
82136,Bollnäs,,,,"Gävleborgs län"
82140,Bollnäs,,,,"Gävleborgs län"
82141,Bollnäs,,,,"Gävleborgs län"
82142,Bollnäs,,,,"Gävleborgs län"
82143,Bollnäs,,,,"Gävleborgs län"
82150,Bollnäs,,,,"Gävleborgs län"
82151,Bollnäs,,,,"Gävleborgs län"
82158,Rengsjö,,,,"Gävleborgs län"
82160,Arbrå,,,,"Gävleborgs län"
82161,Arbrå,,,,"Gävleborgs län"
82162,Arbrå,,,,"Gävleborgs län"
82163,Arbrå,,,,"Gävleborgs län"
82167,Vallsta,,,,"Gävleborgs län"
82168,Vallsta,,,,"Gävleborgs län"
82180,Bollnäs,,,,"Gävleborgs län"
82182,Bollnäs,,,,"Gävleborgs län"
82189,Arbrå,,,,"Gävleborgs län"
82191,Bollnäs,,,,"Gävleborgs län"
82192,Bollnäs,,,,"Gävleborgs län"
82193,Bollnäs,,,,"Gävleborgs län"
82194,Bollnäs,,,,"Gävleborgs län"
82195,Bollnäs,,,,"Gävleborgs län"
82198,Rengsjö,,,,"Gävleborgs län"
82292,Alfta,,,,"Gävleborgs län"
82301,Kilafors,,,,"Gävleborgs län"
82321,Kilafors,,,,"Gävleborgs län"
82322,Kilafors,,,,"Gävleborgs län"
82330,Kilafors,,,,"Gävleborgs län"
82380,Kilafors,,,,"Gävleborgs län"
82391,Kilafors,,,,"Gävleborgs län"
82392,Holmsveden,,,,"Gävleborgs län"
82393,Segersta,,,,"Gävleborgs län"
82669,Stråtjära,,,,"Gävleborgs län"
82727,Järvsö,,,,"Gävleborgs län"
82750,Järvsö,,,,"Gävleborgs län"
82751,Järvsö,,,,"Gävleborgs län"
82752,Järvsö,,,,"Gävleborgs län"
82753,Järvsö,,,,"Gävleborgs län"
82754,Järvsö,,,,"Gävleborgs län"
82060,Delsbo,,,,"Gävleborgs län"
82062,Bjuråker,,,,"Gävleborgs län"
82064,Näsviken,,,,"Gävleborgs län"
82065,Forsa,,,,"Gävleborgs län"
82078,Hassela,,,,"Gävleborgs län"
82400,Hudiksvall,,,,"Gävleborgs län"
82401,Hudiksvall,,,,"Gävleborgs län"
82402,Hudiksvall,,,,"Gävleborgs län"
82408,Delsbo,,,,"Gävleborgs län"
82409,Näsviken,,,,"Gävleborgs län"
82410,Hudiksvall,,,,"Gävleborgs län"
82411,Hudiksvall,,,,"Gävleborgs län"
82412,Hudiksvall,,,,"Gävleborgs län"
82413,Hudiksvall,,,,"Gävleborgs län"
82414,Hudiksvall,,,,"Gävleborgs län"
82415,Hudiksvall,,,,"Gävleborgs län"
82421,Hudiksvall,,,,"Gävleborgs län"
82422,Hudiksvall,,,,"Gävleborgs län"
82423,Hudiksvall,,,,"Gävleborgs län"
82424,Hudiksvall,,,,"Gävleborgs län"
82425,Hudiksvall,,,,"Gävleborgs län"
82426,Hudiksvall,,,,"Gävleborgs län"
82427,Hudiksvall,,,,"Gävleborgs län"
82428,Hudiksvall,,,,"Gävleborgs län"
82430,Hudiksvall,,,,"Gävleborgs län"
82431,Hudiksvall,,,,"Gävleborgs län"
82432,Hudiksvall,,,,"Gävleborgs län"
82433,Hudiksvall,,,,"Gävleborgs län"
82434,Hudiksvall,,,,"Gävleborgs län"
82435,Hudiksvall,,,,"Gävleborgs län"
82439,Hudiksvall,,,,"Gävleborgs län"
82440,Hudiksvall,,,,"Gävleborgs län"
82441,Hudiksvall,,,,"Gävleborgs län"
82442,Hudiksvall,,,,"Gävleborgs län"
82443,Hudiksvall,,,,"Gävleborgs län"
82444,Hudiksvall,,,,"Gävleborgs län"
82445,Hudiksvall,,,,"Gävleborgs län"
82450,Hudiksvall,,,,"Gävleborgs län"
82451,Hudiksvall,,,,"Gävleborgs län"
82452,Hudiksvall,,,,"Gävleborgs län"
82453,Hudiksvall,,,,"Gävleborgs län"
82454,Hudiksvall,,,,"Gävleborgs län"
82455,Hudiksvall,,,,"Gävleborgs län"
82456,Hudiksvall,,,,"Gävleborgs län"
82460,Forsa,,,,"Gävleborgs län"
82461,Forsa,,,,"Gävleborgs län"
82462,Forsa,,,,"Gävleborgs län"
82465,Näsviken,,,,"Gävleborgs län"
82466,Näsviken,,,,"Gävleborgs län"
82467,Näsviken,,,,"Gävleborgs län"
82470,Delsbo,,,,"Gävleborgs län"
82471,Delsbo,,,,"Gävleborgs län"
82472,Delsbo,,,,"Gävleborgs län"
82473,Delsbo,,,,"Gävleborgs län"
82474,Delsbo,,,,"Gävleborgs län"
82477,Bjuråker,,,,"Gävleborgs län"
82478,Bjuråker,,,,"Gävleborgs län"
82479,Bjuråker,,,,"Gävleborgs län"
82480,Hudiksvall,,,,"Gävleborgs län"
82481,Hudiksvall,,,,"Gävleborgs län"
82482,Hudiksvall,,,,"Gävleborgs län"
82483,Hudiksvall,,,,"Gävleborgs län"
82491,Hudiksvall,,,,"Gävleborgs län"
82492,Hudiksvall,,,,"Gävleborgs län"
82493,Hudiksvall,,,,"Gävleborgs län"
82494,Hudiksvall,,,,"Gävleborgs län"
82500,Iggesund,,,,"Gävleborgs län"
82501,Iggesund,,,,"Gävleborgs län"
82521,Iggesund,,,,"Gävleborgs län"
82530,Iggesund,,,,"Gävleborgs län"
82531,Iggesund,,,,"Gävleborgs län"
82532,Iggesund,,,,"Gävleborgs län"
82580,Iggesund,,,,"Gävleborgs län"
82591,Iggesund,,,,"Gävleborgs län"
82592,Njutånger,,,,"Gävleborgs län"
82593,Njutånger,,,,"Gävleborgs län"
82595,Enånger,,,,"Gävleborgs län"
82596,Enånger,,,,"Gävleborgs län"
82924,Hassela,,,,"Gävleborgs län"
82998,Hassela,,,,"Gävleborgs län"
80208,Gävle,,,,"Gävleborgs län"
80630,Gävle,,,,"Gävleborgs län"
80800,Gävle,,,,"Gävleborgs län"
80801,Gävle,,,,"Gävleborgs län"
80802,Gävle,,,,"Gävleborgs län"
80804,Gävle,,,,"Gävleborgs län"
80810,Gävle,,,,"Gävleborgs län"
80811,Gävle,,,,"Gävleborgs län"
80814,Gävle,,,,"Gävleborgs län"
80815,Gävle,,,,"Gävleborgs län"
80886,Gävle,,,,"Gävleborgs län"
81119,Järbo,,,,"Gävleborgs län"
81120,Sandviken,,,,"Gävleborgs län"
81204,Åshammar,,,,"Gävleborgs län"
81219,Åshammar,,,,"Gävleborgs län"
81220,Storvik,,,,"Gävleborgs län"
81319,Torsåker,,,,"Gävleborgs län"
81320,Hofors,,,,"Gävleborgs län"
81620,Ockelbo,,,,"Gävleborgs län"
81720,Norrsundet,,,,"Gävleborgs län"
81819,Forsbacka,,,,"Gävleborgs län"
81820,Valbo,,,,"Gävleborgs län"
82119,Rengsjö,,,,"Gävleborgs län"
82120,Bollnäs,,,,"Gävleborgs län"
82181,Bollnäs,,,,"Gävleborgs län"
82220,Alfta,,,,"Gävleborgs län"
82281,Alfta,,,,"Gävleborgs län"
82303,Segersta,,,,"Gävleborgs län"
82320,Kilafors,,,,"Gävleborgs län"
82420,Hudiksvall,,,,"Gävleborgs län"
82519,Enånger,,,,"Gävleborgs län"
82520,Iggesund,,,,"Gävleborgs län"
82620,Söderhamn,,,,"Gävleborgs län"
82682,Söderhamn,,,,"Gävleborgs län"
82685,Söderhamn,,,,"Gävleborgs län"
82720,Ljusdal,,,,"Gävleborgs län"
82820,Edsbyn,,,,"Gävleborgs län"
84010,Ljungaverk,,,,"Västernorrlands län"
84012,Fränsta,,,,"Västernorrlands län"
84100,Ånge,,,,"Västernorrlands län"
84101,Ånge,,,,"Västernorrlands län"
84102,Fränsta,,,,"Västernorrlands län"
84103,Östavall,,,,"Västernorrlands län"
84121,Ånge,,,,"Västernorrlands län"
84122,Ånge,,,,"Västernorrlands län"
84123,Ånge,,,,"Västernorrlands län"
84131,Ånge,,,,"Västernorrlands län"
84132,Ånge,,,,"Västernorrlands län"
84133,Ånge,,,,"Västernorrlands län"
84134,Ånge,,,,"Västernorrlands län"
84144,Alby,,,,"Västernorrlands län"
84171,Fränsta,,,,"Västernorrlands län"
84172,Fränsta,,,,"Västernorrlands län"
84173,Fränsta,,,,"Västernorrlands län"
84174,Fränsta,,,,"Västernorrlands län"
84176,Torpshammer,,,,"Västernorrlands län"
84180,Ånge,,,,"Västernorrlands län"
84181,Ånge,,,,"Västernorrlands län"
84191,Ånge,,,,"Västernorrlands län"
84192,Ånge,,,,"Västernorrlands län"
84193,Östavall,,,,"Västernorrlands län"
84194,Alby,,,,"Västernorrlands län"
84196,Erikslund,,,,"Västernorrlands län"
84197,Erikslund,,,,"Västernorrlands län"
84198,Ljungaverk,,,,"Västernorrlands län"
84199,Ljungaverk,,,,"Västernorrlands län"
86030,Sörberge,,,,"Västernorrlands län"
86032,Fagervik,,,,"Västernorrlands län"
86101,Timrå,,,,"Västernorrlands län"
86121,Timrå,,,,"Västernorrlands län"
86122,Timrå,,,,"Västernorrlands län"
86123,Timrå,,,,"Västernorrlands län"
86124,Timrå,,,,"Västernorrlands län"
86126,Timrå,,,,"Västernorrlands län"
86127,Sörberge,,,,"Västernorrlands län"
86131,Timrå,,,,"Västernorrlands län"
86132,Timrå,,,,"Västernorrlands län"
86133,Timrå,,,,"Västernorrlands län"
86134,Timrå,,,,"Västernorrlands län"
86135,Timrå,,,,"Västernorrlands län"
86136,Timrå,,,,"Västernorrlands län"
86141,Sörberge,,,,"Västernorrlands län"
86142,Sörberge,,,,"Västernorrlands län"
86143,Sörberge,,,,"Västernorrlands län"
86145,Fagervik,,,,"Västernorrlands län"
86181,Timrå,,,,"Västernorrlands län"
86182,Timrå,,,,"Västernorrlands län"
86183,Timrå,,,,"Västernorrlands län"
86184,Timrå,,,,"Västernorrlands län"
86191,Timrå,,,,"Västernorrlands län"
86193,Ljustorp,,,,"Västernorrlands län"
86035,Söråker,,,,"Västernorrlands län"
86128,Söråker,,,,"Västernorrlands län"
86151,Söråker,,,,"Västernorrlands län"
86152,Söråker,,,,"Västernorrlands län"
86194,Söråker,,,,"Västernorrlands län"
86195,Söråker,,,,"Västernorrlands län"
87010,Älandsbro,,,,"Västernorrlands län"
87015,Utansjö,,,,"Västernorrlands län"
87101,Härnösand,,,,"Västernorrlands län"
87102,Härnösand,,,,"Västernorrlands län"
87103,Härnösand,,,,"Västernorrlands län"
87104,Älandsbro,,,,"Västernorrlands län"
87121,Härnösand,,,,"Västernorrlands län"
87122,Härnösand,,,,"Västernorrlands län"
87123,Härnösand,,,,"Västernorrlands län"
87124,Härnösand,,,,"Västernorrlands län"
87125,Härnösand,,,,"Västernorrlands län"
87126,Härnösand,,,,"Västernorrlands län"
87127,Härnösand,,,,"Västernorrlands län"
87129,Härnösand,,,,"Västernorrlands län"
87130,Härnösand,,,,"Västernorrlands län"
87131,Härnösand,,,,"Västernorrlands län"
87132,Härnösand,,,,"Västernorrlands län"
87133,Härnösand,,,,"Västernorrlands län"
87134,HÄRNÖSAND,,,,"Västernorrlands län"
87140,Härnösand,,,,"Västernorrlands län"
87141,Härnösand,,,,"Västernorrlands län"
87142,Härnösand,,,,"Västernorrlands län"
87145,Härnösand,,,,"Västernorrlands län"
87150,Härnösand,,,,"Västernorrlands län"
87151,Härnösand,,,,"Västernorrlands län"
87152,Härnösand,,,,"Västernorrlands län"
87153,Härnösand,,,,"Västernorrlands län"
87154,Härnösand,,,,"Västernorrlands län"
87160,Härnösand,,,,"Västernorrlands län"
87161,Härnösand,,,,"Västernorrlands län"
87162,Härnösand,,,,"Västernorrlands län"
87165,Härnösand,,,,"Västernorrlands län"
87166,Härnösand,,,,"Västernorrlands län"
87171,Älandsbro,,,,"Västernorrlands län"
87180,Härnösand,,,,"Västernorrlands län"
87181,Härnösand,,,,"Västernorrlands län"
87182,Härnösand,,,,"Västernorrlands län"
87184,Härnösand,,,,"Västernorrlands län"
87185,Härnösand,,,,"Västernorrlands län"
87186,Härnösand,,,,"Västernorrlands län"
87187,Härnösand,,,,"Västernorrlands län"
87188,Härnösand,,,,"Västernorrlands län"
87191,Härnösand,,,,"Västernorrlands län"
87192,Härnösand,,,,"Västernorrlands län"
87193,Härnösand,,,,"Västernorrlands län"
87194,Viksjö,,,,"Västernorrlands län"
87195,Âlandsbro,,,,"Västernorrlands län"
87196,Hemsön,,,,"Västernorrlands län"
87197,Utansjö,,,,"Västernorrlands län"
87199,Härnösand,,,,"Västernorrlands län"
85003,Sundsvall,,,,"Västernorrlands län"
85006,Sundsvall,,,,"Västernorrlands län"
85007,Sundsvall,,,,"Västernorrlands län"
85008,Sundsvall,,,,"Västernorrlands län"
85009,Sundsvall,,,,"Västernorrlands län"
85010,Sundsvall,,,,"Västernorrlands län"
85012,Sundsvall,,,,"Västernorrlands län"
85013,Sundsvall,,,,"Västernorrlands län"
85015,Sundsvall,,,,"Västernorrlands län"
85100,Sundsvall,,,,"Västernorrlands län"
85102,Sundsvall,,,,"Västernorrlands län"
85103,Sundsvall,,,,"Västernorrlands län"
85104,Sundsvall,,,,"Västernorrlands län"
85105,Sundsvall,,,,"Västernorrlands län"
85106,Sundsvall,,,,"Västernorrlands län"
85107,Sundsvall,,,,"Västernorrlands län"
85110,Sundsvall,,,,"Västernorrlands län"
85121,Sundsvall,,,,"Västernorrlands län"
85122,Sundsvall,,,,"Västernorrlands län"
85123,Sundsvall,,,,"Västernorrlands län"
85124,Sundsvall,,,,"Västernorrlands län"
85125,Sundsvall,,,,"Västernorrlands län"
85170,Sundsvall,,,,"Västernorrlands län"
85171,Sundsvall,,,,"Västernorrlands län"
85172,Sundsvall,,,,"Västernorrlands län"
85173,Sundsvall,,,,"Västernorrlands län"
85174,Sundsvall,,,,"Västernorrlands län"
85175,Sundsvall,,,,"Västernorrlands län"
85176,Sundsvall,,,,"Västernorrlands län"
85178,Sundsvall,,,,"Västernorrlands län"
85179,Sundsvall,,,,"Västernorrlands län"
85180,Sundsvall,,,,"Västernorrlands län"
85181,Sundsvall,,,,"Västernorrlands län"
85182,Sundsvall,,,,"Västernorrlands län"
85183,Sundsvall,,,,"Västernorrlands län"
85184,Sundsvall,,,,"Västernorrlands län"
85185,Sundsvall,,,,"Västernorrlands län"
85186,Sundsvall,,,,"Västernorrlands län"
85187,Sundsvall,,,,"Västernorrlands län"
85188,Sundsvall,,,,"Västernorrlands län"
85189,Sundsvall,,,,"Västernorrlands län"
85190,Sundsvall,,,,"Västernorrlands län"
85192,Sundsvall,,,,"Västernorrlands län"
85193,Sundsvall,,,,"Västernorrlands län"
85194,Sundsvall,,,,"Västernorrlands län"
85196,Sundsvall,,,,"Västernorrlands län"
85198,Sundsvall,,,,"Västernorrlands län"
85199,Sundsvall,,,,"Västernorrlands län"
85201,Sundsvall,,,,"Västernorrlands län"
85229,Sundsvall,,,,"Västernorrlands län"
85230,Sundsvall,,,,"Västernorrlands län"
85231,Sundsvall,,,,"Västernorrlands län"
85232,Sundsvall,,,,"Västernorrlands län"
85233,Sundsvall,,,,"Västernorrlands län"
85234,Sundsvall,,,,"Västernorrlands län"
85235,Sundsvall,,,,"Västernorrlands län"
85236,Sundsvall,,,,"Västernorrlands län"
85237,Sundsvall,,,,"Västernorrlands län"
85238,Sundsvall,,,,"Västernorrlands län"
85239,Sundsvall,,,,"Västernorrlands län"
85240,Sundsvall,,,,"Västernorrlands län"
85241,Sundsvall,,,,"Västernorrlands län"
85242,Sundsvall,,,,"Västernorrlands län"
85243,Sundsvall,,,,"Västernorrlands län"
85244,Sundsvall,,,,"Västernorrlands län"
85301,Sundsvall,,,,"Västernorrlands län"
85350,Sundsvall,,,,"Västernorrlands län"
85351,Sundsvall,,,,"Västernorrlands län"
85352,Sundsvall,,,,"Västernorrlands län"
85353,Sundsvall,,,,"Västernorrlands län"
85356,Sundsvall,,,,"Västernorrlands län"
85357,Sundsvall,,,,"Västernorrlands län"
85358,Sundsvall,,,,"Västernorrlands län"
85359,Sundsvall,,,,"Västernorrlands län"
85401,Sundsvall,,,,"Västernorrlands län"
85402,Sundsvall,,,,"Västernorrlands län"
85460,Sundsvall,,,,"Västernorrlands län"
85461,Sundsvall,,,,"Västernorrlands län"
85462,Sundsvall,,,,"Västernorrlands län"
85463,Sundsvall,,,,"Västernorrlands län"
85466,Sundsvall,,,,"Västernorrlands län"
85467,Sundsvall,,,,"Västernorrlands län"
85468,Sundsvall,,,,"Västernorrlands län"
85561,Kovland,,,,"Västernorrlands län"
85590,Sundsvall,,,,"Västernorrlands län"
85591,Sundsvall,,,,"Västernorrlands län"
85592,Kovland,,,,"Västernorrlands län"
85597,Indal,,,,"Västernorrlands län"
85598,Liden,,,,"Västernorrlands län"
85599,Liden,,,,"Västernorrlands län"
85601,Sundsvall,,,,"Västernorrlands län"
85630,Sundsvall,,,,"Västernorrlands län"
85631,Sundsvall,,,,"Västernorrlands län"
85632,Sundsvall,,,,"Västernorrlands län"
85633,Sundsvall,,,,"Västernorrlands län"
85634,Sundsvall,,,,"Västernorrlands län"
85635,Sundsvall,,,,"Västernorrlands län"
85640,Sundsvall,,,,"Västernorrlands län"
85641,Sundsvall,,,,"Västernorrlands län"
85642,Sundsvall,,,,"Västernorrlands län"
85643,Sundsvall,,,,"Västernorrlands län"
85644,Sundsvall,,,,"Västernorrlands län"
85645,Sundsvall,,,,"Västernorrlands län"
85650,Sundsvall,,,,"Västernorrlands län"
85651,Sundsvall,,,,"Västernorrlands län"
85652,Sundsvall,,,,"Västernorrlands län"
85653,Sundsvall,,,,"Västernorrlands län"
85700,Sundsvall,,,,"Västernorrlands län"
85701,Sundsvall,,,,"Västernorrlands län"
85730,Sundsvall,,,,"Västernorrlands län"
85731,Sundsvall,,,,"Västernorrlands län"
85732,Sundsvall,,,,"Västernorrlands län"
85733,Sundsvall,,,,"Västernorrlands län"
85734,Sundsvall,,,,"Västernorrlands län"
85735,Sundsvall,,,,"Västernorrlands län"
85740,Sundsvall,,,,"Västernorrlands län"
85741,Sundsvall,,,,"Västernorrlands län"
85742,Sundsvall,,,,"Västernorrlands län"
85750,Sundsvall,,,,"Västernorrlands län"
85751,Sundsvall,,,,"Västernorrlands län"
85752,Sundsvall,,,,"Västernorrlands län"
85753,Sundsvall,,,,"Västernorrlands län"
85985,Sundsvall,,,,"Västernorrlands län"
85999,Sundsvall,,,,"Västernorrlands län"
86013,Stöde,,,,"Västernorrlands län"
86025,Kovland,,,,"Västernorrlands län"
86033,Bergeforsen,,,,"Västernorrlands län"
86040,Indal,,,,"Västernorrlands län"
86138,Bergeforsen,,,,"Västernorrlands län"
86139,Bergeforsen,,,,"Västernorrlands län"
86192,Bergeforsen,,,,"Västernorrlands län"
86201,Kvissleby,,,,"Västernorrlands län"
86202,Njurunda,,,,"Västernorrlands län"
86221,Kvissleby,,,,"Västernorrlands län"
86222,Kvissleby,,,,"Västernorrlands län"
86223,Kvissleby,,,,"Västernorrlands län"
86224,Kvissleby,,,,"Västernorrlands län"
86231,Kvissleby,,,,"Västernorrlands län"
86232,Kvissleby,,,,"Västernorrlands län"
86233,Kvissleby,,,,"Västernorrlands län"
86234,Kvissleby,,,,"Västernorrlands län"
86240,Njurunda,,,,"Västernorrlands län"
86241,Njurunda,,,,"Västernorrlands län"
86291,Kvissleby,,,,"Västernorrlands län"
86292,Kvissleby,,,,"Västernorrlands län"
86294,Njurunda,,,,"Västernorrlands län"
86295,Njurunda,,,,"Västernorrlands län"
86296,Njurunda,,,,"Västernorrlands län"
86321,Sundsbruk,,,,"Västernorrlands län"
86322,Sundsbruk,,,,"Västernorrlands län"
86323,Sundsbruk,,,,"Västernorrlands län"
86331,Sundsbruk,,,,"Västernorrlands län"
86332,Sundsbruk,,,,"Västernorrlands län"
86333,Sundsbruk,,,,"Västernorrlands län"
86334,Sundsbruk,,,,"Västernorrlands län"
86335,Sundsbruk,,,,"Västernorrlands län"
86336,Sundsbruk,,,,"Västernorrlands län"
86401,Matfors,,,,"Västernorrlands län"
86421,Matfors,,,,"Västernorrlands län"
86422,Matfors,,,,"Västernorrlands län"
86423,Matfors,,,,"Västernorrlands län"
86431,Matfors,,,,"Västernorrlands län"
86432,Matfors,,,,"Västernorrlands län"
86433,Matfors,,,,"Västernorrlands län"
86441,Stöde,,,,"Västernorrlands län"
86491,Matfors,,,,"Västernorrlands län"
86492,Matfors,,,,"Västernorrlands län"
86495,Stöde,,,,"Västernorrlands län"
86496,Stöde,,,,"Västernorrlands län"
86501,Alnö,,,,"Västernorrlands län"
86521,Alnö,,,,"Västernorrlands län"
86522,Alnö,,,,"Västernorrlands län"
86531,Alnö,,,,"Västernorrlands län"
86532,Alnö,,,,"Västernorrlands län"
86533,Alnö,,,,"Västernorrlands län"
86551,Ankarsvik,,,,"Västernorrlands län"
86591,Alnö,,,,"Västernorrlands län"
86592,Alnö,,,,"Västernorrlands län"
87016,Ramvik,,,,"Västernorrlands län"
87030,Nordingrå,,,,"Västernorrlands län"
87031,Mjällom,,,,"Västernorrlands län"
87032,Ullånger,,,,"Västernorrlands län"
87033,Docksta,,,,"Västernorrlands län"
87052,Nyland,,,,"Västernorrlands län"
87198,Ramvik,,,,"Västernorrlands län"
87200,Kramfors,,,,"Västernorrlands län"
87221,Kramfors,,,,"Västernorrlands län"
87222,Kramfors,,,,"Västernorrlands län"
87223,Kramfors,,,,"Västernorrlands län"
87224,Kramfors,,,,"Västernorrlands län"
87225,Kramfors,,,,"Västernorrlands län"
87226,Kramfors,,,,"Västernorrlands län"
87230,Kramfors,,,,"Västernorrlands län"
87231,Kramfors,,,,"Västernorrlands län"
87232,Kramfors,,,,"Västernorrlands län"
87233,Kramfors,,,,"Västernorrlands län"
87234,Kramfors,,,,"Västernorrlands län"
87235,Kramfors,,,,"Västernorrlands län"
87236,Kramfors,,,,"Västernorrlands län"
87243,Kramfors,,,,"Västernorrlands län"
87263,Lunde,,,,"Västernorrlands län"
87264,Sandöverken,,,,"Västernorrlands län"
87275,Lugnvik,,,,"Västernorrlands län"
87280,Kramfors,,,,"Västernorrlands län"
87291,Kramfors,,,,"Västernorrlands län"
87292,Kramfors,,,,"Västernorrlands län"
87293,Lunde,,,,"Västernorrlands län"
87294,Sandöverken,,,,"Västernorrlands län"
87295,Lugnvik,,,,"Västernorrlands län"
87296,Bjärtrå,,,,"Västernorrlands län"
87297,Skog,,,,"Västernorrlands län"
87298,Noraström,,,,"Västernorrlands län"
87302,Nyland,,,,"Västernorrlands län"
87303,Ullånger,,,,"Västernorrlands län"
87321,Bollstabruk,,,,"Västernorrlands län"
87322,Bollstabruk,,,,"Västernorrlands län"
87330,Bollstabruk,,,,"Västernorrlands län"
87340,Bollstabruk,,,,"Västernorrlands län"
87350,Väja,,,,"Västernorrlands län"
87371,Nyland,,,,"Västernorrlands län"
87372,Ullånger,,,,"Västernorrlands län"
87380,Bollstabruk,,,,"Västernorrlands län"
87381,Väja,,,,"Västernorrlands län"
87391,Bollstabruk,,,,"Västernorrlands län"
87392,Bollstabruk,,,,"Västernorrlands län"
87393,Nyland,,,,"Västernorrlands län"
87394,Nyland,,,,"Västernorrlands län"
87395,Ullånger,,,,"Västernorrlands län"
87396,Docksta,,,,"Västernorrlands län"
87397,Mjällom,,,,"Västernorrlands län"
87398,Nordingrå,,,,"Västernorrlands län"
87399,Nordingrå,,,,"Västernorrlands län"
88030,Näsåker,,,,"Västernorrlands län"
88041,Edsele,,,,"Västernorrlands län"
88101,Sollefteå,,,,"Västernorrlands län"
88104,Sollefteå,,,,"Västernorrlands län"
88106,Näsåker,,,,"Västernorrlands län"
88121,Sollefteå,,,,"Västernorrlands län"
88122,Sollefteå,,,,"Västernorrlands län"
88123,Sollefteå,,,,"Västernorrlands län"
88124,Sollefteå,,,,"Västernorrlands län"
88125,Sollefteå,,,,"Västernorrlands län"
88126,Sollefteå,,,,"Västernorrlands län"
88127,Sollefteå,,,,"Västernorrlands län"
88130,Sollefteå,,,,"Västernorrlands län"
88131,Sollefteå,,,,"Västernorrlands län"
88132,Sollefteå,,,,"Västernorrlands län"
88133,Sollefteå,,,,"Västernorrlands län"
88134,Sollefteå,,,,"Västernorrlands län"
88135,Sollefteå,,,,"Västernorrlands län"
88140,Sollefteå,,,,"Västernorrlands län"
88141,Sollefteå,,,,"Västernorrlands län"
88150,Sollefteå,,,,"Västernorrlands län"
88151,Sollefteå,,,,"Västernorrlands län"
88152,Sollefteå,,,,"Västernorrlands län"
88160,Sollefteå,,,,"Västernorrlands län"
88170,Näsåker,,,,"Västernorrlands län"
88180,Sollefteå,,,,"Västernorrlands län"
88181,Sollefteå,,,,"Västernorrlands län"
88185,Sollefteå,,,,"Västernorrlands län"
88186,Sollefteå,,,,"Västernorrlands län"
88191,Sollefteå,,,,"Västernorrlands län"
88192,Sollefteå,,,,"Västernorrlands län"
88193,Sollefteå,,,,"Västernorrlands län"
88194,Sollefteå,,,,"Västernorrlands län"
88195,Undrom,,,,"Västernorrlands län"
88196,Resele,,,,"Västernorrlands län"
88197,Resele,,,,"Västernorrlands län"
88198,Näsåker,,,,"Västernorrlands län"
88199,Näsåker,,,,"Västernorrlands län"
88221,Långsele,,,,"Västernorrlands län"
88222,Långsele,,,,"Västernorrlands län"
88230,Långsele,,,,"Västernorrlands län"
88240,Långsele,,,,"Västernorrlands län"
88250,Långsele,,,,"Västernorrlands län"
88280,Långsele,,,,"Västernorrlands län"
88281,Långsele,,,,"Västernorrlands län"
88291,Långsele,,,,"Västernorrlands län"
88293,Helgum,,,,"Västernorrlands län"
88295,Graninge,,,,"Västernorrlands län"
88302,Edsele,,,,"Västernorrlands län"
88391,Edsele,,,,"Västernorrlands län"
88037,Junsele,,,,"Västernorrlands län"
88304,Junsele,,,,"Västernorrlands län"
88371,Junsele,,,,"Västernorrlands län"
88396,Junsele,,,,"Västernorrlands län"
88397,Junsele,,,,"Västernorrlands län"
89035,Husum,,,,"Västernorrlands län"
89037,Gideå,,,,"Västernorrlands län"
89042,Mellansel,,,,"Västernorrlands län"
89050,Björna,,,,"Västernorrlands län"
89051,Långviksmon,,,,"Västernorrlands län"
89101,Örnsköldsvik,,,,"Västernorrlands län"
89104,Örnsköldsvik,,,,"Västernorrlands län"
89117,Örnsköldsvik,,,,"Västernorrlands län"
89118,Örnsköldsvik,,,,"Västernorrlands län"
89120,Örnsköldsvik,,,,"Västernorrlands län"
89121,Örnsköldsvik,,,,"Västernorrlands län"
89122,Örnsköldsvik,,,,"Västernorrlands län"
89123,Örnsköldsvik,,,,"Västernorrlands län"
89124,Örnsköldsvik,,,,"Västernorrlands län"
89125,Örnsköldsvik,,,,"Västernorrlands län"
89126,Örnsköldsvik,,,,"Västernorrlands län"
89127,Örnsköldsvik,,,,"Västernorrlands län"
89128,Örnsköldsvik,,,,"Västernorrlands län"
89129,Örnsköldsvik,,,,"Västernorrlands län"
89130,Örnsköldsvik,,,,"Västernorrlands län"
89131,Örnsköldsvik,,,,"Västernorrlands län"
89132,Örnsköldsvik,,,,"Västernorrlands län"
89133,Örnsköldsvik,,,,"Västernorrlands län"
89134,Örnsköldsvik,,,,"Västernorrlands län"
89135,Örnsköldsvik,,,,"Västernorrlands län"
89136,Örnsköldsvik,,,,"Västernorrlands län"
89137,Örnsköldsvik,,,,"Västernorrlands län"
89138,Örnsköldsvik,,,,"Västernorrlands län"
89140,Örnsköldsvik,,,,"Västernorrlands län"
89141,Örnsköldsvik,,,,"Västernorrlands län"
89142,Örnsköldsvik,,,,"Västernorrlands län"
89143,Örnsköldsvik,,,,"Västernorrlands län"
89144,Örnsköldsvik,,,,"Västernorrlands län"
89145,Örnsköldsvik,,,,"Västernorrlands län"
89150,Örnsköldsvik,,,,"Västernorrlands län"
89151,Örnsköldsvik,,,,"Västernorrlands län"
89155,Arnäsvall,,,,"Västernorrlands län"
89160,Örnsköldsvik,,,,"Västernorrlands län"
89161,Örnsköldsvik,,,,"Västernorrlands län"
89162,Örnsköldsvik,,,,"Västernorrlands län"
89163,Örnsköldsvik,,,,"Västernorrlands län"
89164,Örnsköldsvik,,,,"Västernorrlands län"
89165,Örnsköldsvik,,,,"Västernorrlands län"
89177,Järved,,,,"Västernorrlands län"
89178,Bonässund,,,,"Västernorrlands län"
89180,Örnsköldsvik,,,,"Västernorrlands län"
89182,Örnsköldsvik,,,,"Västernorrlands län"
89185,Örnsköldsvik,,,,"Västernorrlands län"
89186,Örnsköldsvik,,,,"Västernorrlands län"
89188,Örnsköldsvik,,,,"Västernorrlands län"
89189,Örnsköldsvik,,,,"Västernorrlands län"
89190,Örnsköldsvik,,,,"Västernorrlands län"
89192,Örnsköldsvik,,,,"Västernorrlands län"
89195,Arnäsvall,,,,"Västernorrlands län"
89196,Arnäsvall,,,,"Västernorrlands län"
89200,Domsjö,,,,"Västernorrlands län"
89221,Domsjö,,,,"Västernorrlands län"
89222,Domsjö,,,,"Västernorrlands län"
89223,Domsjö,,,,"Västernorrlands län"
89224,Domsjö,,,,"Västernorrlands län"
89230,Domsjö,,,,"Västernorrlands län"
89231,Domsjö,,,,"Västernorrlands län"
89232,Domsjö,,,,"Västernorrlands län"
89233,Domsjö,,,,"Västernorrlands län"
89234,Domsjö,,,,"Västernorrlands län"
89240,Domsjö,,,,"Västernorrlands län"
89241,Domsjö,,,,"Västernorrlands län"
89242,Domsjö,,,,"Västernorrlands län"
89243,Domsjö,,,,"Västernorrlands län"
89250,Domsjö,,,,"Västernorrlands län"
89251,Domsjö,,,,"Västernorrlands län"
89292,Domsjö,,,,"Västernorrlands län"
89300,Bjästa,,,,"Västernorrlands län"
89301,Bjästa,,,,"Västernorrlands län"
89302,Köpmanholmen,,,,"Västernorrlands län"
89321,Bjästa,,,,"Västernorrlands län"
89322,Bjästa,,,,"Västernorrlands län"
89323,Bjästa,,,,"Västernorrlands län"
89324,Bjästa,,,,"Västernorrlands län"
89330,Bjästa,,,,"Västernorrlands län"
89331,Bjästa,,,,"Västernorrlands län"
89340,Köpmanholmen,,,,"Västernorrlands län"
89380,Bjästa,,,,"Västernorrlands län"
89391,Bjästa,,,,"Västernorrlands län"
89392,Bjästa,,,,"Västernorrlands län"
89395,Sidensjö,,,,"Västernorrlands län"
89396,Sidensjö,,,,"Västernorrlands län"
89399,Ulvöhamn,,,,"Västernorrlands län"
89421,Själevad,,,,"Västernorrlands län"
89422,Själevad,,,,"Västernorrlands län"
89423,Själevad,,,,"Västernorrlands län"
89430,Själevad,,,,"Västernorrlands län"
89431,Själevad,,,,"Västernorrlands län"
89435,Själevad,,,,"Västernorrlands län"
89440,Överhörnäs,,,,"Västernorrlands län"
89441,Överhörnäs,,,,"Västernorrlands län"
89491,Själevad,,,,"Västernorrlands län"
89493,Överhörnäs,,,,"Västernorrlands län"
89495,Moliden,,,,"Västernorrlands län"
89501,Bredbyn,,,,"Västernorrlands län"
89521,Bredbyn,,,,"Västernorrlands län"
89522,Bredbyn,,,,"Västernorrlands län"
89523,Bredbyn,,,,"Västernorrlands län"
89530,Bredbyn,,,,"Västernorrlands län"
89540,Mellansel,,,,"Västernorrlands län"
89580,Mellansel,,,,"Västernorrlands län"
89591,Bredbyn,,,,"Västernorrlands län"
89592,Bredbyn,,,,"Västernorrlands län"
89593,Bredbyn,,,,"Västernorrlands län"
89595,Mellansel,,,,"Västernorrlands län"
89597,Skorped,,,,"Västernorrlands län"
89598,Solberg,,,,"Västernorrlands län"
89621,Husum,,,,"Västernorrlands län"
89631,Husum,,,,"Västernorrlands län"
89632,Husum,,,,"Västernorrlands län"
89680,Husum,,,,"Västernorrlands län"
89691,Husum,,,,"Västernorrlands län"
89693,Gideå,,,,"Västernorrlands län"
89790,Björna,,,,"Västernorrlands län"
89791,Långviksmon,,,,"Västernorrlands län"
89792,Lemesjö,,,,"Västernorrlands län"
84120,Ånge,,,,"Västernorrlands län"
85002,Sundsvall,,,,"Västernorrlands län"
85011,Sundsvall,,,,"Västernorrlands län"
85108,Sundsvall,,,,"Västernorrlands län"
85111,Sundsvall,,,,"Västernorrlands län"
85800,Sundsvall,,,,"Västernorrlands län"
85810,Sundsvall,,,,"Västernorrlands län"
85820,Sundsvall,,,,"Västernorrlands län"
85830,Sundsvall,,,,"Västernorrlands län"
85840,Sundsvall,,,,"Västernorrlands län"
85900,Sundsvall,,,,"Västernorrlands län"
85901,Sundsvall,,,,"Västernorrlands län"
85902,Sundsvall,,,,"Västernorrlands län"
85903,Sundsvall,,,,"Västernorrlands län"
85904,Sundsvall,,,,"Västernorrlands län"
85905,Sundsvall,,,,"Västernorrlands län"
85906,Sundsvall,,,,"Västernorrlands län"
85907,Sundsvall,,,,"Västernorrlands län"
85908,Sundsvall,,,,"Västernorrlands län"
85909,Sundsvall,,,,"Västernorrlands län"
85910,Sundsvall,,,,"Västernorrlands län"
85911,Sundsvall,,,,"Västernorrlands län"
85912,Sundsvall,,,,"Västernorrlands län"
85913,Sundsvall,,,,"Västernorrlands län"
85914,Sundsvall,,,,"Västernorrlands län"
85915,Sundsvall,,,,"Västernorrlands län"
85916,Sundsvall,,,,"Västernorrlands län"
85917,Sundsvall,,,,"Västernorrlands län"
85918,Sundsvall,,,,"Västernorrlands län"
85919,Sundsvall,,,,"Västernorrlands län"
85920,Sundsvall,,,,"Västernorrlands län"
85921,Sundsvall,,,,"Västernorrlands län"
85922,Sundsvall,,,,"Västernorrlands län"
85923,Sundsvall,,,,"Västernorrlands län"
85924,Sundsvall,,,,"Västernorrlands län"
85925,Sundsvall,,,,"Västernorrlands län"
85926,Sundsvall,,,,"Västernorrlands län"
85927,Sundsvall,,,,"Västernorrlands län"
85928,Sundsvall,,,,"Västernorrlands län"
85929,Sundsvall,,,,"Västernorrlands län"
85930,Sundsvall,,,,"Västernorrlands län"
85931,Sundsvall,,,,"Västernorrlands län"
85932,Sundsvall,,,,"Västernorrlands län"
85933,Sundsvall,,,,"Västernorrlands län"
85934,Sundsvall,,,,"Västernorrlands län"
85935,Sundsvall,,,,"Västernorrlands län"
85936,Sundsvall,,,,"Västernorrlands län"
85937,Sundsvall,,,,"Västernorrlands län"
85938,Sundsvall,,,,"Västernorrlands län"
85939,Sundsvall,,,,"Västernorrlands län"
85940,Sundsvall,,,,"Västernorrlands län"
85941,Sundsvall,,,,"Västernorrlands län"
85942,Sundsvall,,,,"Västernorrlands län"
85943,Sundsvall,,,,"Västernorrlands län"
85944,Sundsvall,,,,"Västernorrlands län"
85945,Sundsvall,,,,"Västernorrlands län"
85946,Sundsvall,,,,"Västernorrlands län"
85947,Sundsvall,,,,"Västernorrlands län"
85948,Sundsvall,,,,"Västernorrlands län"
85949,Sundsvall,,,,"Västernorrlands län"
85950,Sundsvall,,,,"Västernorrlands län"
85951,Sundsvall,,,,"Västernorrlands län"
85952,Sundsvall,,,,"Västernorrlands län"
85953,Sundsvall,,,,"Västernorrlands län"
85954,Sundsvall,,,,"Västernorrlands län"
85955,Sundsvall,,,,"Västernorrlands län"
85956,Sundsvall,,,,"Västernorrlands län"
85957,Sundsvall,,,,"Västernorrlands län"
85958,Sundsvall,,,,"Västernorrlands län"
85959,Sundsvall,,,,"Västernorrlands län"
85960,Sundsvall,,,,"Västernorrlands län"
85961,Sundsvall,,,,"Västernorrlands län"
85962,Sundsvall,,,,"Västernorrlands län"
85963,Sundsvall,,,,"Västernorrlands län"
85964,Sundsvall,,,,"Västernorrlands län"
85965,Sundsvall,,,,"Västernorrlands län"
85966,Sundsvall,,,,"Västernorrlands län"
85967,Sundsvall,,,,"Västernorrlands län"
85968,Sundsvall,,,,"Västernorrlands län"
85969,Sundsvall,,,,"Västernorrlands län"
85970,Sundsvall,,,,"Västernorrlands län"
85971,Sundsvall,,,,"Västernorrlands län"
85972,Sundsvall,,,,"Västernorrlands län"
85973,Sundsvall,,,,"Västernorrlands län"
85974,Sundsvall,,,,"Västernorrlands län"
85975,Sundsvall,,,,"Västernorrlands län"
85976,Sundsvall,,,,"Västernorrlands län"
85977,Sundsvall,,,,"Västernorrlands län"
85978,Sundsvall,,,,"Västernorrlands län"
85979,Sundsvall,,,,"Västernorrlands län"
85980,Sundsvall,,,,"Västernorrlands län"
85981,Sundsvall,,,,"Västernorrlands län"
85982,Sundsvall,,,,"Västernorrlands län"
85983,Sundsvall,,,,"Västernorrlands län"
85984,Sundsvall,,,,"Västernorrlands län"
85986,Sundsvall,,,,"Västernorrlands län"
85987,Sundsvall,,,,"Västernorrlands län"
85988,Sundsvall,,,,"Västernorrlands län"
85989,Sundsvall,,,,"Västernorrlands län"
85990,Sundsvall,,,,"Västernorrlands län"
85991,Sundsvall,,,,"Västernorrlands län"
85992,Sundsvall,,,,"Västernorrlands län"
85993,Sundsvall,,,,"Västernorrlands län"
85994,Sundsvall,,,,"Västernorrlands län"
85995,Sundsvall,,,,"Västernorrlands län"
85996,Sundsvall,,,,"Västernorrlands län"
85997,Sundsvall,,,,"Västernorrlands län"
85998,Sundsvall,,,,"Västernorrlands län"
86120,Timrå,,,,"Västernorrlands län"
86220,Kvissleby,,,,"Västernorrlands län"
86301,Sundsvall,,,,"Västernorrlands län"
86320,Sundsbruk,,,,"Västernorrlands län"
86337,Sundsvall,,,,"Västernorrlands län"
86341,Sundsvall,,,,"Västernorrlands län"
86342,Sundsvall,,,,"Västernorrlands län"
86420,Matfors,,,,"Västernorrlands län"
86520,Alnö,,,,"Västernorrlands län"
87120,Härnösand,,,,"Västernorrlands län"
87220,Kramfors,,,,"Västernorrlands län"
87320,Bollstabruk,,,,"Västernorrlands län"
88120,Sollefteå,,,,"Västernorrlands län"
88184,Sollefteå,,,,"Västernorrlands län"
88201,Långsele,,,,"Västernorrlands län"
88220,Långsele,,,,"Västernorrlands län"
89115,Örnsköldsvik,,,,"Västernorrlands län"
89116,Örnsköldsvik,,,,"Västernorrlands län"
89139,Örnsköldsvik,,,,"Västernorrlands län"
89220,Domsjö,,,,"Västernorrlands län"
89320,Bjästa,,,,"Västernorrlands län"
89420,Själevad,,,,"Västernorrlands län"
89520,Bredbyn,,,,"Västernorrlands län"
84070,Hammarstrand,,,,"Jämtlands län"
84073,Bispgården,,,,"Jämtlands län"
84401,Hammarstrand,,,,"Jämtlands län"
84420,Hammarstrand,,,,"Jämtlands län"
84421,Hammarstrand,,,,"Jämtlands län"
84422,Bispgården,,,,"Jämtlands län"
84431,Hammarstrand,,,,"Jämtlands län"
84432,Hammarstrand,,,,"Jämtlands län"
84441,Bispgården,,,,"Jämtlands län"
84451,Stugun,,,,"Jämtlands län"
84491,Hammarstrand,,,,"Jämtlands län"
84492,Hammarstrand,,,,"Jämtlands län"
84493,Bispgården,,,,"Jämtlands län"
84494,Bispgården,,,,"Jämtlands län"
84495,Stugun,,,,"Jämtlands län"
84496,Stugun,,,,"Jämtlands län"
86041,Liden,,,,"Jämtlands län"
84013,Torpshammar,,,,"Jämtlands län"
84050,Gällö,,,,"Jämtlands län"
84058,Pilgrimstad,,,,"Jämtlands län"
84060,Bräcke,,,,"Jämtlands län"
84064,Kälarne,,,,"Jämtlands län"
84067,Sörbygden,,,,"Jämtlands län"
84175,Torpshammar,,,,"Jämtlands län"
84177,Torpshammar,,,,"Jämtlands län"
84301,Bräcke,,,,"Jämtlands län"
84320,Bräcke,,,,"Jämtlands län"
84321,Bräcke,,,,"Jämtlands län"
84331,Bräcke,,,,"Jämtlands län"
84332,Bräcke,,,,"Jämtlands län"
84341,Gällö,,,,"Jämtlands län"
84391,Bräcke,,,,"Jämtlands län"
84392,Bräcke,,,,"Jämtlands län"
84393,Bräcke,,,,"Jämtlands län"
84394,Gällö,,,,"Jämtlands län"
84395,Gällö,,,,"Jämtlands län"
84396,Gällö,,,,"Jämtlands län"
84397,Pilgrimstad,,,,"Jämtlands län"
84398,Sörbygden,,,,"Jämtlands län"
84423,Kälarne,,,,"Jämtlands län"
84461,Kälarne,,,,"Jämtlands län"
84497,Kälarne,,,,"Jämtlands län"
84498,Kälarne,,,,"Jämtlands län"
83043,Ås,,,,"Jämtlands län"
83044,Nälden,,,,"Jämtlands län"
83067,Valsjöbyn,,,,"Jämtlands län"
83501,Krokom,,,,"Jämtlands län"
83505,Nälden,,,,"Jämtlands län"
83521,Krokom,,,,"Jämtlands län"
83522,Krokom,,,,"Jämtlands län"
83531,Krokom,,,,"Jämtlands län"
83532,Krokom,,,,"Jämtlands län"
83533,Krokom,,,,"Jämtlands län"
83539,Nälden,,,,"Jämtlands län"
83540,Nälden,,,,"Jämtlands län"
83541,Dvärsätt,,,,"Jämtlands län"
83542,Krokom,,,,"Jämtlands län"
83567,Valsjöbyn,,,,"Jämtlands län"
83568,Munkflohögen,,,,"Jämtlands län"
83580,Krokom,,,,"Jämtlands län"
83591,Krokom,,,,"Jämtlands län"
83592,Krokom,,,,"Jämtlands län"
83593,Alsen,,,,"Jämtlands län"
83594,Aspås,,,,"Jämtlands län"
83595,Nälden,,,,"Jämtlands län"
83599,Krokom,,,,"Jämtlands län"
83671,Ås,,,,"Jämtlands län"
83694,Ås,,,,"Jämtlands län"
83695,Ås,,,,"Jämtlands län"
83070,Hammerdal,,,,"Jämtlands län"
83080,Hoting,,,,"Jämtlands län"
83086,Lidsjöberg,,,,"Jämtlands län"
83090,Gäddede,,,,"Jämtlands län"
83093,"Stora Blåsjön",,,,"Jämtlands län"
83301,Strömsund,,,,"Jämtlands län"
83302,Hammerdal,,,,"Jämtlands län"
83303,Hoting,,,,"Jämtlands län"
83304,Gäddede,,,,"Jämtlands län"
83321,Strömsund,,,,"Jämtlands län"
83322,Strömsund,,,,"Jämtlands län"
83323,Strömsund,,,,"Jämtlands län"
83324,Strömsund,,,,"Jämtlands län"
83326,Strömsund,,,,"Jämtlands län"
83331,Strömsund,,,,"Jämtlands län"
83332,Strömsund,,,,"Jämtlands län"
83333,Strömsund,,,,"Jämtlands län"
83334,Strömsund,,,,"Jämtlands län"
83335,Strömsund,,,,"Jämtlands län"
83336,Strömsund,,,,"Jämtlands län"
83341,Hammerdal,,,,"Jämtlands län"
83348,Hammerdal,,,,"Jämtlands län"
83349,Hammerdal,,,,"Jämtlands län"
83351,Hoting,,,,"Jämtlands län"
83359,Hoting,,,,"Jämtlands län"
83361,Gäddede,,,,"Jämtlands län"
83380,Strömsund,,,,"Jämtlands län"
83381,Strömsund,,,,"Jämtlands län"
83382,Strömsund,,,,"Jämtlands län"
83384,Strömsund,,,,"Jämtlands län"
83385,Strömsund,,,,"Jämtlands län"
83386,Strömsund,,,,"Jämtlands län"
83392,Strömsund,,,,"Jämtlands län"
83393,Strömsund,,,,"Jämtlands län"
83394,Strömsund,,,,"Jämtlands län"
83395,Strömsund,,,,"Jämtlands län"
83396,Strömsund,,,,"Jämtlands län"
83397,Lidsjöberg,,,,"Jämtlands län"
83398,Gäddede,,,,"Jämtlands län"
83399,"Stora Blåsjön",,,,"Jämtlands län"
88040,Ramsele,,,,"Jämtlands län"
88050,Backe,,,,"Jämtlands län"
88051,Rossön,,,,"Jämtlands län"
88303,Ramsele,,,,"Jämtlands län"
88305,Backe,,,,"Jämtlands län"
88370,Ramsele,,,,"Jämtlands län"
88372,Backe,,,,"Jämtlands län"
88392,Ramsele,,,,"Jämtlands län"
88393,Ramsele,,,,"Jämtlands län"
88394,Backe,,,,"Jämtlands län"
88395,Rossön,,,,"Jämtlands län"
83001,Hallen,,,,"Jämtlands län"
83002,Mattmar,,,,"Jämtlands län"
83004,Mörsil,,,,"Jämtlands län"
83005,Järpen,,,,"Jämtlands län"
83010,Undersåker,,,,"Jämtlands län"
83012,Vålådalen,,,,"Jämtlands län"
83013,Åre,,,,"Jämtlands län"
83015,Duved,,,,"Jämtlands län"
83019,Storlien,,,,"Jämtlands län"
83047,Trångsviken,,,,"Jämtlands län"
83051,Offerdal,,,,"Jämtlands län"
83596,Trångsviken,,,,"Jämtlands län"
83597,Offerdal,,,,"Jämtlands län"
83598,Offerdal,,,,"Jämtlands län"
83701,Järpen,,,,"Jämtlands län"
83720,Järpen,,,,"Jämtlands län"
83721,Mörsil,,,,"Jämtlands län"
83722,Järpen,,,,"Jämtlands län"
83723,Åre,,,,"Jämtlands län"
83724,Duved,,,,"Jämtlands län"
83725,Storlien,,,,"Jämtlands län"
83731,Järpen,,,,"Jämtlands län"
83732,Järpen,,,,"Jämtlands län"
83741,Mörsil,,,,"Jämtlands län"
83751,Åre,,,,"Jämtlands län"
83752,Åre,,,,"Jämtlands län"
83771,Duved,,,,"Jämtlands län"
83772,Duved,,,,"Jämtlands län"
83775,Vålådalen,,,,"Jämtlands län"
83791,Mattmar,,,,"Jämtlands län"
83792,Mörsil,,,,"Jämtlands län"
83793,Järpen,,,,"Jämtlands län"
83794,Järpen,,,,"Jämtlands län"
83795,Undersåker,,,,"Jämtlands län"
83796,Undersåker,,,,"Jämtlands län"
83797,Åre,,,,"Jämtlands län"
83798,Åre,,,,"Jämtlands län"
83799,Storlien,,,,"Jämtlands län"
83024,Oviken,,,,"Jämtlands län"
84024,Överturingen,,,,"Jämtlands län"
84030,Rätan,,,,"Jämtlands län"
84031,Åsarna,,,,"Jämtlands län"
84032,Klövsjö,,,,"Jämtlands län"
84034,"Storsjö Kapell",,,,"Jämtlands län"
84035,Ljungdalen,,,,"Jämtlands län"
84195,Överturingen,,,,"Jämtlands län"
84551,Åsarna,,,,"Jämtlands län"
84552,Åsarna,,,,"Jämtlands län"
84562,Stenstavik,,,,"Jämtlands län"
84571,Oviken,,,,"Jämtlands län"
84572,Oviken,,,,"Jämtlands län"
84573,Oviken,,,,"Jämtlands län"
84591,Hallen,,,,"Jämtlands län"
84593,Fäker,,,,"Jämtlands län"
84594,Hackås,,,,"Jämtlands län"
84595,Rätan,,,,"Jämtlands län"
84597,Klövsjö,,,,"Jämtlands län"
84598,"Storsjö Kapell",,,,"Jämtlands län"
84599,Ljungdalen,,,,"Jämtlands län"
82046,Ramsjö,,,,"Jämtlands län"
82775,Ramsjö,,,,"Jämtlands län"
82776,Ramsjö,,,,"Jämtlands län"
84080,Lillhärdal,,,,"Jämtlands län"
84085,Lofsdalen,,,,"Jämtlands län"
84090,Ytterhogdal,,,,"Jämtlands län"
84091,Vemhån,,,,"Jämtlands län"
84092,Vemdalen,,,,"Jämtlands län"
84093,Hede,,,,"Jämtlands län"
84094,Tännäs,,,,"Jämtlands län"
84095,Funäsdalen,,,,"Jämtlands län"
84096,Ljusnedal,,,,"Jämtlands län"
84097,Bruksvallarna,,,,"Jämtlands län"
84098,Tänndalen,,,,"Jämtlands län"
84201,Sveg,,,,"Jämtlands län"
84221,Sveg,,,,"Jämtlands län"
84222,Sveg,,,,"Jämtlands län"
84231,Sveg,,,,"Jämtlands län"
84232,Sveg,,,,"Jämtlands län"
84233,Sveg,,,,"Jämtlands län"
84234,Sveg,,,,"Jämtlands län"
84235,Sveg,,,,"Jämtlands län"
84271,Ytterhogdal,,,,"Jämtlands län"
84280,Sveg,,,,"Jämtlands län"
84290,Sveg,,,,"Jämtlands län"
84291,Sveg,,,,"Jämtlands län"
84292,Sveg,,,,"Jämtlands län"
84293,Sveg,,,,"Jämtlands län"
84294,Sveg,,,,"Jämtlands län"
84295,Lillhärdal,,,,"Jämtlands län"
84296,Lofsdalen,,,,"Jämtlands län"
84297,Ytterhogdal,,,,"Jämtlands län"
84299,Sveg,,,,"Jämtlands län"
84601,Hede,,,,"Jämtlands län"
84602,Vemdalen,,,,"Jämtlands län"
84603,Funäsdalen,,,,"Jämtlands län"
84620,Hede,,,,"Jämtlands län"
84621,Hede,,,,"Jämtlands län"
84631,Hede,,,,"Jämtlands län"
84671,Vemdalen,,,,"Jämtlands län"
84672,Funäsdalen,,,,"Jämtlands län"
84673,Funäsdalen,,,,"Jämtlands län"
84674,Funäsdalen,,,,"Jämtlands län"
84691,Hede,,,,"Jämtlands län"
84692,Hede,,,,"Jämtlands län"
84693,Vemhån,,,,"Jämtlands län"
84694,Vemdalen,,,,"Jämtlands län"
84695,Tännäs,,,,"Jämtlands län"
84696,Ljusnedal,,,,"Jämtlands län"
84697,Bruksvallarna,,,,"Jämtlands län"
84698,Tänndalen,,,,"Jämtlands län"
83021,Tandsbyn,,,,"Jämtlands län"
83022,Fåker,,,,"Jämtlands län"
83023,Hackås,,,,"Jämtlands län"
83030,Lit,,,,"Jämtlands län"
83060,Föllinge,,,,"Jämtlands län"
83076,Stugun,,,,"Jämtlands län"
83100,Östersund,,,,"Jämtlands län"
83101,Östersund,,,,"Jämtlands län"
83102,Östersund,,,,"Jämtlands län"
83103,Östersund,,,,"Jämtlands län"
83104,Östersund,,,,"Jämtlands län"
83105,Östersund,,,,"Jämtlands län"
83106,Östersund,,,,"Jämtlands län"
83107,Östersund,,,,"Jämtlands län"
83108,Östersund,,,,"Jämtlands län"
83109,Östersund,,,,"Jämtlands län"
83111,Östersund,,,,"Jämtlands län"
83117,Östersund,,,,"Jämtlands län"
83118,Östersund,,,,"Jämtlands län"
83121,Östersund,,,,"Jämtlands län"
83122,Östersund,,,,"Jämtlands län"
83123,Östersund,,,,"Jämtlands län"
83124,Östersund,,,,"Jämtlands län"
83125,Östersund,,,,"Jämtlands län"
83126,Östersund,,,,"Jämtlands län"
83127,Östersund,,,,"Jämtlands län"
83128,Östersund,,,,"Jämtlands län"
83130,Östersund,,,,"Jämtlands län"
83131,Östersund,,,,"Jämtlands län"
83133,Östersund,,,,"Jämtlands län"
83134,Östersund,,,,"Jämtlands län"
83135,Östersund,,,,"Jämtlands län"
83136,Östersund,,,,"Jämtlands län"
83137,Östersund,,,,"Jämtlands län"
83138,Östersund,,,,"Jämtlands län"
83139,ÖSTERSUND,,,,"Jämtlands län"
83140,Östersund,,,,"Jämtlands län"
83141,Östersund,,,,"Jämtlands län"
83142,Östersund,,,,"Jämtlands län"
83143,Östersund,,,,"Jämtlands län"
83144,Östersund,,,,"Jämtlands län"
83145,Östersund,,,,"Jämtlands län"
83146,Östersund,,,,"Jämtlands län"
83147,Östersund,,,,"Jämtlands län"
83148,Östersund,,,,"Jämtlands län"
83149,Östersund,,,,"Jämtlands län"
83150,Östersund,,,,"Jämtlands län"
83151,Östersund,,,,"Jämtlands län"
83152,Östersund,,,,"Jämtlands län"
83153,Östersund,,,,"Jämtlands län"
83154,Östersund,,,,"Jämtlands län"
83155,Östersund,,,,"Jämtlands län"
83156,Östersund,,,,"Jämtlands län"
83157,Östersund,,,,"Jämtlands län"
83158,Östersund,,,,"Jämtlands län"
83159,Östersund,,,,"Jämtlands län"
83160,Östersund,,,,"Jämtlands län"
83161,Östersund,,,,"Jämtlands län"
83162,Östersund,,,,"Jämtlands län"
83163,Östersund,,,,"Jämtlands län"
83164,ÖSTERSUND,,,,"Jämtlands län"
83165,Östersund,,,,"Jämtlands län"
83166,Östersund,,,,"Jämtlands län"
83170,Östersund,,,,"Jämtlands län"
83171,Östersund,,,,"Jämtlands län"
83172,Östersund,,,,"Jämtlands län"
83173,Östersund,,,,"Jämtlands län"
83174,Östersund,,,,"Jämtlands län"
83175,Östersund,,,,"Jämtlands län"
83176,Östersund,,,,"Jämtlands län"
83177,Östersund,,,,"Jämtlands län"
83178,Östersund,,,,"Jämtlands län"
83180,Östersund,,,,"Jämtlands län"
83181,Östersund,,,,"Jämtlands län"
83182,Östersund,,,,"Jämtlands län"
83183,Östersund,,,,"Jämtlands län"
83184,Östersund,,,,"Jämtlands län"
83185,Östersund,,,,"Jämtlands län"
83186,Östersund,,,,"Jämtlands län"
83187,Östersund,,,,"Jämtlands län"
83188,Östersund,,,,"Jämtlands län"
83189,Östersund,,,,"Jämtlands län"
83190,Östersund,,,,"Jämtlands län"
83191,Östersund,,,,"Jämtlands län"
83192,Östersund,,,,"Jämtlands län"
83195,Östersund,,,,"Jämtlands län"
83196,Östersund,,,,"Jämtlands län"
83197,Östersund,,,,"Jämtlands län"
83199,Östersund,,,,"Jämtlands län"
83201,Frösön,,,,"Jämtlands län"
83221,Frösön,,,,"Jämtlands län"
83223,Frösön,,,,"Jämtlands län"
83241,Frösön,,,,"Jämtlands län"
83242,Frösön,,,,"Jämtlands län"
83243,Frösön,,,,"Jämtlands län"
83244,Frösön,,,,"Jämtlands län"
83245,Frösön,,,,"Jämtlands län"
83246,Frösön,,,,"Jämtlands län"
83247,Frösön,,,,"Jämtlands län"
83248,Frösön,,,,"Jämtlands län"
83251,Frösön,,,,"Jämtlands län"
83253,Frösön,,,,"Jämtlands län"
83254,Frösön,,,,"Jämtlands län"
83255,Frösön,,,,"Jämtlands län"
83256,Frösön,,,,"Jämtlands län"
83280,Frösön,,,,"Jämtlands län"
83281,Frösön,,,,"Jämtlands län"
83282,Frösön,,,,"Jämtlands län"
83293,Frösön,,,,"Jämtlands län"
83294,Orrviken,,,,"Jämtlands län"
83296,Frösön,,,,"Jämtlands län"
83401,Brunflo,,,,"Jämtlands län"
83421,Brunflo,,,,"Jämtlands län"
83431,Brunflo,,,,"Jämtlands län"
83432,Brunflo,,,,"Jämtlands län"
83433,Brunflo,,,,"Jämtlands län"
83434,Brunflo,,,,"Jämtlands län"
83496,Brunflo,,,,"Jämtlands län"
83497,Brunflo,,,,"Jämtlands län"
83498,Brunflo,,,,"Jämtlands län"
83499,Tandsbyn,,,,"Jämtlands län"
83523,Föllinge,,,,"Jämtlands län"
83561,Föllinge,,,,"Jämtlands län"
83562,Föllinge,,,,"Jämtlands län"
83563,Föllinge,,,,"Jämtlands län"
83564,Föllinge,,,,"Jämtlands län"
83631,Lit,,,,"Jämtlands län"
83691,Lit,,,,"Jämtlands län"
83692,Lit,,,,"Jämtlands län"
83693,Häggenås,,,,"Jämtlands län"
83988,Östersund,,,,"Jämtlands län"
84040,Svenstavik,,,,"Jämtlands län"
84501,Svenstavik,,,,"Jämtlands län"
84520,Svenstavik,,,,"Jämtlands län"
84521,Svenstavik,,,,"Jämtlands län"
84531,Svenstavik,,,,"Jämtlands län"
84561,Svenstavik,,,,"Jämtlands län"
83119,Östersund,,,,"Jämtlands län"
83120,Östersund,,,,"Jämtlands län"
83129,Östersund,,,,"Jämtlands län"
83132,Östersund,,,,"Jämtlands län"
83200,Frösön,,,,"Jämtlands län"
83220,Frösön,,,,"Jämtlands län"
83317,Strömsund,,,,"Jämtlands län"
83318,Strömsund,,,,"Jämtlands län"
83319,Strömsund,,,,"Jämtlands län"
83320,Strömsund,,,,"Jämtlands län"
83327,Strömsund,,,,"Jämtlands län"
83383,Strömsund,,,,"Jämtlands län"
83387,Strömsund,,,,"Jämtlands län"
83420,Brunflo,,,,"Jämtlands län"
83520,Krokom,,,,"Jämtlands län"
83801,Frösön,,,,"Jämtlands län"
83820,Frösön,,,,"Jämtlands län"
83821,Frösön,,,,"Jämtlands län"
83826,Frösön,,,,"Jämtlands län"
83827,Frösön,,,,"Jämtlands län"
83871,Frösön,,,,"Jämtlands län"
83872,Frösön,,,,"Jämtlands län"
83873,Frösön,,,,"Jämtlands län"
83874,Frösön,,,,"Jämtlands län"
83875,Frösön,,,,"Jämtlands län"
83876,Frösön,,,,"Jämtlands län"
83877,Frösön,,,,"Jämtlands län"
83878,Frösön,,,,"Jämtlands län"
83879,Frösön,,,,"Jämtlands län"
83880,Hackås,,,,"Jämtlands län"
83881,Frösön,,,,"Jämtlands län"
83882,Frösön,,,,"Jämtlands län"
83883,Frösön,,,,"Jämtlands län"
83901,Östersund,,,,"Jämtlands län"
83902,Östersund,,,,"Jämtlands län"
83903,Östersund,,,,"Jämtlands län"
83904,Östersund,,,,"Jämtlands län"
83905,Östersund,,,,"Jämtlands län"
83906,Östersund,,,,"Jämtlands län"
83907,Östersund,,,,"Jämtlands län"
83908,Östersund,,,,"Jämtlands län"
83909,Östersund,,,,"Jämtlands län"
83910,Östersund,,,,"Jämtlands län"
83911,Östersund,,,,"Jämtlands län"
83912,Östersund,,,,"Jämtlands län"
83913,Östersund,,,,"Jämtlands län"
83914,Östersund,,,,"Jämtlands län"
83915,Östersund,,,,"Jämtlands län"
83916,Östersund,,,,"Jämtlands län"
83917,Östersund,,,,"Jämtlands län"
83918,Östersund,,,,"Jämtlands län"
83919,Östersund,,,,"Jämtlands län"
83920,Östersund,,,,"Jämtlands län"
83921,Östersund,,,,"Jämtlands län"
83922,Östersund,,,,"Jämtlands län"
83923,Östersund,,,,"Jämtlands län"
83924,Östersund,,,,"Jämtlands län"
83925,Östersund,,,,"Jämtlands län"
83926,Östersund,,,,"Jämtlands län"
83927,Östersund,,,,"Jämtlands län"
83928,Östersund,,,,"Jämtlands län"
83929,Östersund,,,,"Jämtlands län"
83930,Östersund,,,,"Jämtlands län"
83931,Östersund,,,,"Jämtlands län"
83932,Östersund,,,,"Jämtlands län"
83933,Östersund,,,,"Jämtlands län"
83934,Östersund,,,,"Jämtlands län"
83935,Östersund,,,,"Jämtlands län"
83936,Östersund,,,,"Jämtlands län"
83937,Östersund,,,,"Jämtlands län"
83938,Östersund,,,,"Jämtlands län"
83939,Östersund,,,,"Jämtlands län"
83940,Östersund,,,,"Jämtlands län"
83941,Östersund,,,,"Jämtlands län"
83942,Östersund,,,,"Jämtlands län"
83943,Östersund,,,,"Jämtlands län"
83944,Östersund,,,,"Jämtlands län"
83945,Östersund,,,,"Jämtlands län"
83946,Östersund,,,,"Jämtlands län"
83947,Östersund,,,,"Jämtlands län"
83948,Östersund,,,,"Jämtlands län"
83949,Östersund,,,,"Jämtlands län"
83950,Östersund,,,,"Jämtlands län"
83977,Östersund,,,,"Jämtlands län"
83980,Östersund,,,,"Jämtlands län"
83981,Östersund,,,,"Jämtlands län"
83983,Östersund,,,,"Jämtlands län"
83984,Östersund,,,,"Jämtlands län"
83985,Östersund,,,,"Jämtlands län"
83986,Östersund,,,,"Jämtlands län"
83987,Östersund,,,,"Jämtlands län"
83989,Östersund,,,,"Jämtlands län"
84220,Sveg,,,,"Jämtlands län"
12107,Stockholm-globen,,,,
12125,Stockholm-globen,,,,
14840,Segersäng,,,,
19505,Arlandastad,,,,
19560,Arlandastad,,,,
19561,Arlandastad,,,,
19565,Steningehöjden,,,,
19650,Arlandastad,,,,
23032,Malmö-Sturup,,,,
23371,Malmö-Sturup,,,,
27170,Nybrostrand,,,,
27171,Nybrostrand,,,,
62230,"Gotlands Tofta",,,,
62232,"Gotlands Tofta",,,,
62265,"Gotlands Tofta",,,,
62266,"Gotlands Tofta",,,,
62270,"Gotlands Tofta",,,,
